HOSTS ID,Insect Family,Insect Genus,Insect Species,Insect Subspecies,Insect Author,Hostplant Family,Hostplant Genus,Hostplant Species,Hostplant Subspecies/var,Location,Damage,Lab Rearing
99972,Pyralidae,Achyra,affinitalis,,Lederer,Detritophagous,,,,Australia,on cereals,
99973,Pyralidae,Achyra,affinitalis,,Lederer,Polyphagous,,,,Australia,on garden crops,
99974,Pyralidae,Achyra,affinitalis,,Lederer,Gramineae,,,,Australia,on grasses,
99975,Pyralidae,Achyra,affinitalis,,Lederer,Gramineae,,,,Australia,on pastures,
99976,Pyralidae,Achyra,affinitalis,,Lederer,Polyphagous,,,,Australia,on perennial herbs,
25707,Gracillariidae,Acrocercops,symploca,,Meyrick,Leguminosae,,,,Australia,in leaves,
125323,Tortricidae,Acropolitis,ergophora,,Meyrick,Polyphagous,,,,Australia,,
125328,Tortricidae,Acropolitis,rudisana,,Walker,Polyphagous,,,,Australia,,
44742,Lymantriidae,Acyphas,leucomelas,,Walker,Polyphagous,,,,Australia,,
53765,Noctuidae,Agrotis,munda,,Walker,Gramineae,,,,Australia,,
53836,Noctuidae,Agrotis,radians,,Guenée,Polyphagous,,,,Australia,on vegetable crops,
126332,Tortricidae,Anisogona,mediana,,Walker,Polyphagous,,,,Australia,,
13755,Geometridae,Anisozyga,pieroides,,Walker,Polyphagous,,,,Australia,,
173,Anthelidae,Anthela,denticulata,,Newman,Gramineae,,,,Australia,,
175,Anthelidae,Anthela,euryphrica,,Turner,Gramineae,,,,Australia,,
178,Anthelidae,Anthela,ferruginosa,,Walker,Gramineae,,,,Australia,,
185,Anthelidae,Anthela,ocellata,,Walker,Gramineae,,,,Australia,,
187,Anthelidae,Anthela,oressarcha,,Turner,Gramineae,,,,Australia,,
55550,Noctuidae,Apina,callisto,,Walker,Gramineae,,,,Australia,,
79144,Nymphalidae,Argynnina,hobartia,,Westwood,Gramineae,,,,Australia,,
56107,Noctuidae,Autoba,coccidiphaga,,Hampson,Insecta,,,,Australia,on coccids,
90123,Oecophoridae,Barea,consignatella,,Walker,Polyphagous,,,,Australia,on forest trees,
90124,Oecophoridae,Barea,consignatella,,Walker,Detritophagous,,,,Australia,on timbers,
56704,Noctuidae,Bathytricha,truncata,,Walker,Typhaceae,,,,Australia,on reeds,
101296,Pyralidae,Calamotropha,leptogrammella,,Meyrick,Gramineae,,,,Australia,,
101301,Pyralidae,Calamotropha,leptogrammella,,Meyrick,Gramineae,,,,Australia,on grasses,
57235,Noctuidae,Catoblemma,trigonographa,,Turner,Insecta,,,,Australia,on scale insects,
97642,Psychidae,Cebysa,leucoteles,,Walker,Lichenes,,,,Australia,,
30436,Hesperiidae,Cephrenes,augiades,,Felder,Palmae,,,,Australia,,
58101,Noctuidae,Chrysodeixis,argentifera,,Guenée,Polyphagous,,,,Australia,on herbs,
58256,Noctuidae,Chrysodeixis,chalcites,,Esper,Polyphagous,,,,Australia,on vegetable crops,
15083,Geometridae,Ciampa,arietaria,,Guenée,Leguminosae,,,,Australia,,
102036,Pyralidae,Conogethes,punctiferalis,,Guenée,Polyphagous,,,,Australia,on fruits,
102217,Pyralidae,Corynophora,torrentellus,,Meyrick,Gramineae,,,,Australia,,
90252,Oecophoridae,Cryptophasa,albacosta,,Lewin,Polyphagous,,,,Australia,on fruit trees,
90307,Oecophoridae,Cryptophasa,unipunctana,,Donovan,Polyphagous,,,,Australia,in orchard tree stems,
130300,Tortricidae,Cryptophlebia,illepida,,Butler,Polyphagous,,,,Australia,on stone fruits,
130522,Tortricidae,Cryptoptila,immersana,,Walker,Polyphagous,,,,Australia,on ornamental plants,
130523,Tortricidae,Cryptoptila,immersana,,Walker,Polyphagous,,,,Australia,on ornamentals/crops,
102575,Pyralidae,Culladia,cuneiferellus,,Walker,Gramineae,,,,Australia,,
130874,Tortricidae,Cydia,metallocosma,,Lower,Loranthaceae,,,,Australia,,
59116,Noctuidae,Dasygaster,hollandiae,,Guenée,Gramineae,,,,Australia,,
59119,Noctuidae,Dasygaster,hollandiae,,Guenée,Gramineae,,,,Australia,on cereals,
59120,Noctuidae,Dasygaster,padockina,,Le Guillou,Gramineae,,,,Australia,,
39836,Lycaenidae,Deudorix,diovis,,Hewitson,Proteaceae,,,,Australia,,
39837,Lycaenidae,Deudorix,diovis,,Hewitson,Sapindaceae,,,,Australia,,
36332,Limacodidae,Doratifera,casta,,Scott,Polyphagous,,,,Australia,on trees,
36338,Limacodidae,Doratifera,oxleyi,,Newman,Polyphagous,,,,Australia,on trees,
36344,Limacodidae,Doratifera,quadriguttata,,Walker,Polyphagous,,,,Australia,on trees,
36359,Limacodidae,Doratifera,vulnerans,,Lewin,Polyphagous,,,,Australia,on trees,
123451,Tineidae,Dryadaula,,,,Fungi,,,,Australia,,
16329,Geometridae,Ectropis,excursaria,,Guenée,Polyphagous,,,,Australia,,
76381,Notodontidae,Epicoma,melanosticta,,Donovan,Myrtaceae,,,,Australia,,
132597,Tortricidae,Epiphyas,mnemosynana,,Meyrick,Monimiaceae,,,,Australia,,
132598,Tortricidae,Epiphyas,mnemosynana,,Meyrick,Winteraceae,,,,Australia,,
132599,Tortricidae,Epiphyas,postvittana,,Walker,Polyphagous,,,,Australia,,
132682,Tortricidae,Epiphyas,postvittana,,Walker,Polyphagous,,,,Australia,on fruits,
132694,Tortricidae,Epiphyas,sp.,,,Compositae,,,,Australia,,
123622,Tineidae,Eudarcia,anaglypta,,Meyrick,Lichenes,,,,Australia,in case on,
60276,Noctuidae,Eudocima,materna,,Linnaeus,Polyphagous,,,,Australia,adult fruit feeding,
83262,Nymphalidae,Euploea,core,,Cramer,Asclepiadaceae,,,,Australia,,
83263,Nymphalidae,Euploea,core,,Cramer,Moraceae,,,,Australia,,
96274,Pieridae,Eurema,herla,,Macleay,Euphorbiaceae,,,,Australia,,
96275,Pieridae,Eurema,herla,,Macleay,Leguminosae,,,,Australia,,
96277,Pieridae,Eurema,herla,laeta,Boisduval,Euphorbiaceae,,,,Australia,,
96278,Pieridae,Eurema,herla,laeta,Boisduval,Leguminosae,,,,Australia,,
1675,Arctiidae,Eutane,terminalis,,Walker,Gramineae,,,,Australia,,
1676,Arctiidae,Eutane,terminalis,,Walker,Lichenes,,,,Australia,,
29704,Hepialidae,Fraus,simulans,,Walker,Gramineae,,,,Australia,,
29705,Hepialidae,Fraus,simulans,,Walker,Gramineae,,,,Australia,on pastures,
83877,Nymphalidae,Geitoneura,klugi,,Guérin-Méneville,Gramineae,,,,Australia,,
1802,Arctiidae,Halone,coryphaea?,,Turner,Lichenes,,,,Australia,,
1804,Arctiidae,Halone,sinuata?,,Wallengren,Lichenes,,,,Australia,,
104916,Pyralidae,Hednota,bivittella,,Donovan,Gramineae,,,,Australia,,
104918,Pyralidae,Hednota,crypsichroa,,Lower,Gramineae,,,,Australia,,
104922,Pyralidae,Hednota,longipalpella,,Meyrick,Gramineae,,,,Australia,,
104926,Pyralidae,Hednota,panteucha,,Meyrick,Gramineae,,,,Australia,,
104930,Pyralidae,Hednota,pedionoma,,Meyrick,Gramineae,,,,Australia,,
104934,Pyralidae,Hednota,pleniferella,,Walker,Gramineae,,,,Australia,,
105183,Pyralidae,Herpetogramma,licarsisalis,,Walker,Gramineae,,,,Australia,,
105198,Pyralidae,Herpetogramma,licarsisalis,,Walker,Gramineae,,,,Australia,on grasses,
2013,Arctiidae,Heterallactis,euchrysa,,Meyrick,Lichenes,,,,Australia,,
84284,Nymphalidae,Heteronympha,cordace,,Geyer,Gramineae,,,,Australia,,
84291,Nymphalidae,Heteronympha,mirifica,,Butler,Gramineae,,,,Australia,,
41056,Lycaenidae,Hypochrysops,polycletus,,Linnaeus,Malpighiaceae,,,,Australia,oviposition only,
134395,Tortricidae,Isotenes,miserana,,Walker,Polyphagous,,,,Australia,,
41528,Lycaenidae,Jamides,amarauge,,Druce,Leguminosae,,,,Australia,,
90731,Oecophoridae,Lichenaula,lichenea,,Meyrick,Lichenes,,,,Australia,,
6830,Cosmopterigidae,Limnaecia,,,,Fungi,,,,Australia,,
90743,Oecophoridae,Machaeritis,calligenes,,Meyrick,Lichenes,,,,Australia,on,
106067,Pyralidae,Mampava,rhodoneura,,Turner,Polyphagous,,,,Australia,on seed crops,
2774,Arctiidae,Manulea,replana,,Lewin,Lichenes,,,,Australia,,
106073,Pyralidae,Marasmia,venilialis,,Walker,Gramineae,,,,Australia,,
90866,Oecophoridae,Maroga,melanostigma,,Wallengren,Polyphagous,,,,Australia,on fruit trees,
106104,Pyralidae,Maruca,testulalis,,Geyer,Leguminosae,,,,Australia,,
134949,Tortricidae,Merophyas,divulsana,,Walker,Polyphagous,,,,Australia,on ornamentals/crops,
134951,Tortricidae,Merophyas,sp.,,,Compositae,,,,Australia,,
134952,Tortricidae,Merophyas,sp.,,,Leguminosae,,,,Australia,,
134953,Tortricidae,Merophyas,sp.,,,Rosaceae,,,,Australia,,
65736,Noctuidae,Metopiora,sanguinata,,Lucas,Gramineae,,,,Australia,,
65795,Noctuidae,Mocis,frugalis,,Fabricius,Gramineae,,,,Australia,,
65798,Noctuidae,Mocis,frugalis,,Fabricius,Leguminosae,,,,Australia,,
123709,Tineidae,Morophaga,clonodes,,Meyrick,Fungi,,,,Australia,,
66176,Noctuidae,Mythimna,convecta,,Walker,Gramineae,,,,Australia,,
98336,Psychidae,Narycia,basiferana,,Walker,Lichenes,,,,Australia,,
98337,Psychidae,Narycia,cataphracta,,Meyrick,Lichenes,,,,Australia,,
29770,Hepialidae,Oncopera,alboguttata,,Tindale,Gramineae,,,,Australia,on pastures,
29773,Hepialidae,Oncopera,brachyphylla,,Turner,Gramineae,,,,Australia,on pastures,
29775,Hepialidae,Oncopera,fasciculatus,,Walker,Gramineae,,,,Australia,on grasses,
29779,Hepialidae,Oncopera,intricata,,Walker,Polyphagous,,,,Australia,on field crops,
29780,Hepialidae,Oncopera,intricata,,Walker,Gramineae,,,,Australia,on grasses,
29782,Hepialidae,Oncopera,intricata,,Walker,Polyphagous,,,,Australia,on vegetable crops,
29783,Hepialidae,Oncopera,intricoides,,Tindale,Gramineae,,,,Australia,on pastures,
29784,Hepialidae,Oncopera,mitocera,,Turner,Gramineae,,,,Australia,,
29788,Hepialidae,Oncopera,mitocera,,Turner,Gramineae,,,,Australia,on grasses,
29789,Hepialidae,Oncopera,mitocera,,Turner,Gramineae,,,,Australia,on pastures,
29790,Hepialidae,Oncopera,rufobrunnea,,Tindale,Gramineae,,,,Australia,,
29791,Hepialidae,Oncopera,rufobrunnea,,Tindale,Gramineae,,,,Australia,on grasses,
29792,Hepialidae,Oncopera,rufobrunnea,,Tindale,Gramineae,,,,Australia,on pastures,
29793,Hepialidae,Oncopera,spp.,,,Gramineae,,,,Australia,,
29794,Hepialidae,Oncopera,spp.,,,Gramineae,,,,Australia,on grasses,
29795,Hepialidae,Oncopera,tindalei,,Common,Gramineae,,,,Australia,on pastures,
66694,Noctuidae,Ophiusa,disjungens,,Walker,Myrtaceae,,,,Australia,,
66700,Noctuidae,Ophiusa,parcemacula,,Lucas,Loranthaceae,,,,Australia,,
66704,Noctuidae,Ophiusa,tirhaca,,Cramer,Loranthaceae,,,,Australia,,
87278,Nymphalidae,Oreixenica,ptunarra,,Couchman,Gramineae,,,,Australia,,
47604,Lymantriidae,Orgyia,australis,,Walker,Polyphagous,,,,Australia,,
29796,Hepialidae,Oxycanus,antipoda,,Herrich-Schäffer,Gramineae,,,,Australia,,
29797,Hepialidae,Oxycanus,antipoda,,Herrich-Schäffer,Gramineae,,,,Australia,on pastures,
2953,Arctiidae,Palaeosia,bicosta,,Walker,Lichenes,,,,Australia,,
9395,Eupterotidae,Panacela,lewinae,,Lewin,Polyphagous,,,,Australia,on trees,
92564,Papilionidae,Papilio,anactus,,Macleay,Rutaceae,,,,Australia,,
68346,Noctuidae,Peripyra,sanguinipuncta,,Guenée,Gramineae,,,,Australia,,
68357,Noctuidae,Persectania,ewingii,,Westwood,Gramineae,,,,Australia,,
68365,Noctuidae,Persectania,ewingii,,Westwood,Detritophagous,,,,Australia,on cereals,
68369,Noctuidae,Persectania,ewingii,,Westwood,Gramineae,,,,Australia,on pastures,
91090,Oecophoridae,Philobota,chionoptera,,Meyrick,Gramineae,,,,Australia,,
91091,Oecophoridae,Philobota,diaereta,,Turner,Gramineae,,,,Australia,,
91092,Oecophoridae,Philobota,diaereta,,Turner,Gramineae,,,,Australia,on pastures,
91093,Oecophoridae,Philobota,physaula,,Meyrick,Gramineae,,,,Australia,,
91094,Oecophoridae,Philobota,productella,,Walker,Gramineae,,,,Australia,,
91095,Oecophoridae,Philobota,productella,,Walker,Gramineae,,,,Australia,on grasses,
91096,Oecophoridae,Philobota,productella,,Walker,Gramineae,,,,Australia,on pastures,
22592,Geometridae,Pholodes,sinistraria,,Guenée,Polyphagous,,,,Australia,,
96908,Pieridae,Pieris,rapae,,Linnaeus,Cruciferae,,,,Australia,,
42776,Lycaenidae,Pithecops,dionisius,,Boisduval,Leguminosae,,,,Australia,,
91105,Oecophoridae,Plectophila,choriodes,,Meyrick,Lichenes,,,,Australia,on,
140309,Zygaenidae,Pollanisus,subdolosa,,Walker,Dilleniaceae,,,,Australia,,
91132,Oecophoridae,Procometis,bisulcata,,Meyrick,Lichenes,,,,Australia,,
69063,Noctuidae,Pseudaletia,separata,,Walker,Gramineae,,,,Australia,,
69216,Noctuidae,Pseudaletia,unipuncta,,Haworth,Gramineae,,,,Australia,on cereals,
69221,Noctuidae,Pseudaletia,unipuncta,,Haworth,Gramineae,,,,Australia,on grasses,
213,Anthelidae,Pterolocera,amplicornis,,Walker,Gramineae,,,,Australia,on pastures,
215,Anthelidae,Pterolocera,spp.,,,Gramineae,,,,Australia,,
108614,Pyralidae,Ptochostola,microphaeellus,,Walker,Gramineae,,,,Australia,,
108615,Pyralidae,Ptochostola,microphaeellus,,Walker,Musci,,,,Australia,,
108619,Pyralidae,Ptochostola,microphaeellus,,Walker,Gramineae,,,,Australia,on grasses,
69745,Noctuidae,Rictonis,spp.,,,Gramineae,,,,Australia,,
109220,Pyralidae,Sclerobia,tritalis,,Walker,Gramineae,,,,Australia,,
109225,Pyralidae,Sclerobia,tritalis,,Walker,Gramineae,,,,Australia,on cereals,
3376,Arctiidae,Scoliacma,bicolora,,Boisduval,Lichenes,,,,Australia,,
109230,Pyralidae,Scoparia,protorthra,,Meyrick,Musci,,,,Australia,,
98827,Psychidae,Sentica,felderi,,Scott,Lichenes,,,,Australia,,
98828,Psychidae,Sentica,oppositella,,Walker,Lichenes,,,,Australia,,
70938,Noctuidae,Spodoptera,exempta,,Walker,Gramineae,,,,Australia,,
72048,Noctuidae,Spodoptera,mauritia,,Boisduval,Gramineae,,,,Australia,,
72095,Noctuidae,Spodoptera,mauritia,,Boisduval,Gramineae,,,,Australia,on grasses,
72333,Noctuidae,Spodoptera,umbraculata,,Walker,Gramineae,,,,Australia,on pastures,
109451,Pyralidae,Stericta,orchidivora,,Turner,Orchidaceae,,,,Australia,on orchid bulbs,
48804,Lymantriidae,Teia,anartoides,,Walker,Polyphagous,,,,Australia,on deciduous fruit trees,
48805,Lymantriidae,Teia,anartoides,,Walker,Polyphagous,,,,Australia,on forest trees,
48806,Lymantriidae,Teia,anartoides,,Walker,Polyphagous,,,,Australia,on fruit trees,
48807,Lymantriidae,Teia,anartoides,,Walker,Polyphagous,,,,Australia,on vegetables,
138579,Tortricidae,Tortrix,oriarcha,,Meyrick,Compositae,,,,Australia,,
75586,Nolidae,Uraba,lugens,,Walker,Polyphagous,,,,Australia,on fruit trees,
4271,Arctiidae,Xanthodule,semiochrea?,,Butler,Lichenes,,,,Australia,,
91694,Oecophoridae,Xylorycta,luteotactella,,Walker,Proteaceae,,,,Australia,,
44616,Lycaenidae,Zetona,delospila,,Waterhouse,Lauraceae,,,,Australia,,
74876,Nolidae,Earias,perhuegeli,,Holloway,Malvaceae,Abelmoschus,,,Australia,,
74895,Nolidae,Earias,vitella,,Fabricius,Malvaceae,Abelmoschus,,,Australia,,
51364,Noctuidae,Achaea,janata,,Linnaeus,Malvaceae,Abutilon,,,Australia,,
130141,Tortricidae,Crocidosema,plebejana,,Zeller,Malvaceae,Abutilon,,,Australia,,
74874,Nolidae,Earias,paralella,,Lucas,Malvaceae,Abutilon,,,Australia,,
74877,Nolidae,Earias,perhuegeli,,Holloway,Malvaceae,Abutilon,,,Australia,,
28934,Gracillariidae,Phyllonorycter,stephanota,,Meyrick,Malvaceae,Abutilon,,,Australia,,
51365,Noctuidae,Achaea,janata,,Linnaeus,Leguminosae (M),Acacia,,,Australia,,
25446,Gracillariidae,Acrocercops,eumetalla,,Meyrick,Leguminosae (M),Acacia,,,Australia,in galls,
25631,Gracillariidae,Acrocercops,plebeia,,Turner,Leguminosae (M),Acacia,,,Australia,,
25635,Gracillariidae,Acrocercops,plebeia,,Turner,Leguminosae (M),Acacia,,,Australia,on leaves,
44743,Lymantriidae,Acyphas,leucomelas,,Walker,Leguminosae (M),Acacia,,,Australia,,
29520,Hepialidae,Aenetus,ligniveren,,Lewin,Leguminosae (M),Acacia,,,Australia,,
75645,Notodontidae,Aglaosoma,variegata,,Walker,Leguminosae (M),Acacia,,,Australia,,
13459,Geometridae,Amelora,milvaria,,Guenée,Leguminosae (M),Acacia,,,Australia,,
9702,Gelechiidae,Anarsia,trichodeta,,Meyrick,Leguminosae (M),Acacia,,,Australia,,
13756,Geometridae,Anisozyga,pieroides,,Walker,Leguminosae (M),Acacia,,,Australia,,
172,Anthelidae,Anthela,asciscens,,Lucas,Leguminosae (M),Acacia,,,Australia,,
176,Anthelidae,Anthela,excellens,,Walker,Leguminosae (M),Acacia,,,Australia,,
179,Anthelidae,Anthela,guenei,,Newman,Leguminosae (M),Acacia,,,Australia,,
181,Anthelidae,Anthela,magnifica,,Lucas,Leguminosae (M),Acacia,,,Australia,,
182,Anthelidae,Anthela,nicothoe,,Boisduval,Leguminosae (M),Acacia,,,Australia,,
188,Anthelidae,Anthela,postica,,Walker,Leguminosae (M),Acacia,,,Australia,,
189,Anthelidae,Anthela,repleta,,Walker,Leguminosae (M),Acacia,,,Australia,,
194,Anthelidae,Anthela,xantharca,,Meyrick,Leguminosae (M),Acacia,,,Australia,,
35844,Limacodidae,Calcarifera,ordinata,,Butler,Leguminosae (M),Acacia,,,Australia,,
14660,Geometridae,Capusa,senilis,,Walker,Leguminosae (M),Acacia,,,Australia,,
35,Adelidae,Ceromitia,iolampra,,Turner,Leguminosae (M),Acacia,,,Australia,,
195,Anthelidae,Chelepteryx,chalepteryx,,Felder,Leguminosae (M),Acacia,,,Australia,,
198,Anthelidae,Chelepteryx,chalepteryx,,Felder,Leguminosae (M),Acacia,,,Australia,on leaves,
202,Anthelidae,Chenuala,heliaspis,,Meyrick,Leguminosae (M),Acacia,,,Australia,,
14983,Geometridae,Chloroclystis,approximata,,Walker,Leguminosae (M),Acacia,,,Australia,,
14997,Geometridae,Chloroclystis,destructata,,Walker,Leguminosae (M),Acacia,,,Australia,,
15029,Geometridae,Chloroclystis,testulata,,Guenée,Leguminosae (M),Acacia,,,Australia,,
15050,Geometridae,Chlorocoma,dichloraria,,Guenée,Leguminosae (M),Acacia,,,Australia,,
15051,Geometridae,Chlorocoma,dichloraria,,Guenée,Leguminosae (M),Acacia,,,Australia,on leaves,
6459,Cosmopterigidae,Cholotis,semnostola,,Meyrick,Leguminosae (M),Acacia,,,Australia,,
120176,Sphingidae,Coenotes,eremophilae,,Lucas,Leguminosae (M),Acacia,,,Australia,,
58719,Noctuidae,Crioa,emmelopis,,Turner,Leguminosae (M),Acacia,,,Australia,,
90286,Oecophoridae,Cryptophasa,rubescens,,Lewin,Leguminosae (M),Acacia,,,Australia,,
90294,Oecophoridae,Cryptophasa,setiotricha,,Meyrick,Leguminosae (M),Acacia,,,Australia,on,
90304,Oecophoridae,Cryptophasa,unipunctana,,Donovan,Leguminosae (M),Acacia,,,Australia,in branches/stems,
90308,Oecophoridae,Cryptophasa,unipunctana,,Donovan,Leguminosae (M),Acacia,,,Australia,on bark,
130311,Tortricidae,Cryptophlebia,ombrodelta,,Lower,Leguminosae (M),Acacia,,,Australia,,
59123,Noctuidae,Dasypodia,selenophora,,Guenée,Leguminosae (M),Acacia,,,Australia,,
59283,Noctuidae,Diatenes,aglossoides,,Guenée,Leguminosae (M),Acacia,,,Australia,,
33429,Lasiocampidae,Digglesia,australasiae,,Fabricius,Leguminosae (M),Acacia,,,Australia,,
59417,Noctuidae,Donuca,spectabilis,,Walker,Leguminosae (M),Acacia,,,Australia,,
16330,Geometridae,Ectropis,excursaria,,Guenée,Leguminosae (M),Acacia,,,Australia,,
90547,Oecophoridae,Epicurica,laetiferana,,Walker,Leguminosae (M),Acacia,,,Australia,,
132586,Tortricidae,Epiphyas,ashworthana,,Newman,Leguminosae (M),Acacia,,,Australia,,
132600,Tortricidae,Epiphyas,postvittana,,Walker,Leguminosae (M),Acacia,,,Australia,,
133068,Tortricidae,Eucosma,triangulana,,Meyrick,Leguminosae (M),Acacia,,,Australia,,
104663,Pyralidae,Gauna,,,,Leguminosae (M),Acacia,,,Australia,in galls,
104664,Pyralidae,Gauna,aegusalis,,Walker,Leguminosae (M),Acacia,,,Australia,in galls,
8945,Epermeniidae,Gnathifera,acacivorella,,Gaedike,Leguminosae (M),Acacia,,,Australia,,
18918,Geometridae,Gymnoscelis,lophopus,,Turner,Leguminosae (M),Acacia,,,Australia,,
98049,Psychidae,Hyalarcta,huebneri,,Westwood,Leguminosae (M),Acacia,,,Australia,on leaves,
6737,Cosmopterigidae,Labdia,,,,Leguminosae (M),Acacia,,,Australia,,
6773,Cosmopterigidae,Labdia,deliciosella,,Walker,Leguminosae (M),Acacia,,,Australia,,
90733,Oecophoridae,Lichenaula,undulatella,,Walker,Leguminosae (M),Acacia,,,Australia,,
11672,Gelechiidae,Macrenches,clerica,,Rosenstock,Leguminosae (M),Acacia,,,Australia,,
90814,Oecophoridae,Macrobathra,anemodes,,Meyrick,Leguminosae (M),Acacia,,,Australia,on,
90816,Oecophoridae,Macrobathra,bigerella,,Walker,Leguminosae (M),Acacia,,,Australia,,
90818,Oecophoridae,Macrobathra,chrysospila,,Meyrick,Leguminosae (M),Acacia,,,Australia,on,
90819,Oecophoridae,Macrobathra,chrysotoxa,,Meyrick,Leguminosae (M),Acacia,,,Australia,,
90836,Oecophoridae,Macrobathra,obliquata,,Lucas,Leguminosae (M),Acacia,,,Australia,,
90842,Oecophoridae,Macrobathra,puncticulata,,Turner,Leguminosae (M),Acacia,,,Australia,on,
90849,Oecophoridae,Maroga,melanostigma,,Wallengren,Leguminosae (M),Acacia,,,Australia,,
11708,Gelechiidae,Mesophleps,crocina,,Meyrick,Leguminosae (M),Acacia,,,Australia,,
21145,Geometridae,Microdes,squamulata,,Guenée,Leguminosae (M),Acacia,,,Australia,,
212,Anthelidae,Nataxa,flavescens,,Walker,Leguminosae (M),Acacia,,,Australia,,
56,Adelidae,Nemophora,topazias,,Meyrick,Leguminosae (M),Acacia,,,Australia,,
76962,Notodontidae,Neola,semiaurata,,Walker,Leguminosae (M),Acacia,,,Australia,,
76965,Notodontidae,Neola,semiaurata,,Walker,Leguminosae (M),Acacia,,,Australia,on leaves,
77174,Notodontidae,Ochrogaster,lunifer,,Herrich-Schäffer,Leguminosae (M),Acacia,,,Australia,,
91051,Oecophoridae,Oenochroa,homora,,Meyrick,Leguminosae (M),Acacia,,,Australia,on,
47605,Lymantriidae,Orgyia,australis,,Walker,Leguminosae (M),Acacia,,,Australia,,
9386,Eupterotidae,Panacela,lewinae,,Lewin,Leguminosae (M),Acacia,,,Australia,on leaves,
34830,Lasiocampidae,Pararguda,australasiae,,Fabricius,Leguminosae (M),Acacia,,,Australia,on leaves,
22189,Geometridae,Parathemis,lyciaria,,Guenée,Leguminosae (M),Acacia,,,Australia,,
22454,Geometridae,Phallaria,ophiusaria,,Guenée,Leguminosae (M),Acacia,,,Australia,,
22593,Geometridae,Pholodes,sinistraria,,Guenée,Leguminosae (M),Acacia,,,Australia,,
22603,Geometridae,Pholodes,sinistraria,,Guenée,Leguminosae (M),Acacia,,,Australia,on leaves,
22611,Geometridae,Phrissogonus,laticostata,,Walker,Leguminosae (M),Acacia,,,Australia,,
98666,Psychidae,Piestoceros,conjunctella,,Walker,Leguminosae (M),Acacia,,,Australia,in case on,
68908,Noctuidae,Praxis,edwardsii,,Guenée,Leguminosae (M),Acacia,,,Australia,,
214,Anthelidae,Pterolocera,isogama,,Turner,Leguminosae (M),Acacia,,,Australia,,
70587,Noctuidae,Speiredonia,mutabilis,,Fabricius,Leguminosae (M),Acacia,,,Australia,,
99806,Pterophoridae,Stangeia,xerodes,,Meyrick,Leguminosae (M),Acacia,,,Australia,,
91421,Oecophoridae,Stathmopoda,callichrysa,,Lower,Leguminosae (M),Acacia,,,Australia,in galls,
77988,Notodontidae,Teara,contraria,,Walker,Leguminosae (M),Acacia,,,Australia,on leaves,
48772,Lymantriidae,Teia,anartoides,,Walker,Leguminosae (M),Acacia,,,Australia,,
48808,Lymantriidae,Teia,athlophora,,Turner,Leguminosae (M),Acacia,,,Australia,,
24546,Geometridae,Thalaina,angulosa,,Walker,Leguminosae (M),Acacia,,,Australia,,
24548,Geometridae,Thalaina,clara,,Walker,Leguminosae (M),Acacia,,,Australia,,
24550,Geometridae,Thalaina,macfarlandi,,Wilson,Leguminosae (M),Acacia,,,Australia,,
91655,Oecophoridae,Tortricopsis,pyroptis,,Meyrick,Leguminosae (M),Acacia,,,Australia,,
7636,Cossidae,Trigonocyttara,clandestina,,Turner,Leguminosae (M),Acacia,,,Australia,,
110108,Pyralidae,Uresiphita,ornithopteralis,,Guenée,Leguminosae (M),Acacia,,,Australia,,
7718,Cossidae,Xyleutes,durvillei,,Herrich-Schäffer,Leguminosae (M),Acacia,,,Australia,,
7719,Cossidae,Xyleutes,encalypti,,Herrich-Schäffer,Leguminosae (M),Acacia,,,Australia,,
7724,Cossidae,Xyleutes,leucomochla?,,Turner,Leguminosae (M),Acacia,,,Australia,,
7728,Cossidae,Xyleutes,liturata,,Donovan,Leguminosae (M),Acacia,,,Australia,,
7729,Cossidae,Xyleutes,lituratus,,Donovan,Leguminosae (M),Acacia,,,Australia,,
91723,Oecophoridae,Zaphanaula,xenophila,,Meyrick,Leguminosae (M),Acacia,aulacocarpa,,Australia,,
132587,Tortricidae,Epiphyas,ashworthana,,Newman,Leguminosae (M),Acacia,baileyana,,Australia,,
88136,Nymphalidae,Polyura,sempronius,,Fabricius,Leguminosae (M),Acacia,baileyana,,Australia,,
90817,Oecophoridae,Macrobathra,ceraunobola,,Meyrick,Leguminosae (M),Acacia,binervia,,Australia,on,
41501,Lycaenidae,Jalmenus,evagoras,,Donovan,Leguminosae (M),Acacia,catechu,,Australia,on leaves,
90827,Oecophoridae,Macrobathra,myriophthalma,,Meyrick,Leguminosae (M),Acacia,complanata,,Australia,on,
90822,Oecophoridae,Macrobathra,diplochrysa,,Lower,Leguminosae (M),Acacia,concurrens,,Australia,on,
91082,Oecophoridae,Parocystola,leucospora,,Turner,Leguminosae (M),Acacia,concurrens,,Australia,on,
25415,Gracillariidae,Acrocercops,didymella,,Meyrick,Leguminosae (M),Acacia,cultriformis,,Australia,in phyllodes,
183,Anthelidae,Anthela,nicothoe,,Boisduval,Leguminosae (M),Acacia,dealbata,,Australia,on leaves,
88137,Nymphalidae,Polyura,sempronius,,Fabricius,Leguminosae (M),Acacia,dealbata,,Australia,,
6421,Cosmopterigidae,Ascalenia,exodroma,,Meyrick,Leguminosae (M),Acacia,decurrens,,Australia,on,
6439,Cosmopterigidae,Ascalenia,semnostola,,Meyrick,Leguminosae (M),Acacia,decurrens,,Australia,on,
90820,Oecophoridae,Macrobathra,chrysotoxa,,Meyrick,Leguminosae (M),Acacia,decurrens,,Australia,on,
90821,Oecophoridae,Macrobathra,desmotoma,,Meyrick,Leguminosae (M),Acacia,decurrens,,Australia,on,
90829,Oecophoridae,Macrobathra,nephelomorpha,,Meyrick,Leguminosae (M),Acacia,decurrens,,Australia,on,
88138,Nymphalidae,Polyura,sempronius,,Fabricius,Leguminosae (M),Acacia,decurrens,,Australia,,
7136,Cosmopterigidae,Pyroderces,pogonias,,Turner,Leguminosae (M),Acacia,decurrens,,Australia,on infested twig,
91422,Oecophoridae,Stathmopoda,chalcotypa,,Meyrick,Leguminosae (M),Acacia,decurrens,,Australia,in galls,
90826,Oecophoridae,Macrobathra,leucopeda,,Meyrick,Leguminosae (M),Acacia,discolor,,Australia,on,
9585,Gelechiidae,Anarsia,dryinopa,,Lower,Leguminosae (M),Acacia,dodonaeifolia,,Australia,on,
7238,Cosmopterigidae,Rhadinastis,microlychna,,Meyrick,Leguminosae (M),Acacia,linifolia,,Australia,in flower galls,
25294,Gracillariidae,Acrocercops,alysidota,,Meyrick,Leguminosae (M),Acacia,longifolia,,Australia,in phyllodes,
25416,Gracillariidae,Acrocercops,didymella,,Meyrick,Leguminosae (M),Acacia,longifolia,,Australia,in phyllodes,
90287,Oecophoridae,Cryptophasa,rubescens,,Lewin,Leguminosae (M),Acacia,longifolia,,Australia,,
27140,Gracillariidae,Epicephala,australis,,Turner,Leguminosae (M),Acacia,longifolia,,Australia,,
6774,Cosmopterigidae,Labdia,deliciosella,,Walker,Leguminosae (M),Acacia,longifolia,,Australia,in galls,
88139,Nymphalidae,Polyura,sempronius,,Fabricius,Leguminosae (M),Acacia,longifolia,,Australia,,
88140,Nymphalidae,Polyura,sempronius,,Fabricius,Leguminosae (M),Acacia,maidenii,,Australia,,
41505,Lycaenidae,Jalmenus,ictinus,,Hewitson,Leguminosae (M),Acacia,mearnsii,,Australia,on leaves,
88167,Nymphalidae,Polyura,sempronius,,Fabricius,Leguminosae (M),Acacia,mearnsii,,Australia,on leaves,
24549,Geometridae,Thalaina,clara,,Walker,Leguminosae (M),Acacia,mearnsii,,Australia,on leaves,
90815,Oecophoridae,Macrobathra,argonata,,Meyrick,Leguminosae (M),Acacia,myrtifolia,,Australia,on,
90841,Oecophoridae,Macrobathra,porphyrea,,Meyrick,Leguminosae (M),Acacia,myrtifolia,,Australia,on,
88141,Nymphalidae,Polyura,sempronius,,Fabricius,Leguminosae (M),Acacia,neriifolia,,Australia,,
27093,Gracillariidae,Cuphodes,profluens,,Meyrick,Leguminosae (M),Acacia,nilotica,indica,Australia,,
41506,Lycaenidae,Jalmenus,ictinus,,Hewitson,Leguminosae (M),Acacia,pendulum,,Australia,on leaves,
77989,Notodontidae,Teara,contraria,,Walker,Leguminosae (M),Acacia,pendulum,,Australia,on leaves,
90825,Oecophoridae,Macrobathra,lamprotypa,,Turner,Leguminosae (M),Acacia,penninervis,,Australia,on,
90848,Oecophoridae,Macrobathra,xuthocoma,,Meyrick,Leguminosae (M),Acacia,penninervis,,Australia,on,
25634,Gracillariidae,Acrocercops,plebeia,,Turner,Leguminosae (M),Acacia,podalyriafolia,,Australia,in leaves,
88142,Nymphalidae,Polyura,sempronius,,Fabricius,Leguminosae (M),Acacia,podalyriafolia,,Australia,,
25632,Gracillariidae,Acrocercops,plebeia,,Turner,Leguminosae (M),Acacia,podalyriifolia,,Australia,,
25633,Gracillariidae,Acrocercops,plebeia,,Turner,Leguminosae (M),Acacia,prominens,,Australia,,
90828,Oecophoridae,Macrobathra,myriophthalma,,Meyrick,Leguminosae (M),Acacia,pubescens,,Australia,on,
88143,Nymphalidae,Polyura,sempronius,,Fabricius,Leguminosae (M),Acacia,saligna,,Australia,,
88144,Nymphalidae,Polyura,sempronius,,Fabricius,Leguminosae (M),Acacia,spectabilis,,Australia,,
90847,Oecophoridae,Macrobathra,rhodospila,,Meyrick,Leguminosae (M),Acacia,suaveolens,,Australia,on,
51370,Noctuidae,Achaea,janata,,Linnaeus,Euphorbiaceae,Acalypha,,,Australia,,
57231,Noctuidae,Catoblemma,mesotaenia,,Turner,Insecta,Acanthococcus (Z),coriaceus,,Australia,,
5136,Carposinidae,Coscinoptycha,improbana,,Meyrick,Myrtaceae,Acca,,,Australia,,
29521,Hepialidae,Aenetus,ligniveren,,Lewin,Myrtaceae,Acmena,,,Australia,,
90002,Oecophoridae,Agriophara,horridula,,Meyrick,Myrtaceae,Acmena,,,Australia,,
130218,Tortricidae,Cryptaspasma,sordida,,Turner,Myrtaceae,Acmena,,,Australia,,
90281,Oecophoridae,Cryptophasa,pultenae,,Lower,Myrtaceae,Acmena,,,Australia,,
27241,Gracillariidae,Macarostola,formosa,,Stainton,Myrtaceae,Acmena,smithii,,Australia,,
25542,Gracillariidae,Acrocercops,macaria,,Turner,Rutaceae,Acronychia,,,Australia,,
10673,Gelechiidae,Dichomeris,capnites,,Meyrick,Rutaceae,Acronychia,,,Australia,,
130504,Tortricidae,Cryptoptila,immersana,,Walker,Pteridaceae,Acrostichum,,,Australia,,
74878,Nolidae,Earias,perhuegeli,,Holloway,Bombacaceae,Adansonia,,,Australia,,
130319,Tortricidae,Cryptophlebia,ombrodelta,,Lower,Leguminosae (M),Adenanthera,,,Australia,,
80078,Nymphalidae,Cethosia,cydippe,,Linnaeus,Passifloraceae,Adenia,heterophylla,,Australia,,
80087,Nymphalidae,Cethosia,penthesilea,,Cramer,Passifloraceae,Adenia,heterophylla,,Australia,,
78122,Nymphalidae,Acraea,andromacha,,Fabricius,Passifloraceae,Adenia,populifolia,,Australia,,
80079,Nymphalidae,Cethosia,cydippe,,Linnaeus,Passifloraceae,Adenia,populifolia,,Australia,,
89488,Nymphalidae,Vindula,arsinoe,,Cramer,Passifloraceae,Adenia,populifolia,,Australia,,
57084,Noctuidae,Callopistria,maillardi,,Guenée,Adiantaceae,Adiantum,,,Australia,,
106468,Pyralidae,Musotima,nitidalis,,Walker,Adiantaceae,Adiantum,,,Australia,,
106473,Pyralidae,Musotima,ochropteralis,,Guenée,Adiantaceae,Adiantum,,,Australia,,
134396,Tortricidae,Isotenes,miserana,,Walker,Myrsinaceae,Aegiceras,,,Australia,,
7519,Cossidae,Macrocyttara,expressa,,Lucas,Myrsinaceae,Aegiceras,,,Australia,,
47606,Lymantriidae,Orgyia,australis,,Walker,Myrsinaceae,Aegiceras,,,Australia,,
117461,Saturniidae,Syntherata,janetta,,White,Myrsinaceae,Aegiceras,,,Australia,,
42519,Lycaenidae,Nacaduba,kurava,,Moore,Myrsinaceae,Aegiceras,corniculatum,,Australia,on leaves,
91330,Oecophoridae,Scorpiopsis,pyrobola,,Meyrick,Myrsinaceae,Aegiceras,corniculatum,,Australia,on leaves,
59,Agathiphagidae,Agathiphaga,queenslandensis,,Dumbleton,Araucariaceae,Agathis,,,Australia,,
4482,Blastobasidae,Blastobasis,sarcophaga,,Meyrick,Araucariaceae,Agathis,,,Australia,,
47607,Lymantriidae,Orgyia,australis,,Walker,Araucariaceae,Agathis,,,Australia,,
60,Agathiphagidae,Agathiphaga,queenslandensis,,Dumbleton,Araucariaceae,Agathis,robusta,,Australia,in cones,
8986,Epipyropidae,Heteropsyche,poecilochroma,,Perkins,Araucariaceae,Agathis,robusta,,Australia,on nursery stock,
47614,Lymantriidae,Orgyia,australis,,Walker,Araucariaceae,Agathis,robusta,,Australia,on leaves,
29509,Hepialidae,Aenetus,dulcis,,Swinhoe,Myrtaceae,Agonis,,,Australia,,
27473,Gracillariidae,Parectopa,thalassias,,Meyrick,Myrtaceae,Agonis,,,Australia,in leaves,
120177,Sphingidae,Coenotes,eremophilae,,Lucas,Leguminosae (M),Albizia,,,Australia,,
33430,Lasiocampidae,Digglesia,australasiae,,Fabricius,Leguminosae (M),Albizia,,,Australia,,
76963,Notodontidae,Neola,semiaurata,,Walker,Leguminosae (M),Albizia,,,Australia,,
88145,Nymphalidae,Polyura,sempronius,,Fabricius,Leguminosae (M),Albizia,,,Australia,,
48773,Lymantriidae,Teia,anartoides,,Walker,Leguminosae (M),Albizia,,,Australia,,
96190,Pieridae,Eurema,hecabe,,Linnaeus,Leguminosae (M),Albizia,lebbeck,,Australia,on leaves,
88146,Nymphalidae,Polyura,sempronius,,Fabricius,Leguminosae (M),Albizia,lebbeck,,Australia,,
109637,Pyralidae,Tephris,glaucobasis,,Lower,Leguminosae (M),Albizia,procera,,Australia,on,
71590,Noctuidae,Spodoptera,litura,,Fabricius,Alliaceae,Allium,,,Australia,,
90240,Oecophoridae,Cryptophasa,aglaodes,,Lower,Casuarinaceae,Allocasuarina,verticillata,,Australia,on,
58783,Noctuidae,Cruria,donowani,,Boisduval,Araceae,Alocasia,,,Australia,,
120855,Sphingidae,Hippotion,celerio,,Linnaeus,Araceae,Alocasia,,,Australia,,
122948,Sphingidae,Theretra,nessus,,Drury,Araceae,Alocasia,,,Australia,,
122965,Sphingidae,Theretra,oldenlandiae,,Fabricius,Araceae,Alocasia,,,Australia,,
123055,Sphingidae,Theretra,tryoni,,Miskin,Araceae,Alocasia,,,Australia,,
58784,Noctuidae,Cruria,donowani,,Boisduval,Araceae,Alocasia,macrorrhizos,,Australia,,
29535,Hepialidae,Aenetus,mirabilis,,Rothschild,Rhamnaceae,Alphitonia,,,Australia,,
4706,Bucculatricidae,Bucculatrix,,,,Rhamnaceae,Alphitonia,,,Australia,,
118022,Sesiidae,Carmenta,chrysophanes,,Meyrick,Rhamnaceae,Alphitonia,,,Australia,,
14768,Geometridae,Casbia,rectaria,,Walker,Rhamnaceae,Alphitonia,,,Australia,,
48890,Lyonetiidae,Leucoptera,,,,Rhamnaceae,Alphitonia,,,Australia,,
116413,Saturniidae,Opodiphthera,astrophela,,Walker,Rhamnaceae,Alphitonia,,,Australia,,
101335,Pyralidae,Cardamyla,eurycroca,,Turner,Rhamnaceae,Alphitonia,excelsa,,Australia,on,
25582,Gracillariidae,Acrocercops,ordinatella,,Meyrick,Lauraceae,Alseodaphne,semecarpifolia,,Australia,in leaves,
120300,Sphingidae,Daphnis,placida,,Walker,Apocynaceae,Alstonia,,,Australia,,
110216,Pyralidae,Vogtia,malloi,,Pastrana,Amaranthaceae,Alternanthera,,,Australia,,
110218,Pyralidae,Vogtia,malloi,,Pastrana,Amaranthaceae,Alternanthera,philoxeroides,,Australia,,
130150,Tortricidae,Crocidosema,plebejana,,Zeller,Malvaceae,Althaea,,,Australia,,
74879,Nolidae,Earias,perhuegeli,,Holloway,Malvaceae,Alyogyne,,,Australia,,
107349,Pyralidae,Ostrinia,furnacalis,,Guenée,Amaranthaceae,Amaranthus,,,Australia,,
109297,Pyralidae,Spoladea,recurvalis,,Fabricius,Amaranthaceae,Amaranthus,,,Australia,,
132017,Tortricidae,Epiblema,strenuana,,Walker,Compositae,Ambrosia,artemisiifolia,,Australia,,
89411,Nymphalidae,Vanessa,kershawi,,McCoy,Compositae,Ammobium,alatum,,Australia,,
122967,Sphingidae,Theretra,oldenlandiae,,Fabricius,Vitaceae,Ampelocissus,,,Australia,,
58407,Noctuidae,Comocrus,behri,,Angas,Loranthaceae,Amyema,,,Australia,,
45842,Lymantriidae,Euproctis,edwardsii,,Newman,Loranthaceae,Amyema,,,Australia,,
33593,Lasiocampidae,Genduara,acedesta,,Turner,Loranthaceae,Amyema,,,Australia,,
33596,Lasiocampidae,Genduara,subnotata,,Turner,Loranthaceae,Amyema,,,Australia,,
62856,Noctuidae,Homodes,bracteigutta,,Walker,Loranthaceae,Amyema,,,Australia,,
116416,Saturniidae,Opodiphthera,engaea,,Turner,Loranthaceae,Amyema,,,Australia,,
116459,Saturniidae,Opodiphthera,loranthi,,Lucas,Loranthaceae,Amyema,,,Australia,,
91689,Oecophoridae,Xylorycta,heliomacula,,Lower,Loranthaceae,Amyema,,,Australia,,
68064,Noctuidae,Penicillaria,jocosatrix,,Guenée,Anacardiaceae,Anacardium,,,Australia,,
37368,Limacodidae,Scopelodes,nitens,,Bethune-Baker,Anacardiaceae,Anacardium,,,Australia,,
54775,Noctuidae,Anigraea,ochrobasis,,Hampson,Anacardiaceae,Anacardium,occidentale,,Australia,,
51375,Noctuidae,Achaea,janata,,Linnaeus,Euphorbiaceae,Andrachne,,,Australia,,
85301,Nymphalidae,Junonia,orithya,,Linnaeus,Scrophulariaceae,Angelonia,salicariifolia,,Australia,,
90009,Oecophoridae,Agriophara,spp.,,,Myrtaceae,Angophora,,,Australia,,
13752,Geometridae,Anisozyga,insperata,,Walker,Myrtaceae,Angophora,,,Australia,,
7478,Cossidae,Culama,spp.,,,Myrtaceae,Angophora,,,Australia,,
10732,Gelechiidae,Dichomeris,holomela,,Lower,Myrtaceae,Angophora,,,Australia,,
36329,Limacodidae,Doratifera,casta,,Scott,Myrtaceae,Angophora,,,Australia,,
36345,Limacodidae,Doratifera,vulnerans,,Lewin,Myrtaceae,Angophora,,,Australia,,
16676,Geometridae,Epidesmia,chilonaria,,Herrich-Schäffer,Myrtaceae,Angophora,,,Australia,,
33104,Hypertrophidae,Eupselia,spp.,,,Myrtaceae,Angophora,,,Australia,,
33106,Hypertrophidae,Hypertropha,tortriciformis,,Guenée,Myrtaceae,Angophora,,,Australia,,
19506,Geometridae,Hypodoxa,bryophylla,,Goldfinch,Myrtaceae,Angophora,,,Australia,,
21565,Geometridae,Niceteria,macrocosma,,Lower,Myrtaceae,Angophora,,,Australia,,
9379,Eupterotidae,Panacela,lewinae,,Lewin,Myrtaceae,Angophora,,,Australia,,
22594,Geometridae,Pholodes,sinistraria,,Guenée,Myrtaceae,Angophora,,,Australia,,
91672,Oecophoridae,Uzucha,humeralis,,Walker,Myrtaceae,Angophora,,,Australia,,
101910,Pyralidae,Conogethes,punctiferalis,,Guenée,Annonaceae,Annona,,,Australia,,
98035,Psychidae,Hyalarcta,huebneri,,Westwood,Annonaceae,Annona,,,Australia,,
85305,Nymphalidae,Junonia,orithya,,Linnaeus,Scrophulariaceae,Antirrhinum,,,Australia,,
85435,Nymphalidae,Junonia,villida,,Fabricius,Scrophulariaceae,Antirrhinum,,,Australia,,
134924,Tortricidae,Merophyas,divulsana,,Walker,Scrophulariaceae,Antirrhinum,,,Australia,,
87519,Nymphalidae,Phaedyma,shepherdi,,Moore,Ulmaceae,Aphananthe,philippinensis,,Australia,,
103821,Pyralidae,Endotricha,puncticostalis,,Walker,Leguminosae (P),Arachis,,,Australia,,
104024,Pyralidae,Etiella,behrii,,Zeller,Leguminosae (P),Arachis,,,Australia,,
71610,Noctuidae,Spodoptera,litura,,Fabricius,Leguminosae (P),Arachis,,,Australia,,
53832,Noctuidae,Agrotis,radians,,Guenée,Araucariaceae,Araucaria,,,Australia,on seedlings,
90642,Oecophoridae,Hieromantis,ephodophora,,Meyrick,Araucariaceae,Araucaria,,,Australia,,
133109,Tortricidae,Eulia,copiosana,,Walker,Araucariaceae,Araucaria,cunninghamii,,Australia,on leaves,
134421,Tortricidae,Isotenes,miserana,,Walker,Araucariaceae,Araucaria,cunninghamii,,Australia,on seedlings,
22604,Geometridae,Pholodes,sinistraria,,Guenée,Araucariaceae,Araucaria,cunninghamii,,Australia,on leaves,
138631,Tortricidae,Tracholena,dialeuca,,Common,Araucariaceae,Araucaria,cunninghamii,,Australia,,
79,Agonoxenidae,Agonoxena,phoenicia,,Bradley,Palmae,Archontophoenix,,,Australia,,
80,Agonoxenidae,Agonoxena,phoenicia,,Bradley,Palmae,Archontophoenix,alexandrae,,Australia,,
654,Arctiidae,Amsacta,marginata,,Donovan,Compositae,Arctotheca,,,Australia,,
55545,Noctuidae,Apina,callisto,,Angas,Compositae,Arctotheca,,,Australia,,
58302,Noctuidae,Chrysodeixis,subsidens,,Walker,Compositae,Arctotheca,,,Australia,,
15084,Geometridae,Ciampa,arietaria,,Guenée,Compositae,Arctotheca,,,Australia,,
59247,Noctuidae,Diarsia,intermixta,,Guenée,Compositae,Arctotheca,,,Australia,,
16331,Geometridae,Ectropis,excursaria,,Guenée,Compositae,Arctotheca,,,Australia,,
134925,Tortricidae,Merophyas,divulsana,,Walker,Compositae,Arctotheca,,,Australia,,
106765,Pyralidae,Nomophila,corticalis,,Walker,Compositae,Arctotheca,,,Australia,,
3459,Arctiidae,Spilosoma,glatignyi,,Le Guillou,Compositae,Arctotheca,,,Australia,,
5408,Choreutidae,Tebenna,micalis,,Mann,Compositae,Arctotheca,,,Australia,,
48774,Lymantriidae,Teia,anartoides,,Walker,Compositae,Arctotheca,,,Australia,,
89412,Nymphalidae,Vanessa,kershawi,,McCoy,Compositae,Arctotheca,,,Australia,,
5394,Choreutidae,Tebenna,bradleyi,,Clarke,Compositae,Arctotheca,calendula,,Australia,,
89413,Nymphalidae,Vanessa,kershawi,,McCoy,Compositae,Arctotheca,calendula,,Australia,,
4204,Arctiidae,Utetheisa,pectinata,,Hampson,Boraginaceae,Argusia,,,Australia,,
4253,Arctiidae,Utetheisa,pulchelloides,,Hampson,Boraginaceae,Argusia,,,Australia,,
92103,Papilionidae,Cressida,cressida,,Fabricius,Aristolochiaceae,Aristolochia,acuminata,,Australia,,Y
94305,Papilionidae,Parides,polydorus,,Linnaeus,Aristolochiaceae,Aristolochia,indica,,Australia,,
92105,Papilionidae,Cressida,cressida,,Fabricius,Aristolochiaceae,Aristolochia,pubera,,Australia,,
94307,Papilionidae,Parides,polydorus,,Linnaeus,Aristolochiaceae,Aristolochia,thozetii,,Australia,,
89414,Nymphalidae,Vanessa,kershawi,,McCoy,Compositae,Artemisia,,,Australia,,
83266,Nymphalidae,Euploea,core,,Cramer,Asclepiadaceae,Asclepias,,,Australia,,
53176,Noctuidae,Agrapha,albostriata,,Bremer & Grey,Compositae,Aster,,,Australia,,
75237,Nolidae,Nola,lechriopa,,Hampson,Epacridaceae,Astroloma,,,Australia,,
22930,Geometridae,Poecilasthena,pulchraria,,Doubleday,Epacridaceae,Astroloma,,,Australia,,
99396,Pterophoridae,Imbophorus,aptalis,,Walker,Araliaceae,Astrotricha,,,Australia,,
99397,Pterophoridae,Imbophorus,aptalis,,Walker,Araliaceae,Astrotricha,floccosa,,Australia,,
82326,Nymphalidae,Doleschallia,bisaltide,,Cramer,Acanthaceae,Asystasia,gangetica,,Australia,,
84464,Nymphalidae,Hypolimnas,alimena,,Linnaeus,Acanthaceae,Asystasia,gangetica,,Australia,,
84506,Nymphalidae,Hypolimnas,bolina,,Linnaeus,Acanthaceae,Asystasia,gangetica,,Australia,,
84628,Nymphalidae,Hypolimnas,misippus,,Linnaeus,Acanthaceae,Asystasia,gangetica,,Australia,,
85311,Nymphalidae,Junonia,orithya,,Linnaeus,Acanthaceae,Asystasia,gangetica,,Australia,,
85312,Nymphalidae,Junonia,orithya,,Linnaeus,Acanthaceae,Asystasia,scandens,,Australia,,
91085,Oecophoridae,Peritorneuta,circulatella,,Walker,Sapindaceae,Atalaya,,,Australia,,
92335,Papilionidae,Graphium,macleayanus,,Leach,Monimiaceae,Atherosperma,moschatum,,Australia,,
99960,Pyralidae,Achyra,affinitalis,,Lederer,Chenopodiaceae,Atriplex,,,Australia,,
382,Arctiidae,Amata,aperta,,Walker,Chenopodiaceae,Atriplex,,,Australia,,
130154,Tortricidae,Crocidosema,plebejana,,Zeller,Chenopodiaceae,Atriplex,,,Australia,,
87360,Nymphalidae,Pantoporia,consimilis,,Boisduval,Leguminosae (P),Austrosteenisia,blackii,,Australia,,
65802,Noctuidae,Mocis,frugalis,,Fabricius,Gramineae,Avena,,,Australia,,
66177,Noctuidae,Mythimna,convecta,,Walker,Gramineae,Avena,,,Australia,,
68358,Noctuidae,Persectania,ewingii,,Westwood,Gramineae,Avena,,,Australia,,
66325,Noctuidae,Neocleptria,punctifera,,Walker,Gramineae,Avena,sativa,,Australia,,
68359,Noctuidae,Persectania,ewingii,,Westwood,Gramineae,Avena,sativa,,Australia,,
108616,Pyralidae,Ptochostola,microphaeellus,,Walker,Gramineae,Avena,sativa,,Australia,,
124209,Tineodidae,Cenoloba,obliteralis,,Walker,Avicenniaceae,Avicennia,,,Australia,,
124210,Tineodidae,Cenoloba,obliteralis,,Walker,Avicenniaceae,Avicennia,marina,,Australia,on fruits,
9789,Gelechiidae,Aristotelia,,,,Compositae,Baccharis,,,Australia,,
9865,Gelechiidae,Aristotelia,sp.,,,Compositae,Baccharis,halimifolia,,Australia,,
134757,Tortricidae,Lorita,sp.,,,Compositae,Baccharis,halimifolia,,Australia,,
99493,Pterophoridae,Oidaematophorus,balanotes,,Meyrick,Compositae,Baccharis,halimifolia,,Australia,,
90516,Oecophoridae,Echiomima,mythica,,Meyrick,Myrtaceae,Backhousia,,,Australia,,
15886,Geometridae,Dichromodes,,,,Myrtaceae,Baeckea,,,Australia,,
25326,Gracillariidae,Acrocercops,autadelpha,,Meyrick,Proteaceae,Banksia,,,Australia,in leaves,
75646,Notodontidae,Aglaosoma,variegata,,Walker,Proteaceae,Banksia,,,Australia,,
128423,Tortricidae,Arotrophora,arcuatalis,,Walker,Proteaceae,Banksia,,,Australia,in flower spikes,
128426,Tortricidae,Arotrophora,ochraceella,,Walker,Proteaceae,Banksia,,,Australia,,
128428,Tortricidae,Arotrophora,siniocosma,,Turner,Proteaceae,Banksia,,,Australia,in flower spikes,
5095,Carposinidae,Carposina,hyperlopha,,Turner,Proteaceae,Banksia,,,Australia,,
5166,Carthaeidae,Carthaea,saturnioides,,Walker,Proteaceae,Banksia,,,Australia,,
90200,Oecophoridae,Chalarotona,intabescens,,Meyrick,Proteaceae,Banksia,,,Australia,,
120193,Sphingidae,Coequosa,triangularis,,Donovan,Proteaceae,Banksia,,,Australia,,
90241,Oecophoridae,Cryptophasa,albacosta,,Lewin,Proteaceae,Banksia,,,Australia,,
90256,Oecophoridae,Cryptophasa,cannea,,Lucas,Proteaceae,Banksia,,,Australia,on,
76017,Notodontidae,Danima,banksiae,,Lewin,Proteaceae,Banksia,,,Australia,,
90541,Oecophoridae,Enteremna,dolerastis,,Meyrick,Proteaceae,Banksia,,,Australia,,
90542,Oecophoridae,Enteremna,dolerastis,,Meyrick,Proteaceae,Banksia,,,Australia,on,
132603,Tortricidae,Epiphyas,postvittana,,Walker,Proteaceae,Banksia,,,Australia,,
132695,Tortricidae,Epiphyas,xylodes,,Meyrick,Proteaceae,Banksia,,,Australia,,
19512,Geometridae,Hypographa,epiodes,,Turner,Proteaceae,Banksia,,,Australia,,
110297,Roeslerstammiidae,Macarangela,leucochrysa,,Meyrick,Proteaceae,Banksia,,,Australia,,
36605,Limacodidae,Mecytha,fasciata,,Walker,Proteaceae,Banksia,,,Australia,,
21659,Geometridae,Oenochroma,vinaria,,Guenée,Proteaceae,Banksia,,,Australia,,
33201,Incurvariidae,Perthida,phauloptera,,Meyrick,Proteaceae,Banksia,,,Australia,,
33202,Incurvariidae,Perthida,vetula,,Meyrick,Proteaceae,Banksia,,,Australia,,
91320,Oecophoridae,Scieropepla,acrates,,Meyrick,Proteaceae,Banksia,,,Australia,,
91323,Oecophoridae,Scieropepla,reversella,,Walker,Proteaceae,Banksia,,,Australia,,
91325,Oecophoridae,Scieropepla,rimata,,Meyrick,Proteaceae,Banksia,,,Australia,,
49252,Lyonetiidae,Stegommata,sulfuratella,,Meyrick,Proteaceae,Banksia,,,Australia,,
91695,Oecophoridae,Xylorycta,luteotactella,,Walker,Proteaceae,Banksia,,,Australia,,
91707,Oecophoridae,Xylorycta,luteotactella,,Walker,Proteaceae,Banksia,,,Australia,on,
91717,Oecophoridae,Xylorycta,strigata,,Lewin,Proteaceae,Banksia,,,Australia,,
90265,Oecophoridae,Cryptophasa,flavolineata,,Walker,Proteaceae,Banksia,integrifolia,,Australia,on,
90297,Oecophoridae,Cryptophasa,spilonota,,Scott,Proteaceae,Banksia,integrifolia,,Australia,on,
91797,Palaephatidae,Ptyssoptera,vetula,,Meyrick,Proteaceae,Banksia,integrifolia,,Australia,in leaves,
49253,Lyonetiidae,Stegommata,sulfuratella,,Meyrick,Proteaceae,Banksia,integrifolia,,Australia,in leaves,
91555,Oecophoridae,Telecrates,parabolella,,Walker,Proteaceae,Banksia,marginata,,Australia,in seeds,
91681,Oecophoridae,Xylorycta,agana,,Meyrick,Proteaceae,Banksia,marginata,,Australia,on,
128424,Tortricidae,Arotrophora,canthelias,,Meyrick,Proteaceae,Banksia,paludosa,,Australia,,
128427,Tortricidae,Arotrophora,siniocosma,,Turner,Proteaceae,Banksia,paludosa,,Australia,,
90298,Oecophoridae,Cryptophasa,spilonota,,Scott,Proteaceae,Banksia,serrata,,Australia,on,
91793,Palaephatidae,Ptyssoptera,phauloptera,,Meyrick,Proteaceae,Banksia,serrata,,Australia,in leaves,
128425,Tortricidae,Arotrophora,canthelias,,Meyrick,Proteaceae,Banksia,spinulosa,,Australia,,
134926,Tortricidae,Merophyas,divulsana,,Walker,Chenopodiaceae,Bassia,,,Australia,,
7649,Cossidae,Xyleutes,amphiplecta,,Turner,Chenopodiaceae,Bassia,,,Australia,,
134927,Tortricidae,Merophyas,divulsana,,Walker,Chenopodiaceae,Bassia,quinquecuspis,,Australia,,
51378,Noctuidae,Achaea,janata,,Linnaeus,Leguminosae (C),Bauhinia,,,Australia,,
130326,Tortricidae,Cryptophlebia,ombrodelta,,Lower,Leguminosae (C),Bauhinia,,,Australia,,
47222,Lymantriidae,Olene,mendosa,,Hübner,Leguminosae (C),Bauhinia,,,Australia,,
45162,Lymantriidae,Chionophasma,lutea,,Fabricius,Begoniaceae,Begonia,,,Australia,,
14998,Geometridae,Chloroclystis,destructata,,Walker,Euphorbiaceae,Bertya,,,Australia,,
53461,Noctuidae,Agrotis,infusa,,Boisduval,Chenopodiaceae,Beta,,,Australia,,
53811,Noctuidae,Agrotis,porphyricollis,,Guenée,Chenopodiaceae,Beta,,,Australia,,
58088,Noctuidae,Chrysodeixis,argentifera,,Guenée,Chenopodiaceae,Beta,,,Australia,,
59248,Noctuidae,Diarsia,intermixta,,Guenée,Chenopodiaceae,Beta,,,Australia,,
66378,Noctuidae,Neumichtis,saliaris,,Guenée,Chenopodiaceae,Beta,,,Australia,,
71622,Noctuidae,Spodoptera,litura,,Fabricius,Chenopodiaceae,Beta,,,Australia,,
109314,Pyralidae,Spoladea,recurvalis,,Fabricius,Chenopodiaceae,Beta,,,Australia,,
72684,Noctuidae,Syntheta,nigerrima,,Guenée,Chenopodiaceae,Beta,,,Australia,,
116418,Saturniidae,Opodiphthera,eucalypti,,Scott,Betulaceae,Betula,,,Australia,,
116454,Saturniidae,Opodiphthera,helena,,White,Betulaceae,Betula,,,Australia,,
106293,Pyralidae,Meroptera,pravella,,Grote,Betulaceae,Betula,papyrifera,,Australia,,
58785,Noctuidae,Cruria,donowani,,Boisduval,Nyctaginaceae,Boerhavia,,,Australia,,
120865,Sphingidae,Hippotion,celerio,,Linnaeus,Nyctaginaceae,Boerhavia,,,Australia,,
121126,Sphingidae,Hyles,lineata,,Fabricius,Nyctaginaceae,Boerhavia,,,Australia,,
87520,Nymphalidae,Phaedyma,shepherdi,,Moore,Bombacaceae,Bombax,ceiba,,Australia,,
132604,Tortricidae,Epiphyas,postvittana,,Walker,Rutaceae,Boronia,,,Australia,,
130505,Tortricidae,Cryptoptila,immersana,,Walker,Boweniaceae,Bowenia,,,Australia,,
70943,Noctuidae,Spodoptera,exempta,,Walker,Gramineae,Brachiaria,,,Australia,,
71627,Noctuidae,Spodoptera,litura,,Fabricius,Gramineae,Brachiaria,,,Australia,,
57959,Noctuidae,Chasmina,pulchra,,Walker,Sterculiaceae,Brachychiton,,,Australia,,
101912,Pyralidae,Conogethes,punctiferalis,,Guenée,Sterculiaceae,Brachychiton,,,Australia,,
106019,Pyralidae,Lygropia,clytusalis,,Walker,Sterculiaceae,Brachychiton,,,Australia,,
91638,Oecophoridae,Tonica,effractella,,Snellen,Sterculiaceae,Brachychiton,,,Australia,,
73564,Noctuidae,Xanthodes,congenita,,Hampson,Sterculiaceae,Brachychiton,,,Australia,,
87521,Nymphalidae,Phaedyma,shepherdi,,Moore,Sterculiaceae,Brachychiton,acerifolius,,Australia,,
88147,Nymphalidae,Polyura,sempronius,,Fabricius,Sterculiaceae,Brachychiton,acerifolius,,Australia,,
88148,Nymphalidae,Polyura,sempronius,,Fabricius,Sterculiaceae,Brachychiton,discolor,,Australia,,
88149,Nymphalidae,Polyura,sempronius,,Fabricius,Sterculiaceae,Brachychiton,populneum,,Australia,,
106020,Pyralidae,Lygropia,clytusalis,,Walker,Sterculiaceae,Brachychiton,populneus,,Australia,,
97756,Psychidae,Ctenocompa,baliodes,,Meyrick,Epacridaceae,Brachyloma,,,Australia,,
98139,Psychidae,Lepidoscia,arctiella,,Walker,Epacridaceae,Brachyloma,,,Australia,,
5165,Carposinidae,Paramorpha,rhachias,,Meyrick,Epacridaceae,Brachyloma,,,Australia,,
22931,Geometridae,Poecilasthena,pulchraria,,Doubleday,Epacridaceae,Brachyloma,,,Australia,,
110305,Roeslerstammiidae,Thereutis,,,,Epacridaceae,Brachyloma,,,Australia,,
83878,Nymphalidae,Geitoneura,klugi,,Guérin-Méneville,Gramineae,Brachypodium,distachyon,,Australia,,
84287,Nymphalidae,Heteronympha,merope,,Fabricius,Gramineae,Brachypodium,distachyon,,Australia,,
35845,Limacodidae,Calcarifera,ordinata,,Butler,Leguminosae (P),Brachysema,,,Australia,,
48809,Lymantriidae,Teia,athlophora,,Turner,Leguminosae (P),Brachysema,,,Australia,,
53462,Noctuidae,Agrotis,infusa,,Boisduval,Cruciferae,Brassica,,,Australia,,
53472,Noctuidae,Agrotis,infusa,,Boisduval,Cruciferae,Brassica,,,Australia,on leaves,
53513,Noctuidae,Agrotis,ipsilon,,Hufnagel,Cruciferae,Brassica,,,Australia,,
58303,Noctuidae,Chrysodeixis,subsidens,,Walker,Cruciferae,Brassica,,,Australia,,
102264,Pyralidae,Crocidolomia,pavonana,,Fabricius,Cruciferae,Brassica,,,Australia,,
59249,Noctuidae,Diarsia,intermixta,,Guenée,Cruciferae,Brassica,,,Australia,,
132605,Tortricidae,Epiphyas,postvittana,,Walker,Cruciferae,Brassica,,,Australia,,
61822,Noctuidae,Helicoverpa,armigera,,Hübner,Cruciferae,Brassica,,,Australia,,
62573,Noctuidae,Heliothis,punctigera,,Wallengren,Cruciferae,Brassica,,,Australia,,
104939,Pyralidae,Hellula,hydralis,,Guenée,Cruciferae,Brassica,,,Australia,,
104977,Pyralidae,Hellula,undalis,,Fabricius,Cruciferae,Brassica,,,Australia,,
139439,Yponomeutidae,Leuroperna,sera,,Meyrick,Cruciferae,Brassica,,,Australia,,
66379,Noctuidae,Neumichtis,saliaris,,Guenée,Cruciferae,Brassica,,,Australia,,
139546,Yponomeutidae,Plutella,xylostella,,Linnaeus,Cruciferae,Brassica,,,Australia,,
71628,Noctuidae,Spodoptera,litura,,Fabricius,Cruciferae,Brassica,,,Australia,,
72685,Noctuidae,Syntheta,nigerrima,,Guenée,Cruciferae,Brassica,,,Australia,,
48775,Lymantriidae,Teia,anartoides,,Walker,Cruciferae,Brassica,,,Australia,,
53463,Noctuidae,Agrotis,infusa,,Boisduval,Cruciferae,Brassica,oleracea,,Australia,,
59531,Noctuidae,Dysgonia,frontina,,Donovan,Euphorbiaceae,Breynia,,,Australia,,
59568,Noctuidae,Dysgonia,solomonensis,,Hampson,Euphorbiaceae,Breynia,,,Australia,,
27825,Gracillariidae,Phyllocnistis,diaugella,,Meyrick,Euphorbiaceae,Breynia,,,Australia,,
96195,Pieridae,Eurema,hecabe,,Linnaeus,Euphorbiaceae,Breynia,cernua,,Australia,on leaves,
96196,Pieridae,Eurema,hecabe,,Linnaeus,Euphorbiaceae,Breynia,disticha,,Australia,on leaves,
96199,Pieridae,Eurema,hecabe,,Linnaeus,Euphorbiaceae,Breynia,oblongifolia,,Australia,on leaves,
8651,Elachistidae,Cosmiotes,synethes,,Meyrick,Gramineae,Bromus,,,Australia,,
130420,Tortricidae,Cryptophlebia,ombrodelta,,Lower,Rhizophoraceae,Bruguiera,cylindrica,,Australia,on leaves,
46927,Lymantriidae,Lymantria,lunata,,Stoll,Anacardiaceae,Buchanania,,,Australia,,
85316,Nymphalidae,Junonia,orithya,,Linnaeus,Scrophulariaceae,Buchnera,linearis,,Australia,,
130334,Tortricidae,Cryptophlebia,ombrodelta,,Lower,Proteaceae,Buckinghamia,,,Australia,,
16332,Geometridae,Ectropis,excursaria,,Guenée,Pittosporaceae,Bursaria,,,Australia,,
8915,Epermeniidae,Epermenia,exilis,,Meyrick,Pittosporaceae,Bursaria,,,Australia,,
132608,Tortricidae,Epiphyas,postvittana,,Walker,Pittosporaceae,Bursaria,,,Australia,,
132696,Tortricidae,Epiphyas,xylodes,,Meyrick,Pittosporaceae,Bursaria,,,Australia,,
55,Adelidae,Nemophora,sparsella,,Walker,Pittosporaceae,Bursaria,,,Australia,,
136859,Tortricidae,Proselena,annosana,,Meyrick,Pittosporaceae,Bursaria,,,Australia,,
136860,Tortricidae,Proselena,tenella,,Meyrick,Pittosporaceae,Bursaria,spinosa,,Australia,on leaves,
130335,Tortricidae,Cryptophlebia,ombrodelta,,Lower,Leguminosae (C),Caesalpinia,,,Australia,,
3432,Arctiidae,Spilosoma,canescens,,Butler,Leguminosae (C),Caesalpinia,,,Australia,,
88150,Nymphalidae,Polyura,sempronius,,Fabricius,Leguminosae (C),Caesalpinia,ferrea,,Australia,,
88151,Nymphalidae,Polyura,sempronius,,Fabricius,Leguminosae (C),Caesalpinia,gilliesii,,Australia,,
106110,Pyralidae,Maruca,testulalis,,Geyer,Leguminosae (P),Cajanus,,,Australia,,
4668,Brachodidae,Miscera,poecilota,,Turner,Palmae,Calamus,australis,,Australia,in fruits,
82533,Nymphalidae,Elymnias,agondas,,Boisduval,Palmae,Calamus,caryotoides,,Australia,,
62574,Noctuidae,Heliothis,punctigera,,Wallengren,Compositae,Calendula,,,Australia,,
71657,Noctuidae,Spodoptera,litura,,Fabricius,Compositae,Calendula,,,Australia,,
29547,Hepialidae,Aenetus,splendens,,Scott,Cunoniaceae,Callicoma,,,Australia,,
90242,Oecophoridae,Cryptophasa,albacosta,,Lewin,Cunoniaceae,Callicoma,,,Australia,,
116414,Saturniidae,Opodiphthera,astrophela,,Walker,Cunoniaceae,Callicoma,,,Australia,,
29522,Hepialidae,Aenetus,ligniveren,,Lewin,Myrtaceae,Callistemon,,,Australia,,
128569,Tortricidae,Bathrotoma,constrictana,,Meyrick,Myrtaceae,Callistemon,,,Australia,,
97686,Psychidae,Clania,tenuis,,Rosenstock,Myrtaceae,Callistemon,,,Australia,,
15369,Geometridae,Cleora,repetita,,Butler,Myrtaceae,Callistemon,,,Australia,,
90259,Oecophoridae,Cryptophasa,enchidias,,Meyrick,Myrtaceae,Callistemon,,,Australia,on,
90275,Oecophoridae,Cryptophasa,nubila,,Lucas,Myrtaceae,Callistemon,,,Australia,on,
16677,Geometridae,Epidesmia,chilonaria,,Herrich-Schäffer,Myrtaceae,Callistemon,,,Australia,,
29481,Heliozelidae,Heliozela,,,,Myrtaceae,Callistemon,,,Australia,,
98036,Psychidae,Hyalarcta,huebneri,,Westwood,Myrtaceae,Callistemon,,,Australia,,
20621,Geometridae,Lophosigna,catasticta,,Turner,Myrtaceae,Callistemon,,,Australia,,
90823,Oecophoridae,Macrobathra,embroneta,,Turner,Myrtaceae,Callistemon,,,Australia,on,
68046,Noctuidae,Pataeta,carbo,,Guenée,Myrtaceae,Callistemon,,,Australia,,
50123,Nepticulidae,Pectinivalva,,,,Myrtaceae,Callistemon,,,Australia,,
34957,Lasiocampidae,Pinara,fervens,,Walker,Myrtaceae,Callistemon,,,Australia,,
46207,Lymantriidae,Euproctis,sp. E,,,Myrtaceae,Callistemon,viminalis,,Australia,on flowers/leaves,
98037,Psychidae,Hyalarcta,huebneri,,Westwood,Cupressaceae,Callitris,,,Australia,,
98050,Psychidae,Hyalarcta,huebneri,,Westwood,Cupressaceae,Callitris,,,Australia,on leaves,
65741,Noctuidae,Meyrickella,torquesauria,,Lucas,Cupressaceae,Callitris,,,Australia,,
138637,Tortricidae,Tracholena,sulfurosa,,Meyrick,Cupressaceae,Callitris,,,Australia,in bark/cones,
76382,Notodontidae,Epicoma,melanosticta,,Donovan,Myrtaceae,Calothamnus,,,Australia,,
13460,Geometridae,Amelora,milvaria,,Guenée,Myrtaceae,Calytrix,,,Australia,,
15887,Geometridae,Dichromodes,,,,Myrtaceae,Calytrix,,,Australia,,
35763,Limacodidae,Anaxidia,lozogramma,,Turner,Theaceae,Camellia,,,Australia,,
134397,Tortricidae,Isotenes,miserana,,Walker,Theaceae,Camellia,,,Australia,,
41617,Lycaenidae,Jamides,phaseli,,Mathew,Leguminosae (P),Canavalia,,,Australia,,
134,Alucitidae,Alucita,,,,Rubiaceae,Canthium,,,Australia,,
163,Alucitidae,Alucita,pygmaea,,Meyrick,Rubiaceae,Canthium,,,Australia,,
138908,Uraniidae,Balantiucha,decorata,,Warren,Rubiaceae,Canthium,,,Australia,,
119897,Sphingidae,Cephonodes,hylas,,Linnaeus,Rubiaceae,Canthium,,,Australia,,
119979,Sphingidae,Cephonodes,kingii,,Macleay,Rubiaceae,Canthium,,,Australia,,
8585,Dudgeonidae,Dudgeonea,actinias,,Turner,Rubiaceae,Canthium,,,Australia,,
48891,Lyonetiidae,Leucoptera,,,,Rubiaceae,Canthium,,,Australia,,
138958,Uraniidae,Lobogethes,interrupta,,Warren,Rubiaceae,Canthium,,,Australia,,
121458,Sphingidae,Macroglossum,hirundo,,Boisduval,Rubiaceae,Canthium,,,Australia,,
109456,Pyralidae,Styphlolepis,agenor,,Turner,Capparaceae,Capparis,,,Australia,,
103334,Pyralidae,Dolichobela,celidograpta,,Turner,Capparaceae,Capparis,mitchellii,,Australia,in fruits,
109457,Pyralidae,Styphlolepis,agenor,,Turner,Capparaceae,Capparis,mitchellii,,Australia,in stems,
109458,Pyralidae,Styphlolepis,agenor,,Turner,Capparaceae,Capparis,mitchellii,,Australia,in trunks,
132609,Tortricidae,Epiphyas,postvittana,,Walker,Solanaceae,Capsicum,,,Australia,,
15977,Geometridae,Dysphania,fenestrata,,Swainson,Rhizophoraceae,Carallia,,,Australia,,
84285,Nymphalidae,Heteronympha,cordace,,Geyer,Cyperaceae,Carex,appressa,,Australia,,
84281,Nymphalidae,Heteronympha,banksi,,Leach,Cyperaceae,Carex,longebrachiata,,Australia,,
101914,Pyralidae,Conogethes,punctiferalis,,Guenée,Caricaceae,Carica,,,Australia,,
120178,Sphingidae,Coenotes,eremophilae,,Lucas,Apocynaceae,Carissa,,,Australia,,
1354,Arctiidae,Digama,marmorea,,Butler,Apocynaceae,Carissa,,,Australia,,
121875,Sphingidae,Nephele,subvaria,,Walker,Apocynaceae,Carissa,,,Australia,,
60176,Noctuidae,Eudocima,fullonia,,Clerck,Menispermaceae,Carronia,,,Australia,,
190,Anthelidae,Anthela,varia,,Walker,Juglandaceae,Carya,,,Australia,,
90513,Oecophoridae,Echiomima,,,,Juglandaceae,Carya,,,Australia,,
90309,Oecophoridae,Cryptophasa,unipunctana,,Donovan,Leguminosae (C),Cassia,,,Australia,on bark,
130341,Tortricidae,Cryptophlebia,ombrodelta,,Lower,Leguminosae (C),Cassia,,,Australia,,
16333,Geometridae,Ectropis,excursaria,,Guenée,Leguminosae (C),Cassia,,,Australia,,
90850,Oecophoridae,Maroga,melanostigma,,Wallengren,Leguminosae (C),Cassia,,,Australia,,
24547,Geometridae,Thalaina,angulosa,,Walker,Leguminosae (C),Cassia,,,Australia,,
96203,Pieridae,Eurema,hecabe,,Linnaeus,Leguminosae (C),Cassia,coronilloides,,Australia,on leaves,
88152,Nymphalidae,Polyura,sempronius,,Fabricius,Leguminosae (C),Cassia,fistula,,Australia,,
88153,Nymphalidae,Polyura,sempronius,,Fabricius,Leguminosae (C),Cassia,javanica,,Australia,,
96209,Pieridae,Eurema,hecabe,,Linnaeus,Leguminosae (C),Cassia,surattensis,,Australia,on leaves,
88154,Nymphalidae,Polyura,sempronius,,Fabricius,Leguminosae (C),Cassia,surattensis,,Australia,,
5137,Carposinidae,Coscinoptycha,improbana,,Meyrick,Celastraceae,Cassine,,,Australia,,
33218,Lacturidae,Thyridectis,psephonoma,,Meyrick,Celastraceae,Cassine,,,Australia,,
139841,Yponomeutidae,Yponomeuta,internellus,,Walker,Celastraceae,Cassine,,,Australia,,
139925,Yponomeutidae,Yponomeuta,paurodes,,Meyrick,Celastraceae,Cassine,,,Australia,,
139938,Yponomeutidae,Yponomeuta,pustulellus,,Walker,Celastraceae,Cassine,,,Australia,,
139842,Yponomeutidae,Yponomeuta,internellus,,Walker,Celastraceae,Cassine,australis,,Australia,,
139926,Yponomeutidae,Yponomeuta,paurodes,,Meyrick,Celastraceae,Cassine,australis,,Australia,,
139939,Yponomeutidae,Yponomeuta,pustulellus,,Walker,Celastraceae,Cassine,australis,,Australia,,
132592,Tortricidae,Epiphyas,euphara,,Turner,Compositae,Cassinia,,,Australia,,
13738,Geometridae,Anisodes,obrinaria,,Guenée,Lauraceae,Cassytha,,,Australia,,
17241,Geometridae,Eucyclodes,buprestaria,,Guenée,Lauraceae,Cassytha,,,Australia,,
61793,Noctuidae,Hecatesia,exultans,,Walker,Lauraceae,Cassytha,,,Australia,,
61794,Noctuidae,Hecatesia,fenestrata,,Boisduval,Lauraceae,Cassytha,,,Australia,,
61795,Noctuidae,Hecatesia,thyridion,,Feisthamel,Lauraceae,Cassytha,,,Australia,,
29518,Hepialidae,Aenetus,lewinii,,Walker,Casuarinaceae,Casuarina,,,Australia,,
29548,Hepialidae,Aenetus,splendens,,Scott,Casuarinaceae,Casuarina,,,Australia,,
5098,Carposinidae,Carposina,neurophorella,,Meyrick,Casuarinaceae,Casuarina,,,Australia,in,
90176,Oecophoridae,Catoryctis,subparallela,,Walker,Casuarinaceae,Casuarina,,,Australia,,
90178,Oecophoridae,Catoryctis,subparallela,,Walker,Casuarinaceae,Casuarina,,,Australia,on leaves,
58408,Noctuidae,Comocrus,behri,,Angas,Casuarinaceae,Casuarina,,,Australia,,
6352,Coleophoridae,Corythangela,galeata,,Meyrick,Casuarinaceae,Casuarina,,,Australia,,
90267,Oecophoridae,Cryptophasa,irrorata,,Lewin,Casuarinaceae,Casuarina,,,Australia,,
90269,Oecophoridae,Cryptophasa,irrorata,,Lewin,Casuarinaceae,Casuarina,,,Australia,on leaves,
90270,Oecophoridae,Cryptophasa,isoneura,,Lower,Casuarinaceae,Casuarina,,,Australia,on,
90271,Oecophoridae,Cryptophasa,leucadelpha,,Meyrick,Casuarinaceae,Casuarina,,,Australia,on,
90272,Oecophoridae,Cryptophasa,melanosica,,Lower,Casuarinaceae,Casuarina,,,Australia,on,
90310,Oecophoridae,Cryptophasa,unipunctana,,Donovan,Casuarinaceae,Casuarina,,,Australia,on bark,
76016,Notodontidae,Cynosarga,ornata,,Walker,Casuarinaceae,Casuarina,,,Australia,,
76377,Notodontidae,Epicoma,contristis,,Hübner,Casuarinaceae,Casuarina,,,Australia,,
90851,Oecophoridae,Maroga,melanostigma,,Wallengren,Casuarinaceae,Casuarina,,,Australia,,
123676,Tineidae,Mimoscopa,ochetaula,,Meyrick,Casuarinaceae,Casuarina,,,Australia,,
210,Anthelidae,Munychryia,periclyta,,Common & McFarl.,Casuarinaceae,Casuarina,,,Australia,,
211,Anthelidae,Munychryia,senicula,,Walker,Casuarinaceae,Casuarina,,,Australia,,
34831,Lasiocampidae,Pernattia,exposita,,Lewin,Casuarinaceae,Casuarina,,,Australia,,
35005,Lasiocampidae,Porela,galactodes,,Lower,Casuarinaceae,Casuarina,,,Australia,,
35009,Lasiocampidae,Porela,vitulina,,Donovan,Casuarinaceae,Casuarina,,,Australia,,
91665,Oecophoridae,Trichloma,asbolophoros,,Lower,Casuarinaceae,Casuarina,,,Australia,on,
34832,Lasiocampidae,Pernattia,exposita,,Lewin,Casuarinaceae,Casuarina,cunninghamiana,,Australia,on leaves,
119564,Sphingidae,Acosmeryx,anceus,,Stoll,Vitaceae,Cayratia,,,Australia,,
53138,Noctuidae,Agarista,agricola,,Donovan,Vitaceae,Cayratia,,,Australia,,
55716,Noctuidae,Argyrolepidia,subaspersa,,Walker,Vitaceae,Cayratia,,,Australia,,
120736,Sphingidae,Gnathothlibus,erotus,,Cramer,Vitaceae,Cayratia,,,Australia,,
120874,Sphingidae,Hippotion,celerio,,Linnaeus,Vitaceae,Cayratia,,,Australia,,
121011,Sphingidae,Hippotion,scrofa,,Linnaeus,Vitaceae,Cayratia,,,Australia,,
122883,Sphingidae,Theretra,clotho,,Drury,Vitaceae,Cayratia,,,Australia,,
122916,Sphingidae,Theretra,latreillii,,Macleay,Vitaceae,Cayratia,,,Australia,,
122970,Sphingidae,Theretra,oldenlandiae,,Fabricius,Vitaceae,Cayratia,,,Australia,,
109329,Pyralidae,Spoladea,recurvalis,,Fabricius,Amaranthaceae,Celosia,,,Australia,,
85699,Nymphalidae,Libythea,geoffroy,,Godart,Ulmaceae,Celtis,,,Australia,,
88155,Nymphalidae,Polyura,sempronius,,Fabricius,Ulmaceae,Celtis,,,Australia,,
87522,Nymphalidae,Phaedyma,shepherdi,,Moore,Ulmaceae,Celtis,paniculata,,Australia,,
88156,Nymphalidae,Polyura,sempronius,,Fabricius,Ulmaceae,Celtis,paniculata,,Australia,,
87523,Nymphalidae,Phaedyma,shepherdi,,Moore,Ulmaceae,Celtis,philippensis,,Australia,,
88157,Nymphalidae,Polyura,sempronius,,Fabricius,Ulmaceae,Celtis,philippensis,,Australia,,
87524,Nymphalidae,Phaedyma,shepherdi,,Moore,Ulmaceae,Celtis,sinensis,,Australia,,
88158,Nymphalidae,Polyura,sempronius,,Fabricius,Ulmaceae,Celtis,sinensis,,Australia,,
106065,Pyralidae,Mampava,rhodoneura,,Turner,Gramineae,Cenchrus,,,Australia,,
25068,Geometridae,Xanthorhoe,vicissata,,Guenée,Gentianaceae,Centaurium,,,Australia,,
85438,Nymphalidae,Junonia,villida,,Fabricius,Gentianaceae,Centaurium,australe,,Australia,,
85439,Nymphalidae,Junonia,villida,,Fabricius,Gentianaceae,Centaurium,spicatum,,Australia,,
90243,Oecophoridae,Cryptophasa,albacosta,,Lewin,Cunoniaceae,Ceratopetalum,,,Australia,,
90258,Oecophoridae,Cryptophasa,delocentra,,Meyrick,Cunoniaceae,Ceratopetalum,gummiferum,,Australia,on,
117462,Saturniidae,Syntherata,janetta,,White,Rhizophoraceae,Ceriops,,,Australia,,
41013,Lycaenidae,Hypochrysops,apelles,,Fabricius,Rhizophoraceae,Ceriops,tagal,,Australia,on leaves,
41016,Lycaenidae,Hypochrysops,apollo,,Miskin,Rhizophoraceae,Ceriops,tagal,,Australia,on leaves,
136786,Tortricidae,Procalyptis,parooptera,,Turner,Rhizophoraceae,Ceriops,tagal,,Australia,on leaves,
56121,Noctuidae,Autoba,dubia,,Butler,Insecta,Ceroplastes (Z),rubens,,Australia,,
132685,Tortricidae,Epiphyas,postvittana,,Walker,Cupressaceae,Chamaecyparis,lawsoniana,,Australia,on leaves,
101348,Pyralidae,Catamola,thyrisalis,,Walker,Myrtaceae,Chamelaucium,,,Australia,,
71675,Noctuidae,Spodoptera,litura,,Fabricius,Chenopodiaceae,Chenopodium,,,Australia,,
109336,Pyralidae,Spoladea,recurvalis,,Fabricius,Chenopodiaceae,Chenopodium,,,Australia,,
117729,Scythrididae,Eretmocera,dioctis,,Meyrick,Gramineae,Chloris,,,Australia,,
123800,Tineidae,Opogona,cleonyma,,Meyrick,Gramineae,Chloris,gayana,,Australia,,
53069,Noctuidae,Aedia,leucomelas,,Linnaeus,Compositae,Chondrilla,,,Australia,,
101026,Pyralidae,Bradyrrhoa,gilveolella,,Treitschke,Compositae,Chondrilla,juncea,,Australia,,
44744,Lymantriidae,Acyphas,leucomelas,,Walker,Santalaceae,Choretrum,,,Australia,,
4707,Bucculatricidae,Bucculatrix,,,,Santalaceae,Choretrum,,,Australia,,
196,Anthelidae,Chelepteryx,chalepteryx,,Felder,Santalaceae,Choretrum,,,Australia,,
13461,Geometridae,Amelora,milvaria,,Guenée,Compositae,Chrysanthemoides,,,Australia,,
3460,Arctiidae,Spilosoma,glatignyi,,Le Guillou,Compositae,Chrysanthemoides,,,Australia,,
134928,Tortricidae,Merophyas,divulsana,,Walker,Compositae,Chrysanthemum,,,Australia,,
3461,Arctiidae,Spilosoma,glatignyi,,Le Guillou,Compositae,Chrysanthemum,,,Australia,,
134399,Tortricidae,Isotenes,miserana,,Walker,Lauraceae,Cinnamomum,,,Australia,,
25584,Gracillariidae,Acrocercops,ordinatella,,Meyrick,Lauraceae,Cinnamomum,camphora,,Australia,in leaves,
92336,Papilionidae,Graphium,macleayanus,,Leach,Lauraceae,Cinnamomum,camphora,,Australia,,
88159,Nymphalidae,Polyura,sempronius,,Fabricius,Lauraceae,Cinnamomum,camphora,,Australia,,
92337,Papilionidae,Graphium,macleayanus,,Leach,Lauraceae,Cinnamomum,oliveri,,Australia,,
5409,Choreutidae,Tebenna,micalis,,Mann,Compositae,Cirsium,,,Australia,,
119565,Sphingidae,Acosmeryx,anceus,,Stoll,Vitaceae,Cissus,,,Australia,,
53139,Noctuidae,Agarista,agricola,,Donovan,Vitaceae,Cissus,,,Australia,,
29379,Heliozelidae,Antispila,,,,Vitaceae,Cissus,,,Australia,,
55717,Noctuidae,Argyrolepidia,subaspersa,,Walker,Vitaceae,Cissus,,,Australia,,
58786,Noctuidae,Cruria,donowani,,Boisduval,Vitaceae,Cissus,,,Australia,,
120737,Sphingidae,Gnathothlibus,erotus,,Cramer,Vitaceae,Cissus,,,Australia,,
121012,Sphingidae,Hippotion,scrofa,,Linnaeus,Vitaceae,Cissus,,,Australia,,
140293,Zygaenidae,Onceropyga,anelia,,Turner,Vitaceae,Cissus,,,Australia,,
68377,Noctuidae,Phalaenoides,glycine,,Lewin,Vitaceae,Cissus,,,Australia,,
122884,Sphingidae,Theretra,clotho,,Drury,Vitaceae,Cissus,,,Australia,,
122917,Sphingidae,Theretra,latreillii,,Macleay,Vitaceae,Cissus,,,Australia,,
122972,Sphingidae,Theretra,oldenlandiae,,Fabricius,Vitaceae,Cissus,,,Australia,,
58787,Noctuidae,Cruria,donowani,,Boisduval,Vitaceae,Cissus,antarctica,,Australia,,
54575,Noctuidae,Anadevidia,peponis,,Fabricius,Cucurbitaceae,Citrullus,,,Australia,,
72868,Noctuidae,Tiracola,plagiata,,Walker,Cucurbitaceae,Citrullus,,,Australia,,
51267,Noctuidae,Achaea,argilla,,Swinhoe,Rutaceae,Citrus,,,Australia,,
119980,Sphingidae,Cephonodes,kingii,,Macleay,Rutaceae,Citrus,,,Australia,,
58270,Noctuidae,Chrysodeixis,eriosoma,,Doubleday,Rutaceae,Citrus,,,Australia,,
101918,Pyralidae,Conogethes,punctiferalis,,Guenée,Rutaceae,Citrus,,,Australia,,
130506,Tortricidae,Cryptoptila,immersana,,Walker,Rutaceae,Citrus,,,Australia,,
16334,Geometridae,Ectropis,excursaria,,Guenée,Rutaceae,Citrus,,,Australia,,
132593,Tortricidae,Epiphyas,liadelpha,,Meyrick,Rutaceae,Citrus,,,Australia,,
132613,Tortricidae,Epiphyas,postvittana,,Walker,Rutaceae,Citrus,,,Australia,,
60296,Noctuidae,Eudocima,salaminia,,Cramer,Rutaceae,Citrus,,,Australia,adult fruit feeding,
98038,Psychidae,Hyalarcta,huebneri,,Westwood,Rutaceae,Citrus,,,Australia,,
19655,Geometridae,Hyposidra,janiaria,,Guenée,Rutaceae,Citrus,,,Australia,,
134400,Tortricidae,Isotenes,miserana,,Walker,Rutaceae,Citrus,,,Australia,,
90852,Oecophoridae,Maroga,melanostigma,,Wallengren,Rutaceae,Citrus,,,Australia,,
98394,Psychidae,Oiketicus,elongatus,,Saunders,Rutaceae,Citrus,,,Australia,,
92566,Papilionidae,Papilio,anactus,,Macleay,Rutaceae,Citrus,,,Australia,,
22595,Geometridae,Pholodes,sinistraria,,Guenée,Rutaceae,Citrus,,,Australia,,
27765,Gracillariidae,Phyllocnistis,citrella,,Stainton,Rutaceae,Citrus,,,Australia,,
139694,Yponomeutidae,Prays,nephelomima,,Meyrick,Rutaceae,Citrus,,,Australia,,
139705,Yponomeutidae,Prays,parilis,,Turner,Rutaceae,Citrus,,,Australia,,
91237,Oecophoridae,Psorosticha,zizyphi,,Stainton,Rutaceae,Citrus,,,Australia,,
117463,Saturniidae,Syntherata,janetta,,White,Rutaceae,Citrus,,,Australia,,
109151,Pyralidae,Scirpophaga,imparellus,,Meyrick,Cyperaceae,Cladium,,,Australia,,
122974,Sphingidae,Theretra,oldenlandiae,,Fabricius,Onagraceae,Clarkia,,,Australia,,
90517,Oecophoridae,Echiomima,mythica,,Meyrick,Euphorbiaceae,Cleistanthus,,,Australia,,
120876,Sphingidae,Hippotion,celerio,,Linnaeus,Vitaceae,Clematicissus,,,Australia,,
14999,Geometridae,Chloroclystis,destructata,,Walker,Ranunculaceae,Clematis,,,Australia,,
130507,Tortricidae,Cryptoptila,immersana,,Walker,Ranunculaceae,Clematis,,,Australia,,
22612,Geometridae,Phrissogonus,laticostata,,Walker,Ranunculaceae,Clematis,,,Australia,,
120179,Sphingidae,Coenotes,eremophilae,,Lucas,Verbenaceae,Clerodendrum,,,Australia,,
134661,Tortricidae,Lobesia,physophora,,Lower,Verbenaceae,Clerodendrum,tomentosum,,Australia,,
72262,Noctuidae,Spodoptera,picta,,Guérin-Méneville,Amaryllidaceae,Clivia,,,Australia,,
122975,Sphingidae,Theretra,oldenlandiae,,Fabricius,Bignoniaceae,Clytostoma,,,Australia,,
57232,Noctuidae,Catoblemma,porphyris,,Turner,Insecta,Coccus (Z),,,Australia,on scale insects,
51385,Noctuidae,Achaea,janata,,Linnaeus,Euphorbiaceae,Codiaeum,,,Australia,,
121459,Sphingidae,Macroglossum,hirundo,,Boisduval,Rubiaceae,Coelospermum,,,Australia,,
122976,Sphingidae,Theretra,oldenlandiae,,Fabricius,Rubiaceae,Coelospermum,,,Australia,,
120877,Sphingidae,Hippotion,celerio,,Linnaeus,Araceae,Colocasia,,,Australia,,
123056,Sphingidae,Theretra,tryoni,,Miskin,Araceae,Colocasia,,,Australia,,
63183,Noctuidae,Hypena,masurialis,,Guenée,Commelinaceae,Commelina,,,Australia,,
53070,Noctuidae,Aedia,leucomelas,,Linnaeus,Convolvulaceae,Convolvulus,,,Australia,,
120070,Sphingidae,Cizara,ardenia,,Lewin,Rubiaceae,Coprosma,,,Australia,,
121014,Sphingidae,Hippotion,scrofa,,Linnaeus,Rubiaceae,Coprosma,,,Australia,,
121460,Sphingidae,Macroglossum,hirundo,,Boisduval,Rubiaceae,Coprosma,,,Australia,,
3433,Arctiidae,Spilosoma,canescens,,Butler,Rubiaceae,Coprosma,,,Australia,,
121466,Sphingidae,Macroglossum,hirundo,errans,Walker,Rubiaceae,Coprosma,repens,,Australia,on leaves,
3472,Arctiidae,Spilosoma,glatignyi,,Le Guillou,Rubiaceae,Coprosma,repens,,Australia,on leaves,
55050,Noctuidae,Anomis,involuta,,Walker,Tiliaceae,Corchorus,,,Australia,,
132615,Tortricidae,Epiphyas,postvittana,,Walker,Rutaceae,Correa,,,Australia,,
50494,Nepticulidae,Stigmella,leucargyra,,Meyrick,Rutaceae,Correa,,,Australia,,
50495,Nepticulidae,Stigmella,leucargyra,,Meyrick,Rutaceae,Correa,speciosa,,Australia,in leaves,
90692,Oecophoridae,Idioglossa,metallochrysa,,Turner,Costaceae,Costus,speciosus,,Australia,on,
98395,Psychidae,Oiketicus,elongatus,,Saunders,Rosaceae,Cotoneaster,,,Australia,,
48776,Lymantriidae,Teia,anartoides,,Walker,Rosaceae,Cotoneaster,,,Australia,,
56846,Noctuidae,Brithys,crini,,Fabricius,Amaryllidaceae,Crinum,,,Australia,,
72264,Noctuidae,Spodoptera,picta,,Guérin-Méneville,Amaryllidaceae,Crinum,,,Australia,,
886,Arctiidae,Argina,astrea,,Drury,Leguminosae (P),Crotalaria,,,Australia,,
4167,Arctiidae,Utetheisa,lotrix,,Cramer,Leguminosae (P),Crotalaria,,,Australia,,
51391,Noctuidae,Achaea,janata,,Linnaeus,Euphorbiaceae,Croton,,,Australia,,
91721,Oecophoridae,Xylorycta,tuberculata,,Meyrick,Rutaceae,Crowea,saligna,,Australia,on,
91106,Oecophoridae,Plectophila,discalis,,Walker,Lauraceae,Cryptocarya,,,Australia,,
3310,Arctiidae,Rhodogastria,rubripes,,Walker,Asclepiadaceae,Cryptostegia,,,Australia,,
104221,Pyralidae,Euclasta,whalleyi,,Popescu-Gorj & C,Asclepiadaceae,Cryptostegia,grandiflora,,Australia,,
102730,Pyralidae,Diaphania,indica,,Saunders,Cucurbitaceae,Cucumis,,,Australia,,
54576,Noctuidae,Anadevidia,peponis,,Fabricius,Cucurbitaceae,Cucurbita,,,Australia,,
72885,Noctuidae,Tiracola,plagiata,,Walker,Cucurbitaceae,Cucurbita,,,Australia,,
91691,Oecophoridae,Xylorycta,homoleuca,,Goudie,Sapindaceae,Cupania,,,Australia,on bark,
130354,Tortricidae,Cryptophlebia,ombrodelta,,Lower,Sapindaceae,Cupaniopsis,,,Australia,,
62859,Noctuidae,Homodes,bracteigutta,,Walker,Sapindaceae,Cupaniopsis,,,Australia,,
91086,Oecophoridae,Peritorneuta,circulatella,,Walker,Sapindaceae,Cupaniopsis,,,Australia,,
90628,Oecophoridae,Heliostibes,atychioides,,Butler,Cupressaceae,Cupressus,,,Australia,on leaves,
98039,Psychidae,Hyalarcta,huebneri,,Westwood,Cupressaceae,Cupressus,,,Australia,,
98396,Psychidae,Oiketicus,elongatus,,Saunders,Cupressaceae,Cupressus,,,Australia,,
48777,Lymantriidae,Teia,anartoides,,Walker,Cupressaceae,Cupressus,,,Australia,,
91656,Oecophoridae,Tortricopsis,pyroptis,,Meyrick,Cupressaceae,Cupressus,,,Australia,,
138635,Tortricidae,Tracholena,sulfurosa,,Meyrick,Cupressaceae,Cupressus,,,Australia,,
138636,Tortricidae,Tracholena,sulfurosa,,Meyrick,Cupressaceae,Cupressus,,,Australia,in bark,
14842,Geometridae,Chlenias,pachymela,,Lower,Cupressaceae,Cupressus,macrocarpa,,Australia,on leaves,
14844,Geometridae,Chlenias,pini,,Tindale,Cupressaceae,Cupressus,macrocarpa,,Australia,on leaves,
14847,Geometridae,Chlenias,zonaea,,Guest,Cupressaceae,Cupressus,macrocarpa,,Australia,on leaves,
130888,Tortricidae,Cydia,molesta,,Busck,Rosaceae,Cydonia,oblonga,,Australia,,
98040,Psychidae,Hyalarcta,huebneri,,Westwood,Rosaceae,Cydonia,oblonga,,Australia,,
48778,Lymantriidae,Teia,anartoides,,Walker,Rosaceae,Cydonia,oblonga,,Australia,,
102576,Pyralidae,Culladia,cuneiferellus,,Walker,Gramineae,Cynodon,,,Australia,,
109221,Pyralidae,Sclerobia,tritalis,,Walker,Gramineae,Cynodon,,,Australia,,
72058,Noctuidae,Spodoptera,mauritia,,Boisduval,Gramineae,Cynodon,,,Australia,,
84427,Nymphalidae,Hypocysta,metirius,,Butler,Gramineae,Cynodon,dactylon,,Australia,,
109222,Pyralidae,Sclerobia,tritalis,,Walker,Gramineae,Cynodon,dactylon,,Australia,,
56128,Noctuidae,Autoba,lilacina,,Warren,Leguminosae (C),Cynometra,,,Australia,,
101297,Pyralidae,Calamotropha,leptogrammella,,Meyrick,Cyperaceae,Cyperus,,,Australia,,
6514,Cosmopterigidae,Cosmopterix,flavofasciata,,Wollaston,Cyperaceae,Cyperus,,,Australia,,
47608,Lymantriidae,Orgyia,australis,,Walker,Leguminosae (P),Cytisus,,,Australia,,
9380,Eupterotidae,Panacela,lewinae,,Lewin,Leguminosae (P),Cytisus,,,Australia,,
48810,Lymantriidae,Teia,athlophora,,Turner,Leguminosae (P),Cytisus,,,Australia,,
110109,Pyralidae,Uresiphita,ornithopteralis,,Guenée,Leguminosae (P),Cytisus,,,Australia,,
58275,Noctuidae,Chrysodeixis,eriosoma,,Doubleday,Compositae,Dahlia,,,Australia,,
121015,Sphingidae,Hippotion,scrofa,,Linnaeus,Compositae,Dahlia,,,Australia,,
71713,Noctuidae,Spodoptera,litura,,Fabricius,Compositae,Dahlia,,,Australia,,
48779,Lymantriidae,Teia,anartoides,,Walker,Compositae,Dahlia,,,Australia,,
5229,Castniidae,Synemon,plana,,Walker,Gramineae,Danthonia,,,Australia,,
84294,Nymphalidae,Heteronympha,penelope,,Waterhouse,Gramineae,Danthonia,pilosa,,Australia,,
29510,Hepialidae,Aenetus,eximia,,Scott,Monimiaceae,Daphnandra,,,Australia,,
29541,Hepialidae,Aenetus,scotti,,Scott,Monimiaceae,Daphnandra,,,Australia,,
92338,Papilionidae,Graphium,macleayanus,,Leach,Monimiaceae,Daphnandra,micrantha,,Australia,,
104935,Pyralidae,Hednota,recurvella,,Walker,Dasypogonaceae,Dasypogon,,,Australia,,
109096,Pyralidae,Sceliodes,cordalis,,Doubleday,Solanaceae,Datura,,,Australia,,
134929,Tortricidae,Merophyas,divulsana,,Walker,Umbelliferae,Daucus,,,Australia,,
75728,Notodontidae,Antimima,corystes,,Turner,Leguminosae (P),Daviesia,,,Australia,,
98041,Psychidae,Hyalarcta,huebneri,,Westwood,Leguminosae (P),Daviesia,,,Australia,,
130355,Tortricidae,Cryptophlebia,ombrodelta,,Lower,Leguminosae (C),Delonix,,,Australia,,
68122,Noctuidae,Pericyma,cruegeri,,Butler,Leguminosae (C),Delonix,,,Australia,,
88160,Nymphalidae,Polyura,sempronius,,Fabricius,Leguminosae (C),Delonix,regia,,Australia,,
29542,Hepialidae,Aenetus,scotti,,Scott,Urticaceae,Dendrocnide,,,Australia,,
122886,Sphingidae,Theretra,clotho,,Drury,Urticaceae,Dendrocnide,,,Australia,,
86558,Nymphalidae,Mynes,geoffroyi,,Guérin-Méneville,Urticaceae,Dendrocnide,moroides,,Australia,,
86559,Nymphalidae,Mynes,geoffroyi,,Guérin-Méneville,Urticaceae,Dendrocnide,photinophylla,,Australia,,
87361,Nymphalidae,Pantoporia,consimilis,,Boisduval,Leguminosae (P),Derris,,,Australia,,
29072,Gracillariidae,Porphyrosela,aglaozona,,Meyrick,Leguminosae (P),Desmodium,,,Australia,,
84422,Nymphalidae,Hypocysta,adiante,,Hübner,Gramineae,Digitaria,didactyla,,Australia,,Y
29785,Hepialidae,Oncopera,mitocera,,Turner,Gramineae,Digitaria,eriantha,,Australia,,
120738,Sphingidae,Gnathothlibus,erotus,,Cramer,Dilleniaceae,Dillenia,,,Australia,,
140310,Zygaenidae,Pollanisus,subdolosa,,Walker,Dilleniaceae,Dillenia,,,Australia,,
45159,Lymantriidae,Chionophasma,fimbriata,,Lucas,Leguminosae (P),Dillwynia,,,Australia,,
90812,Oecophoridae,Macrobathra,anacampta,,Meyrick,Leguminosae (P),Dillwynia,,,Australia,,
90837,Oecophoridae,Macrobathra,obliquata,,Lucas,Leguminosae (P),Dillwynia,,,Australia,,
21238,Geometridae,Nearcha,nullata,,Guenée,Leguminosae (P),Dillwynia,,,Australia,,
67568,Noctuidae,Pantydia,sparsa,,Guenée,Leguminosae (P),Dillwynia,,,Australia,,
122954,Sphingidae,Theretra,nessus,,Drury,Dioscoreaceae,Dioscorea,,,Australia,,
123127,Thyrididae,Addaea,polyphoralis,,Walker,Ebenaceae,Diospyros,,,Australia,,
72887,Noctuidae,Tiracola,plagiata,,Walker,Cucurbitaceae,Diplocyclos,,,Australia,,
29539,Hepialidae,Aenetus,ramsayi,,Scott,Sapindaceae,Diploglottis,,,Australia,,
29543,Hepialidae,Aenetus,scotti,,Scott,Sapindaceae,Diploglottis,,,Australia,,
25183,Geometridae,Zermizinga,indocilisaria,,Walker,Rhamnaceae,Discaria,,,Australia,on leaves,
44745,Lymantriidae,Acyphas,leucomelas,,Walker,Sapindaceae,Dodonaea,,,Australia,,
29511,Hepialidae,Aenetus,eximia,,Scott,Sapindaceae,Dodonaea,,,Australia,,
29523,Hepialidae,Aenetus,ligniveren,,Lewin,Sapindaceae,Dodonaea,,,Australia,,
35764,Limacodidae,Anaxidia,lozogramma,,Turner,Sapindaceae,Dodonaea,,,Australia,,
131340,Tortricidae,Dichelopa,panoplana,,Meyrick,Sapindaceae,Dodonaea,,,Australia,,
76964,Notodontidae,Neola,semiaurata,,Walker,Sapindaceae,Dodonaea,,,Australia,,
22455,Geometridae,Phallaria,ophiusaria,,Guenée,Sapindaceae,Dodonaea,,,Australia,,
9775,Gelechiidae,Ardozyga,lithina,,Lower,Sapindaceae,Dodonaea,lobulata,,Australia,on,
131342,Tortricidae,Dichelopa,panoplana,,Meyrick,Sapindaceae,Dodonaea,viscosa,,Australia,on leaves/seed capsules,
122292,Sphingidae,Psilogramma,menephron,,Cramer,Bignoniaceae,Dolichandrone,,,Australia,,
41618,Lycaenidae,Jamides,phaseli,,Mathew,Leguminosae (P),Dolichos,,,Australia,,
29512,Hepialidae,Aenetus,eximia,,Scott,Monimiaceae,Doryphora,,,Australia,,
116462,Saturniidae,Opodiphthera,rhythmica,,Turner,Monimiaceae,Doryphora,,,Australia,,
9396,Eupterotidae,Panacela,nyctopa,,Turner,Monimiaceae,Doryphora,,,Australia,,
92339,Papilionidae,Graphium,macleayanus,,Leach,Monimiaceae,Doryphora,aromatica,,Australia,,
92340,Papilionidae,Graphium,macleayanus,,Leach,Monimiaceae,Doryphora,sassafras,,Australia,,
132585,Tortricidae,Epiphyas,arcaria,,Meyrick,Winteraceae,Drimys,,,Australia,,
92341,Papilionidae,Graphium,macleayanus,,Leach,Winteraceae,Drimys,lanceolata,,Australia,,
92342,Papilionidae,Graphium,macleayanus,,Leach,Winteraceae,Drimys,xerophila,,Australia,,
5167,Carthaeidae,Carthaea,saturnioides,,Walker,Proteaceae,Dryandra,,,Australia,,
76018,Notodontidae,Danima,banksiae,,Lewin,Proteaceae,Dryandra,,,Australia,,
19513,Geometridae,Hypographa,epiodes,,Turner,Proteaceae,Dryandra,,,Australia,,
164,Alucitidae,Alucita,pygmaea,,Meyrick,Euphorbiaceae,Drypetes,australasica,,Australia,,
26153,Gracillariidae,Caloptilia,liparoxantha,,Meyrick,Euphorbiaceae,Drypetes,australasica,,Australia,on,
120180,Sphingidae,Coenotes,eremophilae,,Lucas,Solanaceae,Duboisia,,,Australia,,
71726,Noctuidae,Spodoptera,litura,,Fabricius,Solanaceae,Duboisia,,,Australia,,
48780,Lymantriidae,Teia,anartoides,,Walker,Solanaceae,Duboisia,,,Australia,,
120181,Sphingidae,Coenotes,eremophilae,,Lucas,Solanaceae,Duboisia,leichhardtii,,Australia,,
120182,Sphingidae,Coenotes,eremophilae,,Lucas,Solanaceae,Duboisia,myoporoides,,Australia,,
113354,Saturniidae,Coscinocera,hercules,,Miskin,Meliaceae,Dysoxylum,,,Australia,,
655,Arctiidae,Amsacta,marginata,,Donovan,Boraginaceae,Echium,,,Australia,,
3462,Arctiidae,Spilosoma,glatignyi,,Le Guillou,Boraginaceae,Echium,,,Australia,,
12702,Gelechiidae,Stomopteryx,isoscelixantha,,Lower,Boraginaceae,Echium,,,Australia,,
4256,Arctiidae,Utetheisa,pulchelloides,,Hampson,Boraginaceae,Echium,,,Australia,,
27122,Gracillariidae,Dialectica,scalariella,,Zeller,Boraginaceae,Echium,plantagineum,,Australia,,
132697,Tortricidae,Epiphyas,xylodes,,Meyrick,Boraginaceae,Ehretia,,,Australia,,
9162,Ethmiidae,Ethmia,haemadelpha,,Lower,Boraginaceae,Ehretia,,,Australia,,
9163,Ethmiidae,Ethmia,heliomela,,Lower,Boraginaceae,Ehretia,,,Australia,,
9236,Ethmiidae,Ethmia,sphaerosticha,,Meyrick,Boraginaceae,Ehretia,,,Australia,,
9164,Ethmiidae,Ethmia,heliomela,,Lower,Boraginaceae,Ehretia,acuminata,,Australia,,
9237,Ethmiidae,Ethmia,sphaerosticha,,Meyrick,Boraginaceae,Ehretia,acuminata,,Australia,,Y
87525,Nymphalidae,Phaedyma,shepherdi,,Moore,Boraginaceae,Ehretia,acuminata,,Australia,,
9165,Ethmiidae,Ethmia,hemadelpha,,Lower,Boraginaceae,Ehretia,saligna,,Australia,,
87271,Nymphalidae,Oreixenica,kershawi,,Miskin,Gramineae,Ehrharta,juncea,,Australia,,
87273,Nymphalidae,Oreixenica,lathoniella,,Westwood,Gramineae,Ehrharta,stipoides,,Australia,,
109067,Pyralidae,Sameodes,albiguttalis,,Warren,Pontederiaceae,Eichhornia,,,Australia,,
109069,Pyralidae,Sameodes,albiguttalis,,Warren,Pontederiaceae,Eichhornia,crassipes,,Australia,,
2,Roeslerstammiidae,Amphithera,heteroleuca,,Turner,Elaeocarpaceae,Elaeocarpus,,,Australia,,
90107,Oecophoridae,Arignota,stercorata,,Lucas,Elaeocarpaceae,Elaeocarpus,,,Australia,,
59525,Noctuidae,Dysgonia,constricta,,Butler,Elaeocarpaceae,Elaeocarpus,,,Australia,,
90518,Oecophoridae,Echiomima,mythica,,Meyrick,Elaeocarpaceae,Elaeocarpus,,,Australia,,
90553,Oecophoridae,Eschatura,lemurias,,Meyrick,Elaeocarpaceae,Elaeocarpus,,,Australia,on bark,
118436,Sesiidae,Pennisetia,igniflua,,Lucas,Elaeocarpaceae,Elaeocarpus,,,Australia,,
91104,Oecophoridae,Pilostibes,stigmatias,,Meyrick,Elaeocarpaceae,Elaeocarpus,,,Australia,,
116411,Saturniidae,Opodiphthera,,,,Elaeocarpaceae,Elaeocarpus,obovatus,,Australia,,
139927,Yponomeutidae,Yponomeuta,paurodes,,Meyrick,Celastraceae,Elaeodendron,,,Australia,,
139940,Yponomeutidae,Yponomeuta,pustulellus,,Walker,Celastraceae,Elaeodendron,,,Australia,,
90519,Oecophoridae,Echiomima,mythica,,Meyrick,Sapindaceae,Elattostachys,,,Australia,,
91560,Oecophoridae,Thymiatris,allocrossa,,Turner,Sapindaceae,Elattostachys,,,Australia,,
109152,Pyralidae,Scirpophaga,imparellus,,Meyrick,Cyperaceae,Eleocharis,,,Australia,,
138493,Tortricidae,Thrincophora,australana,,Lewin,Proteaceae,Embothrium,,,Australia,on,
51398,Noctuidae,Achaea,janata,,Linnaeus,Polygonaceae,Emex,,,Australia,,
120890,Sphingidae,Hippotion,celerio,,Linnaeus,Polygonaceae,Emex,,,Australia,,
107358,Pyralidae,Ostrinia,furnacalis,,Guenée,Polygonaceae,Emex,,,Australia,,
138906,Uraniidae,Alcides,zodiaca,,Butler,Euphorbiaceae,Endospermum,,,Australia,,
138961,Uraniidae,Lyssa,patroclus,,Linnaeus,Euphorbiaceae,Endospermum,,,Australia,,
128568,Tortricidae,Barnardiella,sciaphila,,Turner,Musaceae,Ensete,ventricosum,,Australia,in fruits,
22932,Geometridae,Poecilasthena,pulchraria,,Doubleday,Epacridaceae,Epacris,,,Australia,,
85441,Nymphalidae,Junonia,villida,,Fabricius,Compositae,Epaltes,australis,,Australia,,
121016,Sphingidae,Hippotion,scrofa,,Linnaeus,Onagraceae,Epilobium,,,Australia,,
68372,Noctuidae,Phalaenoides,glycinae,,Lewin,Onagraceae,Epilobium,,,Australia,,
68384,Noctuidae,Phalaenoides,tristifica,,Hübner,Onagraceae,Epilobium,,,Australia,,
3463,Arctiidae,Spilosoma,glatignyi,,Le Guillou,Onagraceae,Epilobium,,,Australia,,
122980,Sphingidae,Theretra,oldenlandiae,,Fabricius,Onagraceae,Epilobium,,,Australia,,
13769,Geometridae,Anomogenes,morphnopa,,Turner,Rutaceae,Eremocitrus,,,Australia,,
92567,Papilionidae,Papilio,anactus,,Macleay,Rutaceae,Eremocitrus,,,Australia,,
92569,Papilionidae,Papilio,anactus,,Macleay,Rutaceae,Eremocitrus,glauca,,Australia,,
120183,Sphingidae,Coenotes,eremophilae,,Lucas,Myoporaceae,Eremophila,,,Australia,,
120184,Sphingidae,Coenotes,eremophilae,,Lucas,Myoporaceae,Eremophila,gilesii,,Australia,,
105922,Pyralidae,Lioprosopa,amictodes,,Turner,Myoporaceae,Eremophila,gilesii,,Australia,,
120185,Sphingidae,Coenotes,eremophilae,,Lucas,Myoporaceae,Eremophila,mitchellii,,Australia,,
53190,Noctuidae,Agrapha,albostriata,,Bremer & Grey,Compositae,Erigeron,,,Australia,,
132594,Tortricidae,Epiphyas,liadelpha,,Meyrick,Rosaceae,Eriobotrya,,,Australia,,
102252,Pyralidae,Creobota,coccophthora,,Turner,Insecta,Eriococcus (Z),,,Australia,on coccids,
15085,Geometridae,Ciampa,arietaria,,Guenée,Geraniaceae,Erodium,,,Australia,,
100412,Pyralidae,Agathodes,ostentalis,,Geyer,Leguminosae (P),Erythrina,,,Australia,,
109686,Pyralidae,Terastia,subjectalis,,Lederer,Leguminosae (P),Erythrina,,,Australia,,
120739,Sphingidae,Gnathothlibus,erotus,,Cramer,Escalloniaceae,Escallonia,,,Australia,,
29504,Hepialidae,Abantiades,hyalinatus,,Herrich-Schäffer,Myrtaceae,Eucalyptus,,,Australia,,
29505,Hepialidae,Abantiades,labyrinthicus,,Donovan,Myrtaceae,Eucalyptus,,,Australia,on roots,
29506,Hepialidae,Abantiades,latipennis,,Tindale,Myrtaceae,Eucalyptus,,,Australia,,
51399,Noctuidae,Achaea,janata,,Linnaeus,Myrtaceae,Eucalyptus,,,Australia,,
25357,Gracillariidae,Acrocercops,calicella,,Stainton,Myrtaceae,Eucalyptus,,,Australia,,
25501,Gracillariidae,Acrocercops,hoplocala,,Meyrick,Myrtaceae,Eucalyptus,,,Australia,,
25502,Gracillariidae,Acrocercops,hoplocala,,Meyrick,Myrtaceae,Eucalyptus,,,Australia,on leaves,
25525,Gracillariidae,Acrocercops,laciniella,,Meyrick,Myrtaceae,Eucalyptus,,,Australia,,
125325,Tortricidae,Acropolitis,ergophora,,Meyrick,Myrtaceae,Eucalyptus,,,Australia,on leaves,
125326,Tortricidae,Acropolitis,excelsa,,Meyrick,Myrtaceae,Eucalyptus,,,Australia,on leaves,
44746,Lymantriidae,Acyphas,leucomelas,,Walker,Myrtaceae,Eucalyptus,,,Australia,,
29513,Hepialidae,Aenetus,eximia,,Scott,Myrtaceae,Eucalyptus,,,Australia,,
29524,Hepialidae,Aenetus,ligniveren,,Lewin,Myrtaceae,Eucalyptus,,,Australia,,
29534,Hepialidae,Aenetus,ligniveren,,Lewin,Myrtaceae,Eucalyptus,,,Australia,on leaves,
29536,Hepialidae,Aenetus,montanus,,Tindale,Myrtaceae,Eucalyptus,,,Australia,,
29537,Hepialidae,Aenetus,ombraloma,,Lower,Myrtaceae,Eucalyptus,,,Australia,,
29540,Hepialidae,Aenetus,ramsayi,,Scott,Myrtaceae,Eucalyptus,,,Australia,,
29544,Hepialidae,Aenetus,scotti,,Scott,Myrtaceae,Eucalyptus,,,Australia,,
89663,Oecophoridae,Ageletha,hemiteles,,Meyrick,Myrtaceae,Eucalyptus,,,Australia,on leaves,
123141,Thyrididae,Aglaopus,pyrrhata,,Walker,Myrtaceae,Eucalyptus,,,Australia,,
89998,Oecophoridae,Agriophara,cinerosa,,Rosenstock,Myrtaceae,Eucalyptus,,,Australia,,
89999,Oecophoridae,Agriophara,confertella,,Walker,Myrtaceae,Eucalyptus,,,Australia,,
90000,Oecophoridae,Agriophara,confertella,,Walker,Myrtaceae,Eucalyptus,,,Australia,on leaves,
90003,Oecophoridae,Agriophara,horridula,,Meyrick,Myrtaceae,Eucalyptus,,,Australia,,
90007,Oecophoridae,Agriophara,platyscia,,Lower,Myrtaceae,Eucalyptus,,,Australia,,
383,Arctiidae,Amata,aperta,,Walker,Myrtaceae,Eucalyptus,,,Australia,,
13462,Geometridae,Amelora,milvaria,,Guenée,Myrtaceae,Eucalyptus,,,Australia,,
689,Arctiidae,Anestia,semiochrea,,Butler,Myrtaceae,Eucalyptus,,,Australia,on leaves,
126333,Tortricidae,Anisogona,notoplaga,,Turner,Myrtaceae,Eucalyptus,,,Australia,on leaves,
13757,Geometridae,Anisozyga,pieroides,,Walker,Myrtaceae,Eucalyptus,,,Australia,,
191,Anthelidae,Anthela,varia,,Walker,Myrtaceae,Eucalyptus,,,Australia,,
9771,Gelechiidae,Ardozyga,albifrons,,Turner,Myrtaceae,Eucalyptus,,,Australia,,
9773,Gelechiidae,Ardozyga,blacica,,Turner,Myrtaceae,Eucalyptus,,,Australia,on,
9776,Gelechiidae,Ardozyga,mesachra,,Lower,Myrtaceae,Eucalyptus,,,Australia,on,
9777,Gelechiidae,Ardozyga,mesochra,,Lower,Myrtaceae,Eucalyptus,,,Australia,,
13949,Geometridae,Arhodia,lasiocamparia,,Guenée,Myrtaceae,Eucalyptus,,,Australia,,
90109,Oecophoridae,Aristeis,hepialella,,Walker,Myrtaceae,Eucalyptus,,,Australia,,
90111,Oecophoridae,Aristeis,hepialella,,Walker,Myrtaceae,Eucalyptus,,,Australia,on leaves,
90112,Oecophoridae,Artiastis,tepida,,Meyrick,Myrtaceae,Eucalyptus,,,Australia,on,
4483,Blastobasidae,Blastobasis,sarcophaga,,Meyrick,Myrtaceae,Eucalyptus,,,Australia,,
5065,Carposinidae,Bondia,nigella,,Newman,Myrtaceae,Eucalyptus,,,Australia,,
4844,Bucculatricidae,Bucculatrix,eucalypti,,Meyrick,Myrtaceae,Eucalyptus,,,Australia,,
101316,Pyralidae,Callionyma,sarcodes,,Meyrick,Myrtaceae,Eucalyptus,,,Australia,,
45133,Lymantriidae,Calliteara,pura,,Lucas,Myrtaceae,Eucalyptus,,,Australia,,
128684,Tortricidae,Capua,debiliana,,Walker,Myrtaceae,Eucalyptus,,,Australia,on leaves,
128685,Tortricidae,Capua,decolorana,,Walker,Myrtaceae,Eucalyptus,,,Australia,on leaves,
128686,Tortricidae,Capua,euphona,,Meyrick,Myrtaceae,Eucalyptus,,,Australia,,
128687,Tortricidae,Capua,euryochra,,Turner,Myrtaceae,Eucalyptus,,,Australia,on litter,
128689,Tortricidae,Capua,intractana,,Walker,Myrtaceae,Eucalyptus,,,Australia,on leaves,
128690,Tortricidae,Capua,leucostacta,,Meyrick,Myrtaceae,Eucalyptus,,,Australia,on litter,
128691,Tortricidae,Capua,mersana,,Walker,Myrtaceae,Eucalyptus,,,Australia,on leaves,
128694,Tortricidae,Capua,semiferrana,,Walker,Myrtaceae,Eucalyptus,,,Australia,on leaves,
118023,Sesiidae,Carmenta,chrysophanes,,Meyrick,Myrtaceae,Eucalyptus,,,Australia,,
200,Anthelidae,Chelepteryx,collesi,,Gray,Myrtaceae,Eucalyptus,,,Australia,,
201,Anthelidae,Chelepteryx,collesi,,Gray,Myrtaceae,Eucalyptus,,,Australia,on leaves,
203,Anthelidae,Chenuala,heliaspis,,Meyrick,Myrtaceae,Eucalyptus,,,Australia,,
206,Anthelidae,Chenuala,heliaspis,,Meyrick,Myrtaceae,Eucalyptus,,,Australia,on leaves,
90224,Oecophoridae,Chrysonoma,fascialis,,Fabricius,Myrtaceae,Eucalyptus,,,Australia,,
97685,Psychidae,Clania,ignobilis,,Walker,Myrtaceae,Eucalyptus,,,Australia,,
97687,Psychidae,Clania,tenuis,,Rosenstock,Myrtaceae,Eucalyptus,,,Australia,,
15371,Geometridae,Cleora,repetita,,Butler,Myrtaceae,Eucalyptus,,,Australia,,
129837,Tortricidae,Cnephasia,orthias,,Meyrick,Myrtaceae,Eucalyptus,,,Australia,on leaf litter,
130084,Tortricidae,Conchylis,fuscicepsana,,Walker,Myrtaceae,Eucalyptus,,,Australia,on leaves,
35613,Lecithoceridae,Crocanthes,micradelpha,,Lower,Myrtaceae,Eucalyptus,,,Australia,,
35614,Lecithoceridae,Crocanthes,prasinopis,,Meyrick,Myrtaceae,Eucalyptus,,,Australia,,
90230,Oecophoridae,Crypsicharis,neocosma,,Meyrick,Myrtaceae,Eucalyptus,,,Australia,,
15674,Geometridae,Crypsiphona,ocultaria,,Donovan,Myrtaceae,Eucalyptus,,,Australia,,
15675,Geometridae,Crypsiphona,ocultaria,,Donovan,Myrtaceae,Eucalyptus,,,Australia,on leaves,
90237,Oecophoridae,Cryptolechia,humerana,,Walker,Myrtaceae,Eucalyptus,,,Australia,on,
90239,Oecophoridae,Cryptopeges,hypoxantha,,Turner,Myrtaceae,Eucalyptus,,,Australia,,
90253,Oecophoridae,Cryptophasa,balteata,,Walker,Myrtaceae,Eucalyptus,,,Australia,,
90257,Oecophoridae,Cryptophasa,chionodes,,Turner,Myrtaceae,Eucalyptus,,,Australia,on,
90266,Oecophoridae,Cryptophasa,hyalinopa,,Lower,Myrtaceae,Eucalyptus,,,Australia,on,
90274,Oecophoridae,Cryptophasa,nigricincta,,Turner,Myrtaceae,Eucalyptus,,,Australia,on,
90278,Oecophoridae,Cryptophasa,ochroleuca,,Lower,Myrtaceae,Eucalyptus,,,Australia,,
90280,Oecophoridae,Cryptophasa,psilocrossa,,Turner,Myrtaceae,Eucalyptus,,,Australia,on,
90289,Oecophoridae,Cryptophasa,sacerdos,,Turner,Myrtaceae,Eucalyptus,,,Australia,on,
90290,Oecophoridae,Cryptophasa,sarcinota,,Meyrick,Myrtaceae,Eucalyptus,,,Australia,on,
7477,Cossidae,Culama,mesogeia,,Turner,Myrtaceae,Eucalyptus,,,Australia,,
15786,Geometridae,Cyneoterpna,wilsoni,,Felder & Rogenh.,Myrtaceae,Eucalyptus,,,Australia,,
76311,Notodontidae,Destolmia,lineata,,Walker,Myrtaceae,Eucalyptus,,,Australia,,
10733,Gelechiidae,Dichomeris,holomela,,Lower,Myrtaceae,Eucalyptus,,,Australia,,
10835,Gelechiidae,Dichomeris,lygropa,,Lower,Myrtaceae,Eucalyptus,,,Australia,,
33434,Lasiocampidae,Digglesia,dasymalla,,Turner,Myrtaceae,Eucalyptus,,,Australia,,
33435,Lasiocampidae,Digglesia,rufescens,,Walker,Myrtaceae,Eucalyptus,,,Australia,,
91728,Oenosandridae,Discophlebia,catocalina,,Felder,Myrtaceae,Eucalyptus,,,Australia,,
131451,Tortricidae,Ditula,sp.,,,Myrtaceae,Eucalyptus,,,Australia,on leaves,
36330,Limacodidae,Doratifera,casta,,Scott,Myrtaceae,Eucalyptus,,,Australia,,
36334,Limacodidae,Doratifera,ochroptila,,Turner,Myrtaceae,Eucalyptus,,,Australia,,
36335,Limacodidae,Doratifera,oxleyi,,Newman,Myrtaceae,Eucalyptus,,,Australia,,
36336,Limacodidae,Doratifera,oxleyi,,Newman,Myrtaceae,Eucalyptus,,,Australia,on leaves,
36339,Limacodidae,Doratifera,pinguis,,Walker,Myrtaceae,Eucalyptus,,,Australia,,
36340,Limacodidae,Doratifera,quadriguttata,,Walker,Myrtaceae,Eucalyptus,,,Australia,,
36346,Limacodidae,Doratifera,vulnerans,,Lewin,Myrtaceae,Eucalyptus,,,Australia,,
36355,Limacodidae,Doratifera,vulnerans,,Lewin,Myrtaceae,Eucalyptus,,,Australia,on leaves,
103401,Pyralidae,Drymiarcha,exanthes,,Meyrick,Myrtaceae,Eucalyptus,,,Australia,,
131607,Tortricidae,Eboda,exeristis,,Meyrick,Myrtaceae,Eucalyptus,,,Australia,,
16335,Geometridae,Ectropis,excursaria,,Guenée,Myrtaceae,Eucalyptus,,,Australia,,
33441,Lasiocampidae,Entometa,chlorosacca,,Turner,Myrtaceae,Eucalyptus,,,Australia,,
33442,Lasiocampidae,Entometa,fervens,,Walker,Myrtaceae,Eucalyptus,,,Australia,,
33443,Lasiocampidae,Entometa,guttularis,,Walker,Myrtaceae,Eucalyptus,,,Australia,,
76378,Notodontidae,Epicoma,contristis,,Hübner,Myrtaceae,Eucalyptus,,,Australia,,
76380,Notodontidae,Epicoma,melanospila,,Wallengren,Myrtaceae,Eucalyptus,,,Australia,on leaves,
76383,Notodontidae,Epicoma,melanosticta,,Donovan,Myrtaceae,Eucalyptus,,,Australia,,
16678,Geometridae,Epidesmia,chilonaria,,Herrich-Schäffer,Myrtaceae,Eucalyptus,,,Australia,,
132589,Tortricidae,Epiphyas,caryotis,,Meyrick,Myrtaceae,Eucalyptus,,,Australia,,
132623,Tortricidae,Epiphyas,postvittana,,Walker,Myrtaceae,Eucalyptus,,,Australia,,
132753,Tortricidae,Epitymbia,cosmota,,Meyrick,Myrtaceae,Eucalyptus,,,Australia,,
132754,Tortricidae,Epitymbia,sp.,,,Myrtaceae,Eucalyptus,,,Australia,,
132755,Tortricidae,Epitymbia,spp.,,,Myrtaceae,Eucalyptus,,,Australia,,
90555,Oecophoridae,Euchaetis,spp.,,,Myrtaceae,Eucalyptus,,,Australia,,
90560,Oecophoridae,Eulechria,spp.,,,Myrtaceae,Eucalyptus,,,Australia,,
17433,Geometridae,Euloxia,meandraria,,Guenée,Myrtaceae,Eucalyptus,,,Australia,,
45715,Lymantriidae,Euproctis,baliolalis,,Swinhoe,Myrtaceae,Eucalyptus,,,Australia,,
46084,Lymantriidae,Euproctis,marginalis,,Walker,Myrtaceae,Eucalyptus,,,Australia,,
46213,Lymantriidae,Euproctis,stenomorpha,,Turner,Myrtaceae,Eucalyptus,,,Australia,,
33101,Hypertrophidae,Eupselia,carpocapsella,,Walker,Myrtaceae,Eucalyptus,,,Australia,,
33102,Hypertrophidae,Eupselia,carpocapsella,,Walker,Myrtaceae,Eucalyptus,,,Australia,on leaves,
33103,Hypertrophidae,Eupselia,satrapella,,Meyrick,Myrtaceae,Eucalyptus,,,Australia,in leaves,
33105,Hypertrophidae,Eupselia,spp.,,,Myrtaceae,Eucalyptus,,,Australia,,
90600,Oecophoridae,Garrha,pudica,,Zeller,Myrtaceae,Eucalyptus,,,Australia,,
90606,Oecophoridae,Garrha,spp.,,,Myrtaceae,Eucalyptus,,,Australia,,
18713,Geometridae,Gastrophora,henricaria,,Guenée,Myrtaceae,Eucalyptus,,,Australia,,
18977,Geometridae,Heliomystis,electrica,,Meyrick,Myrtaceae,Eucalyptus,,,Australia,,
29490,Heliozelidae,Heliozela,prodela,,Meyrick,Myrtaceae,Eucalyptus,,,Australia,,
29491,Heliozelidae,Heliozela,prodela,,Meyrick,Myrtaceae,Eucalyptus,,,Australia,on leaves,
90634,Oecophoridae,Hemibela,callista,,Meyrick,Myrtaceae,Eucalyptus,,,Australia,,
90636,Oecophoridae,Hemibela,callista,,Meyrick,Myrtaceae,Eucalyptus,,,Australia,on leaves,
90637,Oecophoridae,Hemibela,spp.,,,Myrtaceae,Eucalyptus,,,Australia,,
90638,Oecophoridae,Hemibela,tyranna,,Meyrick,Myrtaceae,Eucalyptus,,,Australia,on,
140258,Zygaenidae,Hestiochora,tricolor,,Walker,Myrtaceae,Eucalyptus,,,Australia,,
105278,Pyralidae,Heteromicta,tripartitella,,Meyrick,Myrtaceae,Eucalyptus,,,Australia,,
19152,Geometridae,Heteroptila,argoplaca,,Meyrick,Myrtaceae,Eucalyptus,,,Australia,,
90651,Oecophoridae,Hippomacha,hemicalypta,,Meyrick,Myrtaceae,Eucalyptus,,,Australia,on,
98034,Psychidae,Hyalarcta,herrichi,,Westwood,Myrtaceae,Eucalyptus,,,Australia,on leaves,
98042,Psychidae,Hyalarcta,huebneri,,Westwood,Myrtaceae,Eucalyptus,,,Australia,,
98060,Psychidae,Hyalarcta,nigrescens,,Doubleday,Myrtaceae,Eucalyptus,,,Australia,,
76766,Notodontidae,Hylaeora,capucina,,Felder,Myrtaceae,Eucalyptus,,,Australia,,
76767,Notodontidae,Hylaeora,dilucida,,Felder,Myrtaceae,Eucalyptus,,,Australia,,
76768,Notodontidae,Hylaeora,inclyta,,Walker,Myrtaceae,Eucalyptus,,,Australia,,
33107,Hypertrophidae,Hypertropha,tortriciformis,,Guenée,Myrtaceae,Eucalyptus,,,Australia,,
19500,Geometridae,Hypobapta,barnardi,,Goldfinch,Myrtaceae,Eucalyptus,,,Australia,,
19501,Geometridae,Hypobapta,eugramma,,Lower,Myrtaceae,Eucalyptus,,,Australia,,
19502,Geometridae,Hypobapta,percomptaria,,Guenée,Myrtaceae,Eucalyptus,,,Australia,,
19507,Geometridae,Hypodoxa,bryophylla,,Goldfinch,Myrtaceae,Eucalyptus,,,Australia,,
19508,Geometridae,Hypodoxa,emiliaria,,Guenée,Myrtaceae,Eucalyptus,,,Australia,,
46362,Lymantriidae,Icta,fulviceps,,Walker,Myrtaceae,Eucalyptus,,,Australia,,
90701,Oecophoridae,Illidgea,epigramma,,Meyrick,Myrtaceae,Eucalyptus,,,Australia,,
90702,Oecophoridae,Illidgea,epigramma,,Meyrick,Myrtaceae,Eucalyptus,,,Australia,in stems,
46372,Lymantriidae,Iropoca,rotundata,,Walker,Myrtaceae,Eucalyptus,,,Australia,,
134382,Tortricidae,Isochorista,chaodes,,Meyrick,Myrtaceae,Eucalyptus,,,Australia,on leaves,
134383,Tortricidae,Isochorista,panaelona,,Meyrick,Myrtaceae,Eucalyptus,,,Australia,on leaf litter,
35648,Lecithoceridae,Lecithocera,spp.,,,Myrtaceae,Eucalyptus,,,Australia,,
6828,Cosmopterigidae,Leptozestis,peroneta,,Meyrick,Myrtaceae,Eucalyptus,,,Australia,,
27247,Gracillariidae,Macarostola,ida,,Meyrick,Myrtaceae,Eucalyptus,,,Australia,,
76875,Notodontidae,Marane,melanospila,,Wallengren,Myrtaceae,Eucalyptus,,,Australia,,
75087,Nolidae,Meganola,metallopa,,Meyrick,Myrtaceae,Eucalyptus,,,Australia,,
20857,Geometridae,Melanodes,anthracitaria,,Guenée,Myrtaceae,Eucalyptus,,,Australia,,
134919,Tortricidae,Meritastis,lythrodana,,Meyrick,Myrtaceae,Eucalyptus,,,Australia,,
134920,Tortricidae,Meritastis,piperata,,Meyrick,Myrtaceae,Eucalyptus,,,Australia,on leaf litter,
134921,Tortricidae,Meritastis,ursina,,Meyrick,Myrtaceae,Eucalyptus,,,Australia,,
121793,Sphingidae,Metamimas,australasiae,,Donovan,Myrtaceae,Eucalyptus,,,Australia,,
21189,Geometridae,Mnesampela,lenaea,,Meyrick,Myrtaceae,Eucalyptus,,,Australia,,
21190,Geometridae,Mnesampela,privata,,Guenée,Myrtaceae,Eucalyptus,,,Australia,,
21192,Geometridae,Monoctenia,smerintharia,,Felder & Rogenh.,Myrtaceae,Eucalyptus,,,Australia,,
106597,Pyralidae,Nacoleia,rhoeoalis,,Walker,Myrtaceae,Eucalyptus,,,Australia,,
21566,Geometridae,Niceteria,macrocosma,,Lower,Myrtaceae,Eucalyptus,,,Australia,,
75312,Nolidae,Nycteola,crystallites,,Meyrick,Myrtaceae,Eucalyptus,,,Australia,,
77172,Notodontidae,Ochrogaster,,,,Myrtaceae,Eucalyptus,,,Australia,,
77175,Notodontidae,Ochrogaster,lunifer,,Herrich-Schäffer,Myrtaceae,Eucalyptus,,,Australia,,
106869,Pyralidae,Ocrasa,albidalis,,Walker,Myrtaceae,Eucalyptus,,,Australia,,
90954,Oecophoridae,Ocystola,paulinella,,Newman,Myrtaceae,Eucalyptus,,,Australia,,
90956,Oecophoridae,Ocystola,spp.,,,Myrtaceae,Eucalyptus,,,Australia,,
91050,Oecophoridae,Oenochroa,endochlora,,Meyrick,Myrtaceae,Eucalyptus,,,Australia,in galls,
91052,Oecophoridae,Oenochroa,lactella,,Walker,Myrtaceae,Eucalyptus,,,Australia,on,
91053,Oecophoridae,Oenochroa,lepida,,Turner,Myrtaceae,Eucalyptus,,,Australia,on,
91054,Oecophoridae,Oenochroa,molybdoptera,,Turner,Myrtaceae,Eucalyptus,,,Australia,on,
91056,Oecophoridae,Oenochroa,thermistis,,Lower,Myrtaceae,Eucalyptus,,,Australia,on,
91057,Oecophoridae,Oenochroa,zophocosma,,Turner,Myrtaceae,Eucalyptus,,,Australia,on,
91729,Oenosandridae,Oenosandra,boisduvalii,,Newman,Myrtaceae,Eucalyptus,,,Australia,,
98397,Psychidae,Oiketicus,elongatus,,Saunders,Myrtaceae,Eucalyptus,,,Australia,,
47267,Lymantriidae,Olene,mendosa,,Hübner,Myrtaceae,Eucalyptus,,,Australia,,
21696,Geometridae,Onychopsis,lutosaria,,Felder & Rogenh.,Myrtaceae,Eucalyptus,,,Australia,,
116420,Saturniidae,Opodiphthera,eucalypti,,Scott,Myrtaceae,Eucalyptus,,,Australia,,
116449,Saturniidae,Opodiphthera,eucalypti,,Scott,Myrtaceae,Eucalyptus,,,Australia,on leaves,
116455,Saturniidae,Opodiphthera,helena,,White,Myrtaceae,Eucalyptus,,,Australia,,
34702,Lasiocampidae,Opsirhina,albigutta,,Walker,Myrtaceae,Eucalyptus,,,Australia,,
34703,Lasiocampidae,Opsirhina,lechriodes,,Turner,Myrtaceae,Eucalyptus,,,Australia,,
34704,Lasiocampidae,Opsirhina,lechriodes,,Turner,Myrtaceae,Eucalyptus,,,Australia,on leaves,
9381,Eupterotidae,Panacela,lewinae,,Lewin,Myrtaceae,Eucalyptus,,,Australia,,
9387,Eupterotidae,Panacela,lewinae,,Lewin,Myrtaceae,Eucalyptus,,,Australia,on leaves,
77239,Notodontidae,Paradestolmia,nigrolinea,,Lucas,Myrtaceae,Eucalyptus,,,Australia,,
22174,Geometridae,Paralaea,beggaria,,Guenée,Myrtaceae,Eucalyptus,,,Australia,,
22175,Geometridae,Paralaea,porphyrinaria,,Guenée,Myrtaceae,Eucalyptus,,,Australia,,
22186,Geometridae,Parathemis,,,,Myrtaceae,Eucalyptus,,,Australia,,
22205,Geometridae,Parepisparis,excusata,,Walker,Myrtaceae,Eucalyptus,,,Australia,,
91081,Oecophoridae,Parocystola,dichroella,,Zeller,Myrtaceae,Eucalyptus,,,Australia,on,
68047,Noctuidae,Pataeta,carbo,,Guenée,Myrtaceae,Eucalyptus,,,Australia,,
50124,Nepticulidae,Pectinivalva,,,,Myrtaceae,Eucalyptus,,,Australia,,
50127,Nepticulidae,Pectinivalva,commoni,,Scoble,Myrtaceae,Eucalyptus,,,Australia,,
91084,Oecophoridae,Pedois,lewinella,,Newman,Myrtaceae,Eucalyptus,,,Australia,,
33108,Hypertrophidae,Peritropha,oligodrachma,,Diakonoff,Myrtaceae,Eucalyptus,,,Australia,,
33183,Incurvariidae,Perthida,glyphopa,,Common,Myrtaceae,Eucalyptus,,,Australia,,
33198,Incurvariidae,Perthida,monophthalma,,Meyrick,Myrtaceae,Eucalyptus,,,Australia,,
33199,Incurvariidae,Perthida,nectarea,,Meyrick,Myrtaceae,Eucalyptus,,,Australia,,
91097,Oecophoridae,Philobota,spp.,,,Myrtaceae,Eucalyptus,,,Australia,,
22596,Geometridae,Pholodes,sinistraria,,Guenée,Myrtaceae,Eucalyptus,,,Australia,,
91100,Oecophoridae,Piloprepes,aemulella,,Walker,Myrtaceae,Eucalyptus,,,Australia,,
91101,Oecophoridae,Piloprepes,aemulella,,Walker,Myrtaceae,Eucalyptus,,,Australia,on leaves,
91102,Oecophoridae,Piloprepes,gelidella,,Walker,Myrtaceae,Eucalyptus,,,Australia,,
34955,Lasiocampidae,Pinara,cana,,Walker,Myrtaceae,Eucalyptus,,,Australia,,
34956,Lasiocampidae,Pinara,divisa,,Walker,Myrtaceae,Eucalyptus,,,Australia,,
34958,Lasiocampidae,Pinara,obliqua,,Walker,Myrtaceae,Eucalyptus,,,Australia,,
91107,Oecophoridae,Plectophila,discalis,,Walker,Myrtaceae,Eucalyptus,,,Australia,,
91111,Oecophoridae,Plectophila,thrasycosma,,Meyrick,Myrtaceae,Eucalyptus,,,Australia,,
22895,Geometridae,Plesanemma,fucata,,Felder & Rogenh.,Myrtaceae,Eucalyptus,,,Australia,,
35004,Lasiocampidae,Porela,delineata,,Walker,Myrtaceae,Eucalyptus,,,Australia,,
35006,Lasiocampidae,Porela,vetusta,,Walker,Myrtaceae,Eucalyptus,,,Australia,,
35008,Lasiocampidae,Porela,vetusta,,Walker,Myrtaceae,Eucalyptus,,,Australia,on leaves,
22944,Geometridae,Prasinocyma,rhodocosma,,Meyrick,Myrtaceae,Eucalyptus,,,Australia,,
37342,Limacodidae,Pseudanapaea,trigona,,Turner,Myrtaceae,Eucalyptus,,,Australia,,
109034,Pyralidae,Salma,ebenina,,Turner,Myrtaceae,Eucalyptus,,,Australia,,
109035,Pyralidae,Salma,ebenina,,Turner,Myrtaceae,Eucalyptus,,,Australia,on,
109042,Pyralidae,Salma,pyrastis,,Meyrick,Myrtaceae,Eucalyptus,,,Australia,,
91322,Oecophoridae,Scieropepla,polyxesta,,Meyrick,Myrtaceae,Eucalyptus,,,Australia,,
91326,Oecophoridae,Scieropepla,serina,,Meyrick,Myrtaceae,Eucalyptus,,,Australia,,
24228,Geometridae,Smyriodes,trigramma,,Lower,Myrtaceae,Eucalyptus,,,Australia,,
77873,Notodontidae,Sorama,bicolor,,Walker,Myrtaceae,Eucalyptus,,,Australia,,
3451,Arctiidae,Spilosoma,curvata,,Donovan,Myrtaceae,Eucalyptus,,,Australia,,
3464,Arctiidae,Spilosoma,glatignyi,,Le Guillou,Myrtaceae,Eucalyptus,,,Australia,,
91429,Oecophoridae,Stathmopoda,crocophanes,,Meyrick,Myrtaceae,Eucalyptus,,,Australia,,
109447,Pyralidae,Stericta,carbonalis,,Guenée,Myrtaceae,Eucalyptus,,,Australia,,
35316,Lasiocampidae,Symphyta,nyctopis,,Turner,Myrtaceae,Eucalyptus,,,Australia,,
35317,Lasiocampidae,Symphyta,psaropis,,Turner,Myrtaceae,Eucalyptus,,,Australia,,
77990,Notodontidae,Teara,contraria,,Walker,Myrtaceae,Eucalyptus,,,Australia,on leaves,
48781,Lymantriidae,Teia,anartoides,,Walker,Myrtaceae,Eucalyptus,,,Australia,,
91553,Oecophoridae,Telecrates,laetiorella,,Walker,Myrtaceae,Eucalyptus,,,Australia,,
91556,Oecophoridae,Thema,spp.,,,Myrtaceae,Eucalyptus,,,Australia,,
138498,Tortricidae,Thrincophora,lignigerana,,Walker,Myrtaceae,Eucalyptus,,,Australia,on leaves,
91581,Oecophoridae,Thysiarcha,ecclesiastis,,Meyrick,Myrtaceae,Eucalyptus,,,Australia,,
72893,Noctuidae,Tiracola,plagiata,,Walker,Myrtaceae,Eucalyptus,,,Australia,,
109818,Pyralidae,Titanoceros,cataxantha,,Meyrick,Myrtaceae,Eucalyptus,,,Australia,,
91659,Oecophoridae,Tortricopsis,semijunctella,,Walker,Myrtaceae,Eucalyptus,,,Australia,,
91662,Oecophoridae,Tortricopsis,uncinella,,Zeller,Myrtaceae,Eucalyptus,,,Australia,on,
7309,Cosmopterigidae,Trachydora,musaea,,Meyrick,Myrtaceae,Eucalyptus,,,Australia,on twigs,
78032,Notodontidae,Trichiocercus,sparshalli,,Curtis,Myrtaceae,Eucalyptus,,,Australia,,
29854,Hepialidae,Trictena,atripalpis,,Walker,Myrtaceae,Eucalyptus,,,Australia,,
29855,Hepialidae,Trictena,atripalpis,,Walker,Myrtaceae,Eucalyptus,,,Australia,on leaves,
7637,Cossidae,Trigonocyttara,clandestina,,Turner,Myrtaceae,Eucalyptus,,,Australia,,
91666,Oecophoridae,Tymbophora,peltastis,,Meyrick,Myrtaceae,Eucalyptus,,,Australia,,
75585,Nolidae,Uraba,lugens,,Walker,Myrtaceae,Eucalyptus,,,Australia,,
75596,Nolidae,Uraba,metallopa,,Meyrick,Myrtaceae,Eucalyptus,,,Australia,,
91669,Oecophoridae,Uzucha,borealis,,Turner,Myrtaceae,Eucalyptus,,,Australia,,
91673,Oecophoridae,Uzucha,humeralis,,Walker,Myrtaceae,Eucalyptus,,,Australia,,
91676,Oecophoridae,Wingia,aurata,,Walker,Myrtaceae,Eucalyptus,,,Australia,,
91678,Oecophoridae,Wingia,aurata,,Walker,Myrtaceae,Eucalyptus,,,Australia,on leaves,
91679,Oecophoridae,Wingia,lambertella,,Wing,Myrtaceae,Eucalyptus,,,Australia,,
7648,Cossidae,Xyleutes,affinis,,Rothschild,Myrtaceae,Eucalyptus,,,Australia,,
7653,Cossidae,Xyleutes,boisduvali,,Rothschild,Myrtaceae,Eucalyptus,,,Australia,,
7654,Cossidae,Xyleutes,boisduvali,,Rothschild,Myrtaceae,Eucalyptus,,,Australia,on leaves,
7713,Cossidae,Xyleutes,cinereus,,Tepper,Myrtaceae,Eucalyptus,,,Australia,,
7731,Cossidae,Xyleutes,magnifica,,Rothschild,Myrtaceae,Eucalyptus,,,Australia,,
91687,Oecophoridae,Xylorycta,flavicosta,,Lucas,Myrtaceae,Eucalyptus,,,Australia,on,
140083,Yponomeutidae,Zelleria,cryptica,,Meyrick,Myrtaceae,Eucalyptus,,,Australia,,
140125,Yponomeutidae,Zelleria,perimeces,,Turner,Myrtaceae,Eucalyptus,,,Australia,on,
29867,Hepialidae,Zelotypia,stacyi,,Scott,Myrtaceae,Eucalyptus,,,Australia,,
91724,Oecophoridae,Zonopetala,clerota,,Meyrick,Myrtaceae,Eucalyptus,,,Australia,,
91725,Oecophoridae,Zonopetala,erythrosema,,Meyrick,Myrtaceae,Eucalyptus,,,Australia,,
90718,Oecophoridae,Leistarcha,scitissimella,,Walker,Myrtaceae,Eucalyptus,amygdalina,,Australia,on,
33184,Incurvariidae,Perthida,glyphopa,,Common,Myrtaceae,Eucalyptus,camaldulensis,,Australia,in leaves,
75587,Nolidae,Uraba,lugens,,Walker,Myrtaceae,Eucalyptus,camaldulensis,,Australia,on leaves,
91670,Oecophoridae,Uzucha,borealis,,Turner,Myrtaceae,Eucalyptus,citriodora,,Australia,on leaves,
50128,Nepticulidae,Pectinivalva,commoni,,Scoble,Myrtaceae,Eucalyptus,delegatensis,,Australia,on leaves,
33185,Incurvariidae,Perthida,glyphopa,,Common,Myrtaceae,Eucalyptus,diversicolor,,Australia,in leaves,
98051,Psychidae,Hyalarcta,huebneri,,Westwood,Myrtaceae,Eucalyptus,dives,,Australia,on leaves,
33186,Incurvariidae,Perthida,glyphopa,,Common,Myrtaceae,Eucalyptus,erythrocorys,,Australia,in leaves,
36356,Limacodidae,Doratifera,vulnerans,,Lewin,Myrtaceae,Eucalyptus,ficifolia,,Australia,on leaves,
76384,Notodontidae,Epicoma,melanosticta,,Donovan,Myrtaceae,Eucalyptus,ficifolia,,Australia,,
75588,Nolidae,Uraba,lugens,,Walker,Myrtaceae,Eucalyptus,ficifolia,,Australia,on leaves,
21191,Geometridae,Mnesampela,privata,,Guenée,Myrtaceae,Eucalyptus,globulus,,Australia,on leaves,
98061,Psychidae,Hyalarcta,nigrescens,,Doubleday,Myrtaceae,Eucalyptus,gomphocephala,,Australia,,
33187,Incurvariidae,Perthida,glyphopa,,Common,Myrtaceae,Eucalyptus,gomphocephala,,Australia,in leaves,
75589,Nolidae,Uraba,lugens,,Walker,Myrtaceae,Eucalyptus,grandis,,Australia,on leaves,
7655,Cossidae,Xyleutes,boisduvali,,Rothschild,Myrtaceae,Eucalyptus,grandis,,Australia,on leaves,
9388,Eupterotidae,Panacela,lewinae,,Lewin,Myrtaceae,Eucalyptus,gummifera,,Australia,on leaves,
33188,Incurvariidae,Perthida,glyphopa,,Common,Myrtaceae,Eucalyptus,jacksonii,,Australia,in leaves,
33189,Incurvariidae,Perthida,glyphopa,,Common,Myrtaceae,Eucalyptus,loxophleba,loxophleba,Australia,in leaves,
75590,Nolidae,Uraba,lugens,,Walker,Myrtaceae,Eucalyptus,macrorhyncha,,Australia,on leaves,
5064,Carposinidae,Bondia,nigella,,Neumoegen,Myrtaceae,Eucalyptus,maculata,,Australia,,
91671,Oecophoridae,Uzucha,borealis,,Turner,Myrtaceae,Eucalyptus,maculata,,Australia,on leaves,
91675,Oecophoridae,Uzucha,humeralis,,Walker,Myrtaceae,Eucalyptus,maculata,,Australia,on leaves,
7656,Cossidae,Xyleutes,boisduvali,,Rothschild,Myrtaceae,Eucalyptus,major,,Australia,on leaves,
33190,Incurvariidae,Perthida,glyphopa,,Common,Myrtaceae,Eucalyptus,marginata,,Australia,in leaves,
75591,Nolidae,Uraba,lugens,,Walker,Myrtaceae,Eucalyptus,melliodora,,Australia,on leaves,
90653,Oecophoridae,Hippomacha,relucens,,Meyrick,Myrtaceae,Eucalyptus,microcorys,,Australia,in case on,
90744,Oecophoridae,Machimia,absumptella,,Walker,Myrtaceae,Eucalyptus,microcorys,,Australia,on,
91063,Oecophoridae,Oxypages,gnomica,,Meyrick,Myrtaceae,Eucalyptus,microcorys,,Australia,in case on,
123512,Tineidae,Erechthias,iuloptera,,Meyrick,Myrtaceae,Eucalyptus,moluccana,,Australia,in bark,
75592,Nolidae,Uraba,lugens,,Walker,Myrtaceae,Eucalyptus,moluccana,,Australia,on leaves,
29507,Hepialidae,Abantiades,latipennis,,Tindale,Myrtaceae,Eucalyptus,obliqua,,Australia,,
75593,Nolidae,Uraba,lugens,,Walker,Myrtaceae,Eucalyptus,obliqua,,Australia,on leaves,
33191,Incurvariidae,Perthida,glyphopa,,Common,Myrtaceae,Eucalyptus,occidentalis,,Australia,in leaves,
36337,Limacodidae,Doratifera,oxleyi,,Newman,Myrtaceae,Eucalyptus,ovata,,Australia,on leaves,
9778,Gelechiidae,Ardozyga,mesochra,,Lower,Myrtaceae,Eucalyptus,paniculata,,Australia,on leaves,
9389,Eupterotidae,Panacela,lewinae,,Lewin,Myrtaceae,Eucalyptus,paniculata,,Australia,on leaves,
33192,Incurvariidae,Perthida,glyphopa,,Common,Myrtaceae,Eucalyptus,patens,,Australia,in leaves,
29538,Hepialidae,Aenetus,ombraloma,,Lower,Myrtaceae,Eucalyptus,pauciflora,,Australia,in stems,
8854,Elachistidae,Ogmograptis,scribula,,Meyrick,Myrtaceae,Eucalyptus,pauciflora,,Australia,in bark,
25526,Gracillariidae,Acrocercops,laciniella,,Meyrick,Myrtaceae,Eucalyptus,pilularis,,Australia,,
33200,Incurvariidae,Perthida,nectarea,,Meyrick,Myrtaceae,Eucalyptus,pilularis,,Australia,,
22605,Geometridae,Pholodes,sinistraria,,Guenée,Myrtaceae,Eucalyptus,pilularis,,Australia,on leaves,
27248,Gracillariidae,Macarostola,ida,,Meyrick,Myrtaceae,Eucalyptus,piperita,,Australia,,
9390,Eupterotidae,Panacela,lewinae,,Lewin,Myrtaceae,Eucalyptus,propinqua,,Australia,on leaves,
7657,Cossidae,Xyleutes,boisduvali,,Rothschild,Myrtaceae,Eucalyptus,propinqua,,Australia,on leaves,
46211,Lymantriidae,Euproctis,sp. G,,,Myrtaceae,Eucalyptus,ptychocarpa,,Australia,on leaves,
29868,Hepialidae,Zelotypia,stacyi,,Scott,Myrtaceae,Eucalyptus,punctata,,Australia,on leaves,
36357,Limacodidae,Doratifera,vulnerans,,Lewin,Myrtaceae,Eucalyptus,racemosa,,Australia,on leaves,
98052,Psychidae,Hyalarcta,huebneri,,Westwood,Myrtaceae,Eucalyptus,radiata,,Australia,on leaves,
33193,Incurvariidae,Perthida,glyphopa,,Common,Myrtaceae,Eucalyptus,redunca,,Australia,in leaves,
29508,Hepialidae,Abantiades,latipennis,,Tindale,Myrtaceae,Eucalyptus,regnans,,Australia,,
75594,Nolidae,Uraba,lugens,,Walker,Myrtaceae,Eucalyptus,robusta,,Australia,on leaves,
33194,Incurvariidae,Perthida,glyphopa,,Common,Myrtaceae,Eucalyptus,rudis,,Australia,in leaves,
75595,Nolidae,Uraba,lugens,,Walker,Myrtaceae,Eucalyptus,saligna,,Australia,on leaves,
29869,Hepialidae,Zelotypia,stacyi,,Scott,Myrtaceae,Eucalyptus,saligna,,Australia,on leaves,
33195,Incurvariidae,Perthida,glyphopa,,Common,Myrtaceae,Eucalyptus,salubris,,Australia,in leaves,
36341,Limacodidae,Doratifera,quadriguttata,,Walker,Myrtaceae,Eucalyptus,sideroxylon,,Australia,on leaves,
98053,Psychidae,Hyalarcta,huebneri,,Westwood,Myrtaceae,Eucalyptus,tereticornis,,Australia,on leaves,
90955,Oecophoridae,Ocystola,pyramis,,Meyrick,Myrtaceae,Eucalyptus,tereticornis,,Australia,on,
91316,Oecophoridae,Satrapia,thesaurina,,Meyrick,Myrtaceae,Eucalyptus,tereticornis,,Australia,in leaves,
72736,Noctuidae,Targalla,delatrix,,Guenée,Myrtaceae,Eucalyptus,tessellaris,,Australia,on leaves,
33196,Incurvariidae,Perthida,glyphopa,,Common,Myrtaceae,Eucalyptus,todtiana,,Australia,in leaves,
62074,Noctuidae,Helicoverpa,armigera,,Hübner,Myrtaceae,Eucalyptus,torelliana,,Australia,on leaves,
33197,Incurvariidae,Perthida,glyphopa,,Common,Myrtaceae,Eucalyptus,transcontinentalis,,Australia,in leaves,
36342,Limacodidae,Doratifera,quadriguttata,,Walker,Myrtaceae,Eucalyptus,triantha,,Australia,on leaves,
9391,Eupterotidae,Panacela,lewinae,,Lewin,Myrtaceae,Eucalyptus,triantha,,Australia,on leaves,
116458,Saturniidae,Opodiphthera,helena,,White,Myrtaceae,Eucalyptus,viminalis,,Australia,on leaves,
25773,Gracillariidae,Acrocercops,tristaniae,,Turner,Myrtaceae,Eugenia,,,Australia,in leaves,
29549,Hepialidae,Aenetus,splendens,,Scott,Myrtaceae,Eugenia,,,Australia,,
90264,Oecophoridae,Cryptophasa,eugeniae,,Lucas,Myrtaceae,Eugenia,,,Australia,on,
90554,Oecophoridae,Eschatura,lemurias,,Meyrick,Myrtaceae,Eugenia,,,Australia,on bark,
140311,Zygaenidae,Pollanisus,subdolosa,,Walker,Myrtaceae,Eugenia,,,Australia,,
34999,Lasiocampidae,Porela,arida,,Walker,Myrtaceae,Eugenia,,,Australia,,
25543,Gracillariidae,Acrocercops,macaria,,Turner,Rutaceae,Euodia,,,Australia,,
29545,Hepialidae,Aenetus,scotti,,Scott,Rutaceae,Euodia,,,Australia,,
117466,Saturniidae,Syntherata,janetta,,White,Rutaceae,Euodia,,,Australia,,
51401,Noctuidae,Achaea,janata,,Linnaeus,Euphorbiaceae,Euphorbia,,,Australia,,
22675,Geometridae,Pingasa,chlora,,Stoll,Anacardiaceae,Euroschinus,,,Australia,,
130508,Tortricidae,Cryptoptila,immersana,,Walker,Philesiaceae,Eustrephus,,,Australia,,
85442,Nymphalidae,Junonia,villida,,Fabricius,Convolvulaceae,Evolvulus,alsinoides,,Australia,,
51411,Noctuidae,Achaea,janata,,Linnaeus,Euphorbiaceae,Excoecaria,,,Australia,,
7520,Cossidae,Macrocyttara,expressa,,Lucas,Euphorbiaceae,Excoecaria,agallocha,,Australia,in trunks,
44747,Lymantriidae,Acyphas,leucomelas,,Walker,Santalaceae,Exocarpos,,,Australia,,
13463,Geometridae,Amelora,milvaria,,Guenée,Santalaceae,Exocarpos,,,Australia,,
13753,Geometridae,Anisozyga,insperata,,Walker,Santalaceae,Exocarpos,,,Australia,,
197,Anthelidae,Chelepteryx,chalepteryx,,Felder,Santalaceae,Exocarpos,,,Australia,,
33431,Lasiocampidae,Digglesia,australasiae,,Fabricius,Santalaceae,Exocarpos,,,Australia,,
33594,Lasiocampidae,Genduara,acedesta,,Turner,Santalaceae,Exocarpos,,,Australia,,
33597,Lasiocampidae,Genduara,subnotata,,Turner,Santalaceae,Exocarpos,,,Australia,,
8946,Epermeniidae,Gnathifera,eurybias,,Meyrick,Santalaceae,Exocarpos,,,Australia,,
9382,Eupterotidae,Panacela,lewinae,,Lewin,Santalaceae,Exocarpos,,,Australia,,
67569,Noctuidae,Pantydia,sparsa,,Guenée,Santalaceae,Exocarpos,,,Australia,,
91088,Oecophoridae,Philarista,porphyrinella,,Walker,Santalaceae,Exocarpos,,,Australia,,
22597,Geometridae,Pholodes,sinistraria,,Guenée,Santalaceae,Exocarpos,,,Australia,,
48782,Lymantriidae,Teia,anartoides,,Walker,Santalaceae,Exocarpos,,,Australia,,
91657,Oecophoridae,Tortricopsis,pyroptis,,Meyrick,Santalaceae,Exocarpos,,,Australia,,
90101,Oecophoridae,Arachnographa,micrastrella,,Meyrick,Santalaceae,Exocarpos,cupressiformis,,Australia,on,
51606,Noctuidae,Achaea,serva,,Fabricius,Moraceae,Ficus,,,Australia,,
53137,Noctuidae,Agape,chloropyga,,Walker,Moraceae,Ficus,,,Australia,,
100452,Pyralidae,Agrioglypta,excelsalis,,Walker,Moraceae,Ficus,,,Australia,,
55849,Noctuidae,Asota,caricae,,Fabricius,Moraceae,Ficus,,,Australia,,
55919,Noctuidae,Asota,iodamia,,Herrich-Schäffer,Moraceae,Ficus,,,Australia,,
55923,Noctuidae,Asota,plagiata,,Walker,Moraceae,Ficus,,,Australia,,
118024,Sesiidae,Carmenta,chrysophanes,,Meyrick,Moraceae,Ficus,,,Australia,,
5357,Choreutidae,Choreutis,sycopola,,Meyrick,Moraceae,Ficus,,,Australia,,
9363,Eupterotidae,Gastridiota,adoxima,,Turner,Moraceae,Ficus,,,Australia,,
33208,Lacturidae,Lactura,caminaea,,Meyrick,Moraceae,Ficus,,,Australia,,
46931,Lymantriidae,Lymantria,lunata,,Stoll,Moraceae,Ficus,,,Australia,,
90853,Oecophoridae,Maroga,melanostigma,,Wallengren,Moraceae,Ficus,,,Australia,,
6379,Copromorphidae,Phycomorpha,prasinochroa,,Meyrick,Moraceae,Ficus,,,Australia,,
7000,Cosmopterigidae,Pyroderces,,,,Moraceae,Ficus,,,Australia,,
109595,Pyralidae,Talanga,tolumnialis,,Walker,Moraceae,Ficus,,,Australia,,
83281,Nymphalidae,Euploea,core,,Cramer,Moraceae,Ficus,benjamina,,Australia,,
81599,Nymphalidae,Cupha,prosope,,Fabricius,Flacourtiaceae,Flacourtia,jangomas,,Australia,,
15373,Geometridae,Cleora,repetita,,Butler,Rutaceae,Flindersia,,,Australia,,
116415,Saturniidae,Opodiphthera,astrophela,,Walker,Rutaceae,Flindersia,,,Australia,,
22677,Geometridae,Pingasa,chlora,,Stoll,Rutaceae,Flindersia,,,Australia,,
53566,Noctuidae,Agrotis,ipsilon,,Hufnagel,Rosaceae,Fragaria,,,Australia,,
130509,Tortricidae,Cryptoptila,immersana,,Walker,Rosaceae,Fragaria,,,Australia,,
132627,Tortricidae,Epiphyas,postvittana,,Walker,Rosaceae,Fragaria,,,Australia,,
71739,Noctuidae,Spodoptera,litura,,Fabricius,Rosaceae,Fragaria,,,Australia,,
132628,Tortricidae,Epiphyas,postvittana,,Walker,Rosaceae,Fragaria,X ananassa,,Australia,,
3434,Arctiidae,Spilosoma,canescens,,Butler,Oleaceae,Fraxinus,,,Australia,,
121017,Sphingidae,Hippotion,scrofa,,Linnaeus,Onagraceae,Fuchsia,,,Australia,,
122919,Sphingidae,Theretra,latreillii,,Macleay,Onagraceae,Fuchsia,,,Australia,,
122981,Sphingidae,Theretra,oldenlandiae,,Fabricius,Onagraceae,Fuchsia,,,Australia,,
88912,Nymphalidae,Tisiphone,helena,,Olliff,Cyperaceae,Gahnia,,,Australia,,
88908,Nymphalidae,Tisiphone,abeona,,Donovan,Cyperaceae,Gahnia,clarkei,,Australia,,
88909,Nymphalidae,Tisiphone,abeona,,Donovan,Cyperaceae,Gahnia,erythrocarpa,,Australia,,
88910,Nymphalidae,Tisiphone,abeona,,Donovan,Cyperaceae,Gahnia,melanocarpa,,Australia,,
88911,Nymphalidae,Tisiphone,abeona,,Donovan,Cyperaceae,Gahnia,sieberana,,Australia,,
88913,Nymphalidae,Tisiphone,helena,,Olliff,Cyperaceae,Gahnia,sieberana,,Australia,,
119918,Sphingidae,Cephonodes,hylas,,Linnaeus,Rubiaceae,Gardenia,,,Australia,,
119981,Sphingidae,Cephonodes,kingii,,Macleay,Rubiaceae,Gardenia,,,Australia,,
16336,Geometridae,Ectropis,excursaria,,Guenée,Rubiaceae,Gardenia,,,Australia,,
48783,Lymantriidae,Teia,anartoides,,Walker,Rubiaceae,Gardenia,,,Australia,,
35846,Limacodidae,Calcarifera,ordinata,,Butler,Leguminosae (P),Gastrolobium,,,Australia,,
60162,Noctuidae,Eudesmeola,lawsoni,,Felder & Rogenh.,Rutaceae,Geijera,,,Australia,,
117467,Saturniidae,Syntherata,janetta,,White,Rutaceae,Geijera,,,Australia,,
3465,Arctiidae,Spilosoma,glatignyi,,Le Guillou,Leguminosae (P),Genista,,,Australia,,
110110,Pyralidae,Uresiphita,ornithopteralis,,Guenée,Leguminosae (P),Genista,,,Australia,,
99838,Pterophoridae,Stenoptilia,zophodactyla,,Duponchel,Gentianaceae,Gentianella,,,Australia,,
56694,Noctuidae,Bathytricha,truncata,,Walker,Iridaceae,Gladiolus,,,Australia,,
71741,Noctuidae,Spodoptera,litura,,Fabricius,Iridaceae,Gladiolus,,,Australia,,
48784,Lymantriidae,Teia,anartoides,,Walker,Iridaceae,Gladiolus,,,Australia,,
29514,Hepialidae,Aenetus,eximia,,Scott,Euphorbiaceae,Glochidion,,,Australia,,
13746,Geometridae,Anisodes,turneri,,Prout,Euphorbiaceae,Glochidion,,,Australia,,
26548,Gracillariidae,Caloptilia,xanthopharella,,Meyrick,Euphorbiaceae,Glochidion,,,Australia,,
113356,Saturniidae,Coscinocera,hercules,,Miskin,Euphorbiaceae,Glochidion,,,Australia,,
124212,Tineodidae,Euthrausta,oxyprora,,Turner,Euphorbiaceae,Glochidion,,,Australia,,
105421,Pyralidae,Hyalobathra,miniosalis,,Guenée,Euphorbiaceae,Glochidion,,,Australia,,
107822,Pyralidae,Parotis,atlitalis,,Walker,Euphorbiaceae,Glochidion,,,Australia,,
50678,Nepticulidae,Stigmella,phyllanthina,,Meyrick,Euphorbiaceae,Glochidion,,,Australia,,
117468,Saturniidae,Syntherata,janetta,,White,Euphorbiaceae,Glochidion,,,Australia,,
25581,Gracillariidae,Acrocercops,ochridorsella,,Meyrick,Euphorbiaceae,Glochidion,ferdinandi,,Australia,in leaves,
26144,Gracillariidae,Caloptilia,lepidella,,Meyrick,Euphorbiaceae,Glochidion,ferdinandi,,Australia,,
131569,Tortricidae,Dudua,phyllantha,,Meyrick,Euphorbiaceae,Glochidion,ferdinandi,,Australia,,
27145,Gracillariidae,Epicephala,frugicola,,Turner,Euphorbiaceae,Glochidion,ferdinandi,,Australia,in fruits,
50679,Nepticulidae,Stigmella,phyllanthina,,Meyrick,Euphorbiaceae,Glochidion,ferdinandi,,Australia,in leaves,
51416,Noctuidae,Achaea,janata,,Linnaeus,Leguminosae (P),Glycine,,,Australia,,
131215,Tortricidae,Cydia,zapyrana,,Meyrick,Leguminosae (P),Glycine,,,Australia,,
104030,Pyralidae,Etiella,behrii,,Zeller,Leguminosae (P),Glycine,,,Australia,,
104081,Pyralidae,Etiella,zinckenella,,Treitschke,Leguminosae (P),Glycine,,,Australia,,
19656,Geometridae,Hyposidra,janiaria,,Guenée,Leguminosae (P),Glycine,,,Australia,,
65784,Noctuidae,Mocis,alterna,,Walker,Leguminosae (P),Glycine,,,Australia,,
106953,Pyralidae,Omiodes,diemenalis,,Guenée,Leguminosae (P),Glycine,,,Australia,,
68378,Noctuidae,Phalaenoides,glycine,,Lewin,Leguminosae (P),Glycine,,,Australia,,
29073,Gracillariidae,Porphyrosela,aglaozona,,Meyrick,Leguminosae (P),Glycine,,,Australia,,
12708,Gelechiidae,Stomopteryx,simplexella,,Walker,Leguminosae (P),Glycine,,,Australia,,
73220,Noctuidae,Trichoplusia,orichalcea,,Fabricius,Leguminosae (P),Glycine,,,Australia,,
73408,Noctuidae,Trigonodes,hyppasia,,Cramer,Leguminosae (P),Glycine,,,Australia,,
12709,Gelechiidae,Stomopteryx,simplexella,,Walker,Leguminosae (P),Glycine,max,,Australia,,
68379,Noctuidae,Phalaenoides,glycine,,Lewin,Compositae,Gnaphalium,,,Australia,,
89415,Nymphalidae,Vanessa,kershawi,,McCoy,Compositae,Gnaphalium,,,Australia,,
60734,Noctuidae,Eutrichopidia,latinus,,Donovan,Haloragaceae,Gonocarpus,diffusus,,Australia,,
85443,Nymphalidae,Junonia,villida,,Fabricius,Goodeniaceae,Goodenia,,,Australia,,
51417,Noctuidae,Achaea,janata,,Linnaeus,Malvaceae,Gossypium,,,Australia,,
99961,Pyralidae,Achyra,affinitalis,,Lederer,Malvaceae,Gossypium,,,Australia,,
53767,Noctuidae,Agrotis,munda,,Walker,Malvaceae,Gossypium,,,Australia,,
53820,Noctuidae,Agrotis,radians,,Guenée,Malvaceae,Gossypium,,,Australia,,
54934,Noctuidae,Anomis,flava,,Fabricius,Malvaceae,Gossypium,,,Australia,,
55086,Noctuidae,Anomis,planalis,,Swinhoe,Malvaceae,Gossypium,,,Australia,,
4872,Bucculatricidae,Bucculatrix,gossypii,,Turner,Malvaceae,Gossypium,,,Australia,,
4873,Bucculatricidae,Bucculatrix,gossypii,,Turner,Malvaceae,Gossypium,,,Australia,on,
101934,Pyralidae,Conogethes,punctiferalis,,Guenée,Malvaceae,Gossypium,,,Australia,,
130164,Tortricidae,Crocidosema,plebejana,,Zeller,Malvaceae,Gossypium,,,Australia,,
74793,Nolidae,Earias,huegeli,,Rogenhofer,Malvaceae,Gossypium,,,Australia,,
74818,Nolidae,Earias,insulana,,Boisduval,Malvaceae,Gossypium,,,Australia,,
74871,Nolidae,Earias,ochrophylla,,Turner,Malvaceae,Gossypium,,,Australia,,
74881,Nolidae,Earias,perhuegeli,,Holloway,Malvaceae,Gossypium,,,Australia,,
74891,Nolidae,Earias,subviridis,,Lucas,Malvaceae,Gossypium,,,Australia,,
74909,Nolidae,Earias,vitella,,Fabricius,Malvaceae,Gossypium,,,Australia,,
104841,Pyralidae,Haritalodes,derogata,,Fabricius,Malvaceae,Gossypium,,,Australia,,
61881,Noctuidae,Helicoverpa,armigera,,Hübner,Malvaceae,Gossypium,,,Australia,,
62575,Noctuidae,Heliothis,punctigera,,Wallengren,Malvaceae,Gossypium,,,Australia,,
66326,Noctuidae,Neocleptria,punctifera,,Walker,Malvaceae,Gossypium,,,Australia,,
12046,Gelechiidae,Pectinophora,gossypiella,,Saunders,Malvaceae,Gossypium,,,Australia,,
12105,Gelechiidae,Pectinophora,scutigera,,Holdaway,Malvaceae,Gossypium,,,Australia,,
7148,Cosmopterigidae,Pyroderces,pyrrhodes,,Meyrick,Malvaceae,Gossypium,,,Australia,,
71096,Noctuidae,Spodoptera,exigua,,Hübner,Malvaceae,Gossypium,,,Australia,,
91639,Oecophoridae,Tonica,effractella,,Snellen,Malvaceae,Gossypium,,,Australia,,
73565,Noctuidae,Xanthodes,congenita,,Hampson,Malvaceae,Gossypium,,,Australia,,
84465,Nymphalidae,Hypolimnas,alimena,,Linnaeus,Acanthaceae,Graptophyllum,pictum,,Australia,,
5168,Carthaeidae,Carthaea,saturnioides,,Walker,Proteaceae,Grevillea,,,Australia,,
120194,Sphingidae,Coequosa,triangularis,,Donovan,Proteaceae,Grevillea,,,Australia,,
90299,Oecophoridae,Cryptophasa,stenoleuca,,Lower,Proteaceae,Grevillea,,,Australia,on,
76019,Notodontidae,Danima,banksiae,,Lewin,Proteaceae,Grevillea,,,Australia,,
132629,Tortricidae,Epiphyas,postvittana,,Walker,Proteaceae,Grevillea,,,Australia,,
98140,Psychidae,Lepidoscia,arctiella,,Walker,Proteaceae,Grevillea,,,Australia,,
75124,Nolidae,Nanaguna,breviuscula,,Walker,Proteaceae,Grevillea,,,Australia,,
77173,Notodontidae,Ochrogaster,,,,Proteaceae,Grevillea,,,Australia,,
21657,Geometridae,Oenochroma,pallida,,Warren,Proteaceae,Grevillea,,,Australia,,
21660,Geometridae,Oenochroma,vinaria,,Guenée,Proteaceae,Grevillea,,,Australia,,
47609,Lymantriidae,Orgyia,australis,,Walker,Proteaceae,Grevillea,,,Australia,,
91686,Oecophoridae,Xylorycta,candescens,,Lower,Proteaceae,Grevillea,,,Australia,on,
91688,Oecophoridae,Xylorycta,fumata,,Turner,Proteaceae,Grevillea,,,Australia,on,
91690,Oecophoridae,Xylorycta,heliomacula,,Lower,Proteaceae,Grevillea,,,Australia,,
91696,Oecophoridae,Xylorycta,luteotactella,,Walker,Proteaceae,Grevillea,,,Australia,,
102532,Pyralidae,Cryptoblabes,hemigypsa,,Turner,Proteaceae,Grevillea,baileyana,,Australia,on flowers,
102533,Pyralidae,Cryptoblabes,hemigypsa,,Turner,Proteaceae,Grevillea,banksii,,Australia,on flowers,
102534,Pyralidae,Cryptoblabes,hemigypsa,,Turner,Proteaceae,Grevillea,glauca,,Australia,on flowers,
25306,Gracillariidae,Acrocercops,argyrodesma,,Meyrick,Proteaceae,Grevillea,linearifolia,,Australia,in leaves,
102535,Pyralidae,Cryptoblabes,hemigypsa,,Turner,Proteaceae,Grevillea,robusta,,Australia,on flowers,
21662,Geometridae,Oenochroma,vinaria,,Guenée,Proteaceae,Grevillea,robusta,,Australia,on leaves,
91697,Oecophoridae,Xylorycta,luteotactella,,Walker,Proteaceae,Grevillea,rosmarinifolia,,Australia,,
91087,Oecophoridae,Perixestis,eucephala,,Turner,Proteaceae,Grevillea,striata,,Australia,on,
57960,Noctuidae,Chasmina,tibialis,,Fabricius,Tiliaceae,Grewia,,,Australia,,
88161,Nymphalidae,Polyura,sempronius,,Fabricius,Surianaceae,Guilfoylia,monostylis,,Australia,,
13183,Geometridae,Agathia,,,,Asclepiadaceae,Gymnanthera,,,Australia,,
104219,Pyralidae,Euclasta,maceratalis,,Lederer,Asclepiadaceae,Gymnanthera,,,Australia,,
3311,Arctiidae,Rhodogastria,rubripes,,Walker,Asclepiadaceae,Gymnanthera,,,Australia,,
134930,Tortricidae,Merophyas,divulsana,,Walker,Caryophyllaceae,Gypsophila,,,Australia,,
120186,Sphingidae,Coenotes,eremophilae,,Lucas,Hernandiaceae,Gyrocarpus,,,Australia,,
13464,Geometridae,Amelora,milvaria,,Guenée,Proteaceae,Hakea,,,Australia,,
5071,Carposinidae,Carposina,autologa,,Meyrick,Proteaceae,Hakea,,,Australia,,
90300,Oecophoridae,Cryptophasa,stochastis,,Meyrick,Proteaceae,Hakea,,,Australia,on,
76020,Notodontidae,Danima,banksiae,,Lewin,Proteaceae,Hakea,,,Australia,,
16337,Geometridae,Ectropis,excursaria,,Guenée,Proteaceae,Hakea,,,Australia,,
19510,Geometridae,Hypographa,,,,Proteaceae,Hakea,,,Australia,,
20495,Geometridae,Lissomma,drakei,,Prout,Proteaceae,Hakea,,,Australia,,
20496,Geometridae,Lissomma,serpentaria,,Guenée,Proteaceae,Hakea,,,Australia,,
21661,Geometridae,Oenochroma,vinaria,,Guenée,Proteaceae,Hakea,,,Australia,,
22456,Geometridae,Phallaria,ophiusaria,,Guenée,Proteaceae,Hakea,,,Australia,,
91131,Oecophoridae,Potniarcha,hierastis,,Meyrick,Proteaceae,Hakea,,,Australia,on,
49251,Lyonetiidae,Stegommata,leptomitella,,Meyrick,Proteaceae,Hakea,,,Australia,,
91692,Oecophoridae,Xylorycta,leucophanes,,Lower,Proteaceae,Hakea,,,Australia,,
91698,Oecophoridae,Xylorycta,luteotactella,,Walker,Proteaceae,Hakea,,,Australia,,
91708,Oecophoridae,Xylorycta,luteotactella,,Walker,Proteaceae,Hakea,,,Australia,on,
91791,Palaephatidae,Ptyssoptera,acrozyga,,Meyrick,Proteaceae,Hakea,dactyloides,,Australia,in leaves,
91712,Oecophoridae,Xylorycta,ophiogramma,,Meyrick,Proteaceae,Hakea,lorea,,Australia,on,
91693,Oecophoridae,Xylorycta,leucophanes,,Lower,Proteaceae,Hakea,rugosa,,Australia,on,
75647,Notodontidae,Aglaosoma,variegata,,Walker,Proteaceae,Hakea,sericea,,Australia,,
25544,Gracillariidae,Acrocercops,macaria,,Turner,Rutaceae,Halfordia,,,Australia,,
25545,Gracillariidae,Acrocercops,macaria,,Turner,Rutaceae,Halfordia,drupifera,,Australia,in leaves,
58714,Noctuidae,Cremnophora,angasii,,Angas,Boraginaceae,Halgania,,,Australia,,
60735,Noctuidae,Eutrichopidia,latinus,,Donovan,Haloragaceae,Haloragis,,,Australia,,
130510,Tortricidae,Cryptoptila,immersana,,Walker,Leguminosae (P),Hardenbergia,,,Australia,,
131216,Tortricidae,Cydia,zapyrana,,Meyrick,Leguminosae (P),Hardenbergia,,,Australia,,
16338,Geometridae,Ectropis,excursaria,,Guenée,Leguminosae (P),Hardenbergia,,,Australia,,
29108,Gracillariidae,Porphyrosela,dismochrysa,,Lower,Leguminosae (P),Hardenbergia,,,Australia,,
48785,Lymantriidae,Teia,anartoides,,Walker,Leguminosae (P),Hardenbergia,,,Australia,,
29109,Gracillariidae,Porphyrosela,dismochrysa,,Lower,Leguminosae (P),Hardenbergia,ovata,,Australia,in leaves,
101033,Pyralidae,Cactoblastis,,,,Cactaceae,Harrisia,,,Australia,,
101083,Pyralidae,Cactoblastis,sp.,,,Cactaceae,Harrisia,martinii,,Australia,,
16339,Geometridae,Ectropis,excursaria,,Guenée,Araliaceae,Hedera,,,Australia,,
138494,Tortricidae,Thrincophora,australana,,Lewin,Araliaceae,Hedera,,,Australia,on,
99962,Pyralidae,Achyra,affinitalis,,Lederer,Compositae,Helianthus,,,Australia,,
58090,Noctuidae,Chrysodeixis,argentifera,,Guenée,Compositae,Helianthus,,,Australia,,
61891,Noctuidae,Helicoverpa,armigera,,Hübner,Compositae,Helianthus,,,Australia,,
62576,Noctuidae,Heliothis,punctigera,,Wallengren,Compositae,Helianthus,,,Australia,,
134931,Tortricidae,Merophyas,divulsana,,Walker,Compositae,Helianthus,,,Australia,,
22613,Geometridae,Phrissogonus,laticostata,,Walker,Compositae,Helianthus,,,Australia,,
71105,Noctuidae,Spodoptera,exigua,,Hübner,Compositae,Helianthus,,,Australia,,
62577,Noctuidae,Heliothis,punctigera,,Wallengren,Compositae,Helianthus,annuus,,Australia,,
5250,Choreutidae,Asterivora,lampadias,,Meyrick,Compositae,Helichrysum,,,Australia,,
62579,Noctuidae,Heliothis,punctigera,,Wallengren,Compositae,Helichrysum,,,Australia,,
62589,Noctuidae,Heliothis,rubrescens,,Walker,Compositae,Helichrysum,,,Australia,,
3128,Arctiidae,Phaos,interfixa,,Walker,Compositae,Helichrysum,,,Australia,,
5410,Choreutidae,Tebenna,micalis,,Mann,Compositae,Helichrysum,,,Australia,,
89416,Nymphalidae,Vanessa,kershawi,,McCoy,Compositae,Helichrysum,,,Australia,,
89417,Nymphalidae,Vanessa,kershawi,,McCoy,Compositae,Helichrysum,apiculatum,,Australia,,
89418,Nymphalidae,Vanessa,kershawi,,McCoy,Compositae,Helichrysum,bracteatum,,Australia,,
138573,Tortricidae,Tortrix,hydractis,,Meyrick,Compositae,Helichrysum,thyrsoideum,,Australia,,
12703,Gelechiidae,Stomopteryx,isoscelixantha,,Lower,Boraginaceae,Heliotropium,,,Australia,,
4259,Arctiidae,Utetheisa,pulchelloides,,Hampson,Boraginaceae,Heliotropium,,,Australia,,
9129,Ethmiidae,Ethmia,distigmatella,,Erschoff,Boraginaceae,Heliotropium,europaeum,,Australia,,
85144,Nymphalidae,Junonia,hedonia,,Linnaeus,Acanthaceae,Hemigraphis,alternata,,Australia,,
100901,Pyralidae,Assara,seminivale,,Turner,Sterculiaceae,Heritiera,littoralis,,Australia,in fruits,
125296,Tortricidae,Acroclita,hibbertiana,,Meyrick,Dilleniaceae,Hibbertia,,,Australia,,
126335,Tortricidae,Anisogona,simana,,Meyrick,Dilleniaceae,Hibbertia,,,Australia,on buds,
58788,Noctuidae,Cruria,donowani,,Boisduval,Dilleniaceae,Hibbertia,,,Australia,,
60736,Noctuidae,Eutrichopidia,latinus,,Donovan,Dilleniaceae,Hibbertia,,,Australia,,
120740,Sphingidae,Gnathothlibus,erotus,,Cramer,Dilleniaceae,Hibbertia,,,Australia,,
120897,Sphingidae,Hippotion,celerio,,Linnaeus,Dilleniaceae,Hibbertia,,,Australia,,
68348,Noctuidae,Periscepta,polysticta,,Butler,Dilleniaceae,Hibbertia,,,Australia,,
68373,Noctuidae,Phalaenoides,glycinae,,Lewin,Dilleniaceae,Hibbertia,,,Australia,,
68380,Noctuidae,Phalaenoides,glycine,,Lewin,Dilleniaceae,Hibbertia,,,Australia,,
136425,Tortricidae,Phricanthes,asperana,,Meyrick,Dilleniaceae,Hibbertia,,,Australia,,
140312,Zygaenidae,Pollanisus,subdolosa,,Walker,Dilleniaceae,Hibbertia,,,Australia,,
140315,Zygaenidae,Pollanisus,viridipulverulenta,,Guérin-Méneville,Dilleniaceae,Hibbertia,,,Australia,,
122982,Sphingidae,Theretra,oldenlandiae,,Fabricius,Dilleniaceae,Hibbertia,,,Australia,,
25069,Geometridae,Xanthorhoe,vicissata,,Guenée,Dilleniaceae,Hibbertia,,,Australia,,
68381,Noctuidae,Phalaenoides,glycine,,Lewin,Dilleniaceae,Hibbertia,linearis,,Australia,,
54944,Noctuidae,Anomis,flava,,Fabricius,Malvaceae,Hibiscus,,,Australia,,
120187,Sphingidae,Coenotes,eremophilae,,Lucas,Malvaceae,Hibiscus,,,Australia,,
130168,Tortricidae,Crocidosema,plebejana,,Zeller,Malvaceae,Hibiscus,,,Australia,,
74883,Nolidae,Earias,perhuegeli,,Holloway,Malvaceae,Hibiscus,,,Australia,,
11437,Gelechiidae,Helcystogramma,hibisci,,Stainton,Malvaceae,Hibiscus,,,Australia,,
12028,Gelechiidae,Pectinophora,endema,,Common,Malvaceae,Hibiscus,,,Australia,,
12066,Gelechiidae,Pectinophora,gossypiella,,Saunders,Malvaceae,Hibiscus,,,Australia,,
12106,Gelechiidae,Pectinophora,scutigera,,Holdaway,Malvaceae,Hibiscus,,,Australia,,
28935,Gracillariidae,Phyllonorycter,stephanota,,Meyrick,Malvaceae,Hibiscus,,,Australia,,
91108,Oecophoridae,Plectophila,discalis,,Walker,Malvaceae,Hibiscus,,,Australia,,
73566,Noctuidae,Xanthodes,congenita,,Hampson,Malvaceae,Hibiscus,,,Australia,,
73630,Noctuidae,Xanthodes,transversa,,Guenée,Malvaceae,Hibiscus,,,Australia,,
57967,Noctuidae,Chasmina,tibialis,,Fabricius,Malvaceae,Hibiscus,tiliaceus,,Australia,,
72268,Noctuidae,Spodoptera,picta,,Guérin-Méneville,Amaryllidaceae,Hippeastrum,,,Australia,,
26205,Gracillariidae,Caloptilia,octopunctata,,Turner,Euphorbiaceae,Homalanthus,,,Australia,,
113357,Saturniidae,Coscinocera,hercules,,Miskin,Euphorbiaceae,Homalanthus,,,Australia,,
88928,Nymphalidae,Vagrans,egista,,Cramer,Flacourtiaceae,Homalium,circumpinnatum,,Australia,,
53464,Noctuidae,Agrotis,infusa,,Boisduval,Gramineae,Hordeum,,,Australia,,
53768,Noctuidae,Agrotis,munda,,Walker,Gramineae,Hordeum,,,Australia,,
66179,Noctuidae,Mythimna,convecta,,Walker,Gramineae,Hordeum,,,Australia,,
68360,Noctuidae,Persectania,ewingii,,Westwood,Gramineae,Hordeum,,,Australia,,
104919,Pyralidae,Hednota,crypsichroa,,Lower,Gramineae,Hordeum,vulgare,,Australia,,
104923,Pyralidae,Hednota,longipalpella,,Meyrick,Gramineae,Hordeum,vulgare,,Australia,,
104927,Pyralidae,Hednota,panteucha,,Meyrick,Gramineae,Hordeum,vulgare,,Australia,,
104931,Pyralidae,Hednota,pedionoma,,Meyrick,Gramineae,Hordeum,vulgare,,Australia,,
68355,Noctuidae,Persectania,dyscrita,,Common,Gramineae,Hordeum,vulgare,,Australia,,
110111,Pyralidae,Uresiphita,ornithopteralis,,Guenée,Leguminosae (P),Hovea,,,Australia,,
83299,Nymphalidae,Euploea,core,,Cramer,Asclepiadaceae,Hoya,,,Australia,,
78123,Nymphalidae,Acraea,andromacha,,Fabricius,Violaceae,Hybanthus,enneaspermus,,Australia,,
85145,Nymphalidae,Junonia,hedonia,,Linnaeus,Acanthaceae,Hygrophila,salicifolia,,Australia,,
85322,Nymphalidae,Junonia,orithya,,Linnaeus,Acanthaceae,Hygrophila,salicifolia,,Australia,,
22614,Geometridae,Phrissogonus,laticostata,,Walker,Guttiferae,Hypericum,,,Australia,,
60192,Noctuidae,Eudocima,fullonia,,Clerck,Menispermaceae,Hypserpa,,,Australia,,
106564,Pyralidae,Myelois,grossipunctella,,Ragonot,Insecta,Icerya (Z),purchasi,,Australia,,
91436,Oecophoridae,Stathmopoda,melanochra,,Meyrick,Insecta,Icerya (Z),purchasi,,Australia,predator on,
120898,Sphingidae,Hippotion,celerio,,Linnaeus,Balsaminaceae,Impatiens,,,Australia,,
121018,Sphingidae,Hippotion,scrofa,,Linnaeus,Balsaminaceae,Impatiens,,,Australia,,
122920,Sphingidae,Theretra,latreillii,,Macleay,Balsaminaceae,Impatiens,,,Australia,,
122983,Sphingidae,Theretra,oldenlandiae,,Fabricius,Balsaminaceae,Impatiens,,,Australia,,
84426,Nymphalidae,Hypocysta,irius,,Fabricius,Gramineae,Imperata,,,Australia,,
84428,Nymphalidae,Hypocysta,metirius,,Butler,Gramineae,Imperata,,,Australia,,
86066,Nymphalidae,Melanitis,leda,,Linnaeus,Gramineae,Imperata,,,Australia,,
86543,Nymphalidae,Mycalesis,sirius,,Fabricius,Gramineae,Imperata,,,Australia,,
86546,Nymphalidae,Mycalesis,terminus,,Fabricius,Gramineae,Imperata,,,Australia,,
88914,Nymphalidae,Tisiphone,helena,,Olliff,Gramineae,Imperata,,,Australia,,
89509,Nymphalidae,Xois,arctous,,Fabricius,Gramineae,Imperata,,,Australia,,
84423,Nymphalidae,Hypocysta,adiante,,Hübner,Gramineae,Imperata,cylindrica,,Australia,,Y
48786,Lymantriidae,Teia,anartoides,,Walker,Leguminosae (P),Indigofera,,,Australia,,
53072,Noctuidae,Aedia,leucomelas,,Linnaeus,Convolvulaceae,Ipomoea,,,Australia,,
119668,Sphingidae,Agrius,convolvuli,,Linnaeus,Convolvulaceae,Ipomoea,,,Australia,,
48856,Lyonetiidae,Bedellia,somnulentella,,Zeller,Convolvulaceae,Ipomoea,,,Australia,,
58279,Noctuidae,Chrysodeixis,eriosoma,,Doubleday,Convolvulaceae,Ipomoea,,,Australia,,
120741,Sphingidae,Gnathothlibus,erotus,,Cramer,Convolvulaceae,Ipomoea,,,Australia,,
120902,Sphingidae,Hippotion,celerio,,Linnaeus,Convolvulaceae,Ipomoea,,,Australia,,
121019,Sphingidae,Hippotion,scrofa,,Linnaeus,Convolvulaceae,Ipomoea,,,Australia,,
66181,Noctuidae,Mythimna,convecta,,Walker,Convolvulaceae,Ipomoea,,,Australia,,
119676,Sphingidae,Agrius,convolvuli,,Linnaeus,Convolvulaceae,Ipomoea,batatas,,Australia,,
120904,Sphingidae,Hippotion,celerio,,Linnaeus,Convolvulaceae,Ipomoea,batatas,,Australia,,
19511,Geometridae,Hypographa,,,,Proteaceae,Isopogon,,,Australia,,
91792,Palaephatidae,Ptyssoptera,lativittella,,Walker,Proteaceae,Isopogon,anemonifolius,,Australia,on,
180,Anthelidae,Anthela,guenei,,Newman,Leguminosae (P),Jacksonia,,,Australia,,
75729,Notodontidae,Antimima,cryptica,,Turner,Leguminosae (P),Jacksonia,,,Australia,,
35847,Limacodidae,Calcarifera,ordinata,,Butler,Leguminosae (P),Jacksonia,,,Australia,,
90311,Oecophoridae,Cryptophasa,unipunctana,,Donovan,Leguminosae (P),Jacksonia,,,Australia,on bark,
90734,Oecophoridae,Lichenaula,undulatella,,Walker,Leguminosae (P),Jacksonia,,,Australia,,
90854,Oecophoridae,Maroga,melanostigma,,Wallengren,Leguminosae (P),Jacksonia,,,Australia,,
124213,Tineodidae,Palaeodes,samealis,,Hampson,Oleaceae,Jasminum,,,Australia,,
122297,Sphingidae,Psilogramma,menephron,,Cramer,Oleaceae,Jasminum,,,Australia,,
120188,Sphingidae,Coenotes,eremophilae,,Lucas,Pedaliaceae,Josephinia,,,Australia,,
16340,Geometridae,Ectropis,excursaria,,Guenée,Juglandaceae,Juglans,,,Australia,,
4301,Batrachedridae,Batrachedra,arenosella?,,Walker,Juncaceae,Juncus,,,Australia,,
25231,Glyphipterigidae,Glyphipterix,platydisema,,Lower,Juncaceae,Juncus,,,Australia,,
91682,Oecophoridae,Xylorycta,argyrota,,Lower,Juncaceae,Juncus,,,Australia,in stems,
91660,Oecophoridae,Tortricopsis,semijunctella,,Walker,Cupressaceae,Juniperus,,,Australia,on leaves,
130511,Tortricidae,Cryptoptila,immersana,,Walker,Leguminosae (P),Kennedia,,,Australia,,
29074,Gracillariidae,Porphyrosela,aglaozona,,Meyrick,Leguminosae (P),Kennedia,,,Australia,,
33217,Lacturidae,Lactura,suffusa,,Walker,Ochnaceae,Krukoviella,,,Australia,,
76876,Notodontidae,Marane,melanospila,,Wallengren,Myrtaceae,Kunzea,,,Australia,,
90902,Oecophoridae,Myrascia,chionora,,Common,Myrtaceae,Kunzea,,,Australia,,
98338,Psychidae,Narycia,guildingi,,Scott,Myrtaceae,Kunzea,,,Australia,,
35000,Lasiocampidae,Porela,arida,,Walker,Myrtaceae,Kunzea,,,Australia,,
6827,Cosmopterigidae,Leptozestis,ochlopa,,Meyrick,Myrtaceae,Kunzea,capitata,,Australia,on,
134932,Tortricidae,Merophyas,divulsana,,Walker,Compositae,Lactuca,,,Australia,,
71781,Noctuidae,Spodoptera,litura,,Fabricius,Compositae,Lactuca,,,Australia,,
134933,Tortricidae,Merophyas,divulsana,,Walker,Compositae,Lactuca,sativa,,Australia,,
122923,Sphingidae,Theretra,latreillii,,Macleay,Lythraceae,Lagerstroemia,,,Australia,,
88162,Nymphalidae,Polyura,sempronius,,Fabricius,Lythraceae,Lagerstroemia,indica,,Australia,,
36606,Limacodidae,Mecytha,fasciata,,Walker,Proteaceae,Lambertia,,,Australia,,
91699,Oecophoridae,Xylorycta,luteotactella,,Walker,Proteaceae,Lambertia,,,Australia,,
91718,Oecophoridae,Xylorycta,strigata,,Lewin,Proteaceae,Lambertia,,,Australia,,
29525,Hepialidae,Aenetus,ligniveren,,Lewin,Verbenaceae,Lantana,,,Australia,,
29546,Hepialidae,Aenetus,scotti,,Scott,Verbenaceae,Lantana,,,Australia,,
130512,Tortricidae,Cryptoptila,immersana,,Walker,Verbenaceae,Lantana,,,Australia,,
132261,Tortricidae,Epinotia,lantana,,Busck,Verbenaceae,Lantana,,,Australia,,
132637,Tortricidae,Epiphyas,postvittana,,Walker,Verbenaceae,Lantana,,,Australia,,
18919,Geometridae,Gymnoscelis,lophopus,,Turner,Verbenaceae,Lantana,,,Australia,,
63173,Noctuidae,Hypena,laceratalis,,Walker,Verbenaceae,Lantana,,,Australia,,
134403,Tortricidae,Isotenes,miserana,,Walker,Verbenaceae,Lantana,,,Australia,,
99403,Pterophoridae,Lantanophaga,pusillidactyla,,Walker,Verbenaceae,Lantana,,,Australia,,
90855,Oecophoridae,Maroga,melanostigma,,Wallengren,Verbenaceae,Lantana,,,Australia,,
66336,Noctuidae,Neogalea,sunia,,Guenée,Verbenaceae,Lantana,,,Australia,,
48052,Lymantriidae,Orgyia,papuana,,Riotte,Verbenaceae,Lantana,,,Australia,,
108968,Pyralidae,Salbia,haemorrhoidalis,,Guenée,Verbenaceae,Lantana,,,Australia,,
48787,Lymantriidae,Teia,anartoides,,Walker,Verbenaceae,Lantana,,,Australia,,
59280,Noctuidae,Diastema,tigris,,Guenée,Verbenaceae,Lantana,camara,,Australia,,
132265,Tortricidae,Epinotia,lantana,,Busck,Verbenaceae,Lantana,camara,,Australia,,
63293,Noctuidae,Hypena,strigatus,,Fabricius,Verbenaceae,Lantana,camara,,Australia,,
99407,Pterophoridae,Lantanophaga,pusillidactyla,,Walker,Verbenaceae,Lantana,camara,,Australia,,
66340,Noctuidae,Neogalea,sunia,,Guenée,Verbenaceae,Lantana,camara,,Australia,,
108969,Pyralidae,Salbia,haemorrhoidalis,,Guenée,Verbenaceae,Lantana,camara,,Australia,,
43874,Lycaenidae,Strymon,bazochii,,Godart,Verbenaceae,Lantana,camara,,Australia,,
134934,Tortricidae,Merophyas,divulsana,,Walker,Leguminosae (P),Lathyrus,,,Australia,,
130178,Tortricidae,Crocidosema,plebejana,,Zeller,Malvaceae,Lavatera,,,Australia,,
122925,Sphingidae,Theretra,latreillii,,Macleay,Leeaceae,Leea,,,Australia,,
60193,Noctuidae,Eudocima,fullonia,,Clerck,Menispermaceae,Legnephora,,,Australia,,
60260,Noctuidae,Eudocima,materna,,Linnaeus,Menispermaceae,Legnephora,moorei,,Australia,,
139595,Yponomeutidae,Plutella,xylostella,,Linnaeus,Cruciferae,Lepidium,,,Australia,,
55551,Noctuidae,Apina,callisto,,Walker,Cruciferae,Lepidium,hyssopifolium,,Australia,,
5227,Castniidae,Synemon,magnifica,,Strand,Cyperaceae,Lepidosperma,,,Australia,,
5228,Castniidae,Synemon,parthenoides,,Felder,Cyperaceae,Lepidosperma,,,Australia,,
33595,Lasiocampidae,Genduara,acedesta,,Turner,Santalaceae,Leptomeria,,,Australia,,
29519,Hepialidae,Aenetus,lewinii,,Walker,Myrtaceae,Leptospermum,,,Australia,,
29526,Hepialidae,Aenetus,ligniveren,,Lewin,Myrtaceae,Leptospermum,,,Australia,,
13132,Geometridae,Aeolochroma,metarhodata,,Walker,Myrtaceae,Leptospermum,,,Australia,,
13465,Geometridae,Amelora,milvaria,,Guenée,Myrtaceae,Leptospermum,,,Australia,,
74496,Nolidae,Aquita,tactalis,,Walker,Myrtaceae,Leptospermum,,,Australia,,
101349,Pyralidae,Catamola,thyrisalis,,Walker,Myrtaceae,Leptospermum,,,Australia,,
15052,Geometridae,Chlorodes,boisduvalaria,,Le Guillou,Myrtaceae,Leptospermum,,,Australia,,
97688,Psychidae,Clania,tenuis,,Rosenstock,Myrtaceae,Leptospermum,,,Australia,,
15888,Geometridae,Dichromodes,,,,Myrtaceae,Leptospermum,,,Australia,,
16341,Geometridae,Ectropis,excursaria,,Guenée,Myrtaceae,Leptospermum,,,Australia,,
90543,Oecophoridae,Eochrois,dejunctella,,Walker,Myrtaceae,Leptospermum,,,Australia,,
76379,Notodontidae,Epicoma,contristis,,Hübner,Myrtaceae,Leptospermum,,,Australia,,
76385,Notodontidae,Epicoma,melanosticta,,Donovan,Myrtaceae,Leptospermum,,,Australia,,
16679,Geometridae,Epidesmia,tricolor,,Duncan & Westw.,Myrtaceae,Leptospermum,,,Australia,,
17434,Geometridae,Euloxia,meandraria,,Guenée,Myrtaceae,Leptospermum,,,Australia,,
98043,Psychidae,Hyalarcta,huebneri,,Westwood,Myrtaceae,Leptospermum,,,Australia,,
98054,Psychidae,Hyalarcta,huebneri,,Westwood,Myrtaceae,Leptospermum,,,Australia,on leaves,
98062,Psychidae,Hyalarcta,nigrescens,,Doubleday,Myrtaceae,Leptospermum,,,Australia,,
20624,Geometridae,Lophothalaina,habrocosma,,Lower,Myrtaceae,Leptospermum,,,Australia,,
76877,Notodontidae,Marane,melanospila,,Wallengren,Myrtaceae,Leptospermum,,,Australia,,
90901,Oecophoridae,Myrascia,bracteatella,,Walker,Myrtaceae,Leptospermum,,,Australia,,
98339,Psychidae,Narycia,guildingi,,Scott,Myrtaceae,Leptospermum,,,Australia,,
98398,Psychidae,Oiketicus,elongatus,,Saunders,Myrtaceae,Leptospermum,,,Australia,,
21697,Geometridae,Onycodes,traumataria,,Guenée,Myrtaceae,Leptospermum,,,Australia,,
27474,Gracillariidae,Parectopa,thalassias,,Meyrick,Myrtaceae,Leptospermum,,,Australia,in leaves,
50125,Nepticulidae,Pectinivalva,,,,Myrtaceae,Leptospermum,,,Australia,,
35001,Lasiocampidae,Porela,arida,,Walker,Myrtaceae,Leptospermum,,,Australia,,
35007,Lasiocampidae,Porela,vetusta,,Walker,Myrtaceae,Leptospermum,,,Australia,,
33109,Hypertrophidae,Thudaca,mimodora,,Meyrick,Myrtaceae,Leptospermum,,,Australia,,
91680,Oecophoridae,Wingia,rectiorella,,Walker,Myrtaceae,Leptospermum,,,Australia,,
6732,Cosmopterigidae,Ithome,lassula,,Hodges,Leguminosae (M),Leucaena,,,Australia,,
75238,Nolidae,Nola,lechriopa,,Hampson,Epacridaceae,Leucopogon,,,Australia,,
91700,Oecophoridae,Xylorycta,luteotactella,,Walker,Proteaceae,Leucospermum,,,Australia,,
130513,Tortricidae,Cryptoptila,immersana,,Walker,Oleaceae,Ligustrum,,,Australia,,
122299,Sphingidae,Psilogramma,menephron,,Cramer,Oleaceae,Ligustrum,,,Australia,,
113360,Saturniidae,Coscinocera,hercules,,Miskin,Oleaceae,Ligustrum,ovalifolium,,Australia (prov),,Y
13758,Geometridae,Anisozyga,pieroides,,Walker,Polemoniaceae,Linanthus,,,Australia,,
15375,Geometridae,Cleora,repetita,,Butler,Polemoniaceae,Linanthus,,,Australia,,
15889,Geometridae,Dichromodes,,,,Polemoniaceae,Linanthus,,,Australia,,
33135,Immidae,Imma,vaticina,,Meyrick,Polemoniaceae,Linanthus,,,Australia,,
75146,Nolidae,Nola,,,,Polemoniaceae,Linanthus,,,Australia,,
99963,Pyralidae,Achyra,affinitalis,,Lederer,Linaceae,Linum,,,Australia,,
53465,Noctuidae,Agrotis,infusa,,Boisduval,Linaceae,Linum,,,Australia,,
62580,Noctuidae,Heliothis,punctigera,,Wallengren,Linaceae,Linum,,,Australia,,
68361,Noctuidae,Persectania,ewingii,,Westwood,Linaceae,Linum,,,Australia,,
51425,Noctuidae,Achaea,janata,,Linnaeus,Sapindaceae,Litchi,,,Australia,,
130365,Tortricidae,Cryptophlebia,ombrodelta,,Lower,Sapindaceae,Litchi,,,Australia,,
90515,Oecophoridae,Echiomima,fabulosa,,Meyrick,Sapindaceae,Litchi,,,Australia,,
18947,Geometridae,Gymnoscelis,subrufata,,Warren,Sapindaceae,Litchi,,,Australia,,
47285,Lymantriidae,Olene,mendosa,,Hübner,Sapindaceae,Litchi,,,Australia,,
22598,Geometridae,Pholodes,sinistraria,,Guenée,Sapindaceae,Litchi,,,Australia,,
23499,Geometridae,Sauris,malaca,,Meyrick,Sapindaceae,Litchi,,,Australia,,
134404,Tortricidae,Isotenes,miserana,,Walker,Lauraceae,Litsea,,,Australia,,
116463,Saturniidae,Opodiphthera,rhythmica,,Turner,Lauraceae,Litsea,,,Australia,,
137529,Tortricidae,Sorolopha,cyclotoma,,Lower,Lauraceae,Litsea,chinensis,,Australia,,
26212,Gracillariidae,Caloptilia,oenopella,,Meyrick,Lauraceae,Litsea,leefeana,,Australia,in leaves,
25588,Gracillariidae,Acrocercops,ordinatella,,Meyrick,Lauraceae,Litsea,umbellata,,Australia,in leaves,
101938,Pyralidae,Conogethes,punctiferalis,,Guenée,Palmae,Livistona,,,Australia,,
58694,Noctuidae,Cosmodes,elegans,,Donovan,Campanulaceae,Lobelia,,,Australia,,
79145,Nymphalidae,Argynnina,hobartia,,Westwood,Gramineae,Lolium,perenne,,Australia,,
9723,Gelechiidae,Apatetris,miarodes,,Meyrick,Lomandraceae,Lomandra,,,Australia,,
132641,Tortricidae,Epiphyas,postvittana,,Walker,Lomandraceae,Lomandra,,,Australia,,
104917,Pyralidae,Hednota,bivittella,,Donovan,Lomandraceae,Lomandra,,,Australia,,
64880,Noctuidae,Lophocalama,neuritis,,Hampson,Lomandraceae,Lomandra,,,Australia,,
25301,Gracillariidae,Acrocercops,antimima,,Turner,Proteaceae,Lomatia,,,Australia,,
138285,Tortricidae,Syllomatia,pertinax,,Meyrick,Proteaceae,Lomatia,,,Australia,,
138287,Tortricidae,Syllomatia,xythopterana,,Meyrick,Proteaceae,Lomatia,,,Australia,,
138286,Tortricidae,Syllomatia,pertinax,,Meyrick,Proteaceae,Lomatia,myricoides,,Australia,on leaves,
130514,Tortricidae,Cryptoptila,immersana,,Walker,Caprifoliaceae,Lonicera,,,Australia,,
134935,Tortricidae,Merophyas,divulsana,,Walker,Caprifoliaceae,Lonicera,,,Australia,,
138495,Tortricidae,Thrincophora,australana,,Lewin,Caprifoliaceae,Lonicera,,,Australia,on,
29527,Hepialidae,Aenetus,ligniveren,,Lewin,Myrtaceae,Lophostemon,,,Australia,,
90006,Oecophoridae,Agriophara,levis,,Meyrick,Myrtaceae,Lophostemon,,,Australia,,
90010,Oecophoridae,Agriophara,spp.,,,Myrtaceae,Lophostemon,,,Australia,,
33100,Hypertrophidae,Callizyga,,,,Myrtaceae,Lophostemon,,,Australia,,
90225,Oecophoridae,Chrysonoma,fascialis,,Fabricius,Myrtaceae,Lophostemon,,,Australia,,
90261,Oecophoridae,Cryptophasa,epadelpha,,Meyrick,Myrtaceae,Lophostemon,,,Australia,,
36331,Limacodidae,Doratifera,casta,,Scott,Myrtaceae,Lophostemon,,,Australia,,
36347,Limacodidae,Doratifera,vulnerans,,Lewin,Myrtaceae,Lophostemon,,,Australia,,
18714,Geometridae,Gastrophora,henricaria,,Guenée,Myrtaceae,Lophostemon,,,Australia,,
98044,Psychidae,Hyalarcta,huebneri,,Westwood,Myrtaceae,Lophostemon,,,Australia,,
98063,Psychidae,Hyalarcta,nigrescens,,Doubleday,Myrtaceae,Lophostemon,,,Australia,,
27251,Gracillariidae,Macarostola,polyplaca,,Lower,Myrtaceae,Lophostemon,,,Australia,,
9383,Eupterotidae,Panacela,lewinae,,Lewin,Myrtaceae,Lophostemon,,,Australia,,
50126,Nepticulidae,Pectinivalva,,,,Myrtaceae,Lophostemon,,,Australia,,
91103,Oecophoridae,Piloprepes,gelidella,,Walker,Myrtaceae,Lophostemon,,,Australia,,
35002,Lasiocampidae,Porela,arida,,Walker,Myrtaceae,Lophostemon,,,Australia,,
50176,Nepticulidae,Stigmella,anazona,,Meyrick,Myrtaceae,Lophostemon,,,Australia,,
109819,Pyralidae,Titanoceros,cataxantha,,Meyrick,Myrtaceae,Lophostemon,,,Australia,,
90001,Oecophoridae,Agriophara,confertella,,Walker,Myrtaceae,Lophostemon,confertus,,Australia,on leaves,
36343,Limacodidae,Doratifera,quadriguttata,,Walker,Myrtaceae,Lophostemon,confertus,,Australia,on leaves,
36358,Limacodidae,Doratifera,vulnerans,,Lewin,Myrtaceae,Lophostemon,confertus,,Australia,on leaves,
98055,Psychidae,Hyalarcta,huebneri,,Westwood,Myrtaceae,Lophostemon,confertus,,Australia,on leaves,
27252,Gracillariidae,Macarostola,polyplaca,,Lower,Myrtaceae,Lophostemon,confertus,,Australia,,
58409,Noctuidae,Comocrus,behri,,Angas,Loranthaceae,Loranthus,,,Australia,,
130600,Tortricidae,Cydia,aulacodes,,Lower,Loranthaceae,Loranthus,,,Australia,in stems,
130875,Tortricidae,Cydia,metallocosma,,Lower,Loranthaceae,Loranthus,,,Australia,in stem galls,
109530,Pyralidae,Symphonistis,monospila,,Lower,Loranthaceae,Loranthus,,,Australia,on,
122992,Sphingidae,Theretra,oldenlandiae,,Fabricius,Onagraceae,Ludwigia,,,Australia,,
15086,Geometridae,Ciampa,arietaria,,Guenée,Leguminosae (P),Lupinus,,,Australia,,
104034,Pyralidae,Etiella,behrii,,Zeller,Leguminosae (P),Lupinus,,,Australia,,
62581,Noctuidae,Heliothis,punctigera,,Wallengren,Leguminosae (P),Lupinus,,,Australia,,
134405,Tortricidae,Isotenes,miserana,,Walker,Leguminosae (P),Lupinus,,,Australia,,
48788,Lymantriidae,Teia,anartoides,,Walker,Leguminosae (P),Lupinus,,,Australia,,
110112,Pyralidae,Uresiphita,ornithopteralis,,Guenée,Leguminosae (P),Lupinus,,,Australia,,
25184,Geometridae,Zermizinga,indocilisaria,,Walker,Leguminosae (P),Lupinus,,,Australia,on leaves,
53596,Noctuidae,Agrotis,ipsilon,,Hufnagel,Solanaceae,Lycopersicon,,,Australia,,
53769,Noctuidae,Agrotis,munda,,Walker,Solanaceae,Lycopersicon,,,Australia,,
58092,Noctuidae,Chrysodeixis,argentifera,,Guenée,Solanaceae,Lycopersicon,,,Australia,,
58280,Noctuidae,Chrysodeixis,eriosoma,,Doubleday,Solanaceae,Lycopersicon,,,Australia,,
58304,Noctuidae,Chrysodeixis,subsidens,,Walker,Solanaceae,Lycopersicon,,,Australia,,
61916,Noctuidae,Helicoverpa,armigera,,Hübner,Solanaceae,Lycopersicon,,,Australia,,
62582,Noctuidae,Heliothis,punctigera,,Wallengren,Solanaceae,Lycopersicon,,,Australia,,
68362,Noctuidae,Persectania,ewingii,,Westwood,Solanaceae,Lycopersicon,,,Australia,,
12132,Gelechiidae,Phthorimaea,operculella,,Zeller,Solanaceae,Lycopersicon,,,Australia,,
109097,Pyralidae,Sceliodes,cordalis,,Doubleday,Solanaceae,Lycopersicon,,,Australia,,
71799,Noctuidae,Spodoptera,litura,,Fabricius,Solanaceae,Lycopersicon,,,Australia,,
12736,Gelechiidae,Symmetrischema,tangolias,,Gyen,Solanaceae,Lycopersicon,,,Australia,,
53822,Noctuidae,Agrotis,radians,,Guenée,Solanaceae,Lycopersicon,esculentum,,Australia,,
12738,Gelechiidae,Symmetrischema,tangolias,,Gyen,Solanaceae,Lycopersicon,esculentum,,Australia,,
25070,Geometridae,Xanthorhoe,vicissata,,Guenée,Lythraceae,Lythrum,,,Australia,,
51426,Noctuidae,Achaea,janata,,Linnaeus,Proteaceae,Macadamia,,,Australia,,
25364,Gracillariidae,Acrocercops,chionosema,,Turner,Proteaceae,Macadamia,,,Australia,,
125327,Tortricidae,Acropolitis,hedista,,Turner,Proteaceae,Macadamia,,,Australia,on leaves,
35765,Limacodidae,Anaxidia,lozogramma,,Turner,Proteaceae,Macadamia,,,Australia,,
100902,Pyralidae,Assara,seminivale,,Turner,Proteaceae,Macadamia,,,Australia,in seeds,
39032,Lycaenidae,Candalides,absimilis,,Felder,Proteaceae,Macadamia,,,Australia,,
45160,Lymantriidae,Chionophasma,fimbriata,,Lucas,Proteaceae,Macadamia,,,Australia,,
15000,Geometridae,Chloroclystis,destructata,,Walker,Proteaceae,Macadamia,,,Australia,,
120195,Sphingidae,Coequosa,triangularis,,Donovan,Proteaceae,Macadamia,,,Australia,,
36095,Limacodidae,Comana,fasciata,,Walker,Proteaceae,Macadamia,,,Australia,,
101939,Pyralidae,Conogethes,punctiferalis,,Guenée,Proteaceae,Macadamia,,,Australia,,
90244,Oecophoridae,Cryptophasa,albacosta,,Lewin,Proteaceae,Macadamia,,,Australia,,
130371,Tortricidae,Cryptophlebia,ombrodelta,,Lower,Proteaceae,Macadamia,,,Australia,,
18892,Geometridae,Gymnoscelis,derogata,,Walker,Proteaceae,Macadamia,,,Australia,,
18920,Geometridae,Gymnoscelis,lophopus,,Turner,Proteaceae,Macadamia,,,Australia,,
18948,Geometridae,Gymnoscelis,subrufata,,Warren,Proteaceae,Macadamia,,,Australia,,
105403,Pyralidae,Homoeosoma,vagella,,Zeller,Proteaceae,Macadamia,,,Australia,,
134406,Tortricidae,Isotenes,miserana,,Walker,Proteaceae,Macadamia,,,Australia,,
36607,Limacodidae,Mecytha,fasciata,,Walker,Proteaceae,Macadamia,,,Australia,,
98322,Psychidae,Metura,elongata,,Saunders,Proteaceae,Macadamia,,,Australia,,
21658,Geometridae,Oenochroma,turneri,,Lucas,Proteaceae,Macadamia,,,Australia,,
47610,Lymantriidae,Orgyia,australis,,Walker,Proteaceae,Macadamia,,,Australia,,
91701,Oecophoridae,Xylorycta,luteotactella,,Walker,Proteaceae,Macadamia,,,Australia,,
102536,Pyralidae,Cryptoblabes,hemigypsa,,Turner,Proteaceae,Macadamia,integrifolia,,Australia,on flowers,
130373,Tortricidae,Cryptophlebia,ombrodelta,,Lower,Proteaceae,Macadamia,integrifolia,,Australia,,
105404,Pyralidae,Homoeosoma,vagella,,Zeller,Proteaceae,Macadamia,integrifolia,,Australia,,
138486,Tortricidae,Thaumatotibia,sp. A,,,Proteaceae,Macadamia,integrifolia,,Australia,on nuts,
130374,Tortricidae,Cryptophlebia,ombrodelta,,Lower,Proteaceae,Macadamia,ternifolia?,,Australia,,
105405,Pyralidae,Homoeosoma,vagella,,Zeller,Proteaceae,Macadamia,ternifolia?,,Australia,,
91702,Oecophoridae,Xylorycta,luteotactella,,Walker,Proteaceae,Macadamia,ternifolia?,,Australia,,
192,Anthelidae,Anthela,varia,,Walker,Proteaceae,Macadamia,tetraphylla,,Australia,,
102537,Pyralidae,Cryptoblabes,hemigypsa,,Turner,Proteaceae,Macadamia,tetraphylla,,Australia,on flowers,
123132,Thyrididae,Addaea,subtessellata,,Walker,Euphorbiaceae,Mallotus,,,Australia,,
29528,Hepialidae,Aenetus,ligniveren,,Lewin,Rosaceae,Malus,,,Australia,,
14984,Geometridae,Chloroclystis,approximata,,Walker,Rosaceae,Malus,,,Australia,,
15030,Geometridae,Chloroclystis,testulata,,Guenée,Rosaceae,Malus,,,Australia,,
131038,Tortricidae,Cydia,pomonella,,Linnaeus,Rosaceae,Malus,,,Australia,,
132595,Tortricidae,Epiphyas,liadelpha,,Meyrick,Rosaceae,Malus,,,Australia,,
132642,Tortricidae,Epiphyas,postvittana,,Walker,Rosaceae,Malus,,,Australia,,
132691,Tortricidae,Epiphyas,pulla,,Turner,Rosaceae,Malus,,,Australia,,
134407,Tortricidae,Isotenes,miserana,,Walker,Rosaceae,Malus,,,Australia,,
90856,Oecophoridae,Maroga,melanostigma,,Wallengren,Rosaceae,Malus,,,Australia,,
22599,Geometridae,Pholodes,sinistraria,,Guenée,Rosaceae,Malus,,,Australia,,
22615,Geometridae,Phrissogonus,laticostata,,Walker,Rosaceae,Malus,,,Australia,,
3435,Arctiidae,Spilosoma,canescens,,Butler,Rosaceae,Malus,,,Australia,,
71809,Noctuidae,Spodoptera,litura,,Fabricius,Rosaceae,Malus,,,Australia,,
48789,Lymantriidae,Teia,anartoides,,Walker,Rosaceae,Malus,,,Australia,,
125329,Tortricidae,Acropolitis,rudisana,,Walker,Rosaceae,Malus,pumila,,Australia,,
130894,Tortricidae,Cydia,molesta,,Busck,Rosaceae,Malus,pumila,,Australia,,
131042,Tortricidae,Cydia,pomonella,,Linnaeus,Rosaceae,Malus,pumila,,Australia,,
36348,Limacodidae,Doratifera,vulnerans,,Lewin,Rosaceae,Malus,pumila,,Australia,,
132591,Tortricidae,Epiphyas,eucyrta,,Turner,Rosaceae,Malus,pumila,,Australia,,
132596,Tortricidae,Epiphyas,liadelpha,,Meyrick,Rosaceae,Malus,pumila,,Australia,,
132644,Tortricidae,Epiphyas,postvittana,,Walker,Rosaceae,Malus,pumila,,Australia,,
132692,Tortricidae,Epiphyas,pulla,,Turner,Rosaceae,Malus,pumila,,Australia,,
61931,Noctuidae,Helicoverpa,armigera,,Hübner,Rosaceae,Malus,pumila,,Australia,,
98045,Psychidae,Hyalarcta,huebneri,,Westwood,Rosaceae,Malus,pumila,,Australia,,
48790,Lymantriidae,Teia,anartoides,,Walker,Rosaceae,Malus,pumila,,Australia,,
55546,Noctuidae,Apina,callisto,,Angas,Malvaceae,Malva,,,Australia,,
130182,Tortricidae,Crocidosema,plebejana,,Zeller,Malvaceae,Malva,,,Australia,,
25071,Geometridae,Xanthorhoe,vicissata,,Guenée,Malvaceae,Malva,,,Australia,,
28936,Gracillariidae,Phyllonorycter,stephanota,,Meyrick,Malvaceae,Malvastrum,,,Australia,,
121022,Sphingidae,Hippotion,scrofa,,Linnaeus,Rubiaceae,Manettia,,,Australia,,
13759,Geometridae,Anisozyga,pieroides,,Walker,Anacardiaceae,Mangifera,,,Australia,,
18893,Geometridae,Gymnoscelis,holocapna,,Turner,Anacardiaceae,Mangifera,,,Australia,,
62863,Noctuidae,Homodes,bracteigutta,,Walker,Anacardiaceae,Mangifera,,,Australia,,
46932,Lymantriidae,Lymantria,lunata,,Stoll,Anacardiaceae,Mangifera,,,Australia,,
66723,Noctuidae,Ophiusa,tirhaca,,Cramer,Anacardiaceae,Mangifera,,,Australia,,
68068,Noctuidae,Penicillaria,jocosatrix,,Guenée,Anacardiaceae,Mangifera,,,Australia,,
100903,Pyralidae,Assara,seminivale,,Turner,Anacardiaceae,Mangifera,indica,,Australia,in seeds,
57997,Noctuidae,Chlumetia,euthysticha,,Turner,Anacardiaceae,Mangifera,indica,,Australia,,
62864,Noctuidae,Homodes,bracteigutta,,Walker,Anacardiaceae,Mangifera,indica,,Australia,,
68071,Noctuidae,Penicillaria,jocosatrix,,Guenée,Anacardiaceae,Mangifera,indica,,Australia,,
83304,Nymphalidae,Euploea,core,,Cramer,Asclepiadaceae,Marsdenia,,,Australia,,
61413,Noctuidae,Fodina,ostorius,,Donovan,Asclepiadaceae,Marsdenia,,,Australia,,
101336,Pyralidae,Cardamyla,eurycroca,,Turner,Celastraceae,Maytenus,cunninghamii,,Australia,on,
99964,Pyralidae,Achyra,affinitalis,,Lederer,Leguminosae (P),Medicago,,,Australia,,
53466,Noctuidae,Agrotis,infusa,,Boisduval,Leguminosae (P),Medicago,,,Australia,,
53770,Noctuidae,Agrotis,munda,,Walker,Leguminosae (P),Medicago,,,Australia,,
119982,Sphingidae,Cephonodes,kingii,,Macleay,Leguminosae (P),Medicago,,,Australia,,
15087,Geometridae,Ciampa,arietaria,,Guenée,Leguminosae (P),Medicago,,,Australia,,
132647,Tortricidae,Epiphyas,postvittana,,Walker,Leguminosae (P),Medicago,,,Australia,,
104035,Pyralidae,Etiella,behrii,,Zeller,Leguminosae (P),Medicago,,,Australia,,
61934,Noctuidae,Helicoverpa,armigera,,Hübner,Leguminosae (P),Medicago,,,Australia,,
62583,Noctuidae,Heliothis,punctigera,,Wallengren,Leguminosae (P),Medicago,,,Australia,,
134936,Tortricidae,Merophyas,divulsana,,Walker,Leguminosae (P),Medicago,,,Australia,,
65785,Noctuidae,Mocis,alterna,,Walker,Leguminosae (P),Medicago,,,Australia,,
66182,Noctuidae,Mythimna,convecta,,Walker,Leguminosae (P),Medicago,,,Australia,,
66327,Noctuidae,Neocleptria,punctifera,,Walker,Leguminosae (P),Medicago,,,Australia,,
106766,Pyralidae,Nomophila,corticalis,,Walker,Leguminosae (P),Medicago,,,Australia,,
67570,Noctuidae,Pantydia,sparsa,,Guenée,Leguminosae (P),Medicago,,,Australia,,
23650,Geometridae,Scopula,rubraria,,Doubleday,Leguminosae (P),Medicago,,,Australia,,
71134,Noctuidae,Spodoptera,exigua,,Hübner,Leguminosae (P),Medicago,,,Australia,,
25072,Geometridae,Xanthorhoe,vicissata,,Guenée,Leguminosae (P),Medicago,,,Australia,,
25177,Geometridae,Zermizinga,indocilisaria,,Walker,Leguminosae (P),Medicago,,,Australia,,
99965,Pyralidae,Achyra,affinitalis,,Lederer,Leguminosae (P),Medicago,sativa,,Australia,,
53605,Noctuidae,Agrotis,ipsilon,,Hufnagel,Leguminosae (P),Medicago,sativa,,Australia,,
61935,Noctuidae,Helicoverpa,armigera,,Hübner,Leguminosae (P),Medicago,sativa,,Australia,,
134937,Tortricidae,Merophyas,divulsana,,Walker,Leguminosae (P),Medicago,sativa,,Australia,,
134948,Tortricidae,Merophyas,divulsana,,Walker,Leguminosae (P),Medicago,sativa,,Australia,on leaves,
65808,Noctuidae,Mocis,frugalis,,Fabricius,Leguminosae (P),Medicago,sativa,,Australia,,
44675,Lycaenidae,Zizina,labradus,,Godart,Leguminosae (P),Medicago,sativa,,Australia,,
29529,Hepialidae,Aenetus,ligniveren,,Lewin,Myrtaceae,Melaleuca,,,Australia,,
74497,Nolidae,Aquita,tactalis,,Walker,Myrtaceae,Melaleuca,,,Australia,,
128570,Tortricidae,Bathrotoma,constrictana,,Meyrick,Myrtaceae,Melaleuca,,,Australia,,
101350,Pyralidae,Catamola,thyrisalis,,Walker,Myrtaceae,Melaleuca,,,Australia,,
90260,Oecophoridae,Cryptophasa,enchidias,,Meyrick,Myrtaceae,Melaleuca,,,Australia,on,
90276,Oecophoridae,Cryptophasa,nubila,,Lucas,Myrtaceae,Melaleuca,,,Australia,on,
15890,Geometridae,Dichromodes,,,,Myrtaceae,Melaleuca,,,Australia,,
36349,Limacodidae,Doratifera,vulnerans,,Lewin,Myrtaceae,Melaleuca,,,Australia,,
132648,Tortricidae,Epiphyas,postvittana,,Walker,Myrtaceae,Melaleuca,,,Australia,,
140257,Zygaenidae,Hestiochora,rufiventris,,Meyrick,Myrtaceae,Melaleuca,,,Australia,,
90903,Oecophoridae,Myrascia,megalocentra,,Meyrick,Myrtaceae,Melaleuca,,,Australia,,
75148,Nolidae,Nola,,,,Myrtaceae,Melaleuca,,,Australia,,
98399,Psychidae,Oiketicus,elongatus,,Saunders,Myrtaceae,Melaleuca,,,Australia,,
35003,Lasiocampidae,Porela,arida,,Walker,Myrtaceae,Melaleuca,,,Australia,,
90602,Oecophoridae,Garrha,sp. B,,,Myrtaceae,Melaleuca,cajuputi,,Australia,on leaves,
90738,Oecophoridae,Lophopepla,igniferella,,Walker,Myrtaceae,Melaleuca,cajuputi,,Australia,on leaves,
68052,Noctuidae,Pataeta,carbo,,Guenée,Myrtaceae,Melaleuca,cajuputi,,Australia,on leaves,
90603,Oecophoridae,Garrha,sp. B,,,Myrtaceae,Melaleuca,dealbata,,Australia,on leaves,
47384,Lymantriidae,Olene,mendosa,,Hübner,Myrtaceae,Melaleuca,dealbata,,Australia,on leaves,
66698,Noctuidae,Ophiusa,disjungens,,Walker,Myrtaceae,Melaleuca,dealbata,,Australia,on leaves,
68053,Noctuidae,Pataeta,carbo,,Guenée,Myrtaceae,Melaleuca,dealbata,,Australia,on leaves,
68054,Noctuidae,Pataeta,carbo,,Guenée,Myrtaceae,Melaleuca,diosmatifolia,,Australia,on leaves,
90228,Oecophoridae,Compsotropha,sp.,,,Myrtaceae,Melaleuca,fluviatilis,,Australia,on leaves,
6477,Cosmopterigidae,Cosmopterigidae,sp. D,,,Myrtaceae,Melaleuca,fluviatilis,,Australia,on tips,
19658,Geometridae,Hyposidra,janiaria,,Guenée,Myrtaceae,Melaleuca,fluviatilis,,Australia,on leaves,
91710,Oecophoridae,Xylorycta,melaleucae,,Turner,Myrtaceae,Melaleuca,genistifolia,,Australia,on,
13133,Geometridae,Aeolochroma,quadrilinea,,Lucas,Myrtaceae,Melaleuca,leucadendra,,Australia,on leaves,
90008,Oecophoridae,Agriophara,sp.,,,Myrtaceae,Melaleuca,leucadendra,,Australia,on leaves,
128571,Tortricidae,Bathrotoma,constrictana,,Meyrick,Myrtaceae,Melaleuca,leucadendra,,Australia,on flowers/leaves,
101325,Pyralidae,Canipsa,poliochyta,,Turner,Myrtaceae,Melaleuca,leucadendra,,Australia,on,
45578,Lymantriidae,Dasychira,sp. B,,,Myrtaceae,Melaleuca,leucadendra,,Australia,on flowers,
46208,Lymantriidae,Euproctis,sp. E,,,Myrtaceae,Melaleuca,leucadendra,,Australia,on leaves,
46209,Lymantriidae,Euproctis,sp. F,,,Myrtaceae,Melaleuca,leucadendra,,Australia,on flowers,
46210,Lymantriidae,Euproctis,sp. G,,,Myrtaceae,Melaleuca,leucadendra,,Australia,on flowers,
90601,Oecophoridae,Garrha,sp. A,,,Myrtaceae,Melaleuca,leucadendra,,Australia,on leaves,
6813,Cosmopterigidae,Labdia,sp.,,,Myrtaceae,Melaleuca,leucadendra,,Australia,on wood,
20529,Geometridae,Lobus,lithinopa,,Meyrick,Myrtaceae,Melaleuca,leucadendra,,Australia,on leaves,
91030,Oecophoridae,Oecophoridae,sp. B,,,Myrtaceae,Melaleuca,leucadendra,,Australia,on leaves,
23183,Geometridae,Protuliocnemis,partita,,Walker,Myrtaceae,Melaleuca,leucadendra,,Australia,on flowers,
24453,Geometridae,Syneora,lithina,,Warren,Myrtaceae,Melaleuca,leucadendra,,Australia,on leaves,
24637,Geometridae,Thalassodes,quadraria,,Guenée,Myrtaceae,Melaleuca,leucadendra,,Australia,on flowers,
91711,Oecophoridae,Xylorycta,molybdina,,Turner,Myrtaceae,Melaleuca,leucadendra,,Australia,on,
91713,Oecophoridae,Xylorycta,phloeochroa,,Turner,Myrtaceae,Melaleuca,leucadendra,,Australia,on,
90222,Oecophoridae,Chrysonoma,consularis,,Meyrick,Myrtaceae,Melaleuca,nervosa,,Australia,on leaves,
9430,Gelechiidae,,sp. A,,,Myrtaceae,Melaleuca,quinquenervia,,Australia,on tips,
13134,Geometridae,Aeolochroma,quadrilinea,,Lucas,Myrtaceae,Melaleuca,quinquenervia,,Australia,on leaves,
53975,Noctuidae,Agrotis,sp.,,,Myrtaceae,Melaleuca,quinquenervia,,Australia,on leaves,
13767,Geometridae,Anisozyga,pieroides,,Walker,Myrtaceae,Melaleuca,quinquenervia,,Australia,on leaves,
9781,Gelechiidae,Ardozyga,sp.,,,Myrtaceae,Melaleuca,quinquenervia,,Australia,on tips,
56174,Noctuidae,Autoba,silicula,,Swinhoe,Myrtaceae,Melaleuca,quinquenervia,,Australia,in flowers,
101326,Pyralidae,Canipsa,poliochyta,,Turner,Myrtaceae,Melaleuca,quinquenervia,,Australia,on leaves,
74627,Nolidae,Careades,plana,,Warren,Myrtaceae,Melaleuca,quinquenervia,,Australia,on leaves,
74687,Nolidae,Characoma,vallata,,Meyrick,Myrtaceae,Melaleuca,quinquenervia,,Australia,on flowers,
15004,Geometridae,Chloroclystis,insigillata,,Walker,Myrtaceae,Melaleuca,quinquenervia,,Australia,on flowers,
15027,Geometridae,Chloroclystis,sp. C,,,Myrtaceae,Melaleuca,quinquenervia,,Australia,on flowers,
90223,Oecophoridae,Chrysonoma,consularis,,Meyrick,Myrtaceae,Melaleuca,quinquenervia,,Australia,on leaves,
15385,Geometridae,Cleora,repetita,,Butler,Myrtaceae,Melaleuca,quinquenervia,,Australia,on leaves,
15398,Geometridae,Cleora,sp. B,,,Myrtaceae,Melaleuca,quinquenervia,,Australia,on leaves,
15619,Geometridae,Comostola,laesaria,,Walker,Myrtaceae,Melaleuca,quinquenervia,,Australia,on leaves,
6470,Cosmopterigidae,Cosmopterigidae,sp. A,,,Myrtaceae,Melaleuca,quinquenervia,,Australia,on flowers,
6472,Cosmopterigidae,Cosmopterigidae,sp. A,,Meyrick,Myrtaceae,Melaleuca,quinquenervia,,Australia,on fruits,
6473,Cosmopterigidae,Cosmopterigidae,sp. B,,,Myrtaceae,Melaleuca,quinquenervia,,Australia,in flowers,
6474,Cosmopterigidae,Cosmopterigidae,sp. B,,,Myrtaceae,Melaleuca,quinquenervia,,Australia,in fruits,
6475,Cosmopterigidae,Cosmopterigidae,sp. B,,,Myrtaceae,Melaleuca,quinquenervia,,Australia,in galls,
6476,Cosmopterigidae,Cosmopterigidae,sp. C,,,Myrtaceae,Melaleuca,quinquenervia,,Australia,in fruits,
6478,Cosmopterigidae,Cosmopterigidae,sp. D,,,Myrtaceae,Melaleuca,quinquenervia,,Australia,on tips,
6479,Cosmopterigidae,Cosmopterigidae,sp. E,,,Myrtaceae,Melaleuca,quinquenervia,,Australia,on tips,
90273,Oecophoridae,Cryptophasa,nephrosema,,Turner,Myrtaceae,Melaleuca,quinquenervia,,Australia,on leaves,
90295,Oecophoridae,Cryptophasa,sp. C,,,Myrtaceae,Melaleuca,quinquenervia,,Australia,on leaves,
90296,Oecophoridae,Cryptophasa,sp. D,,,Myrtaceae,Melaleuca,quinquenervia,,Australia,,
90544,Oecophoridae,Eochrois,leiochroa,,Lower,Myrtaceae,Melaleuca,quinquenervia,,Australia,,
90545,Oecophoridae,Eochrois,sp. B,,,Myrtaceae,Melaleuca,quinquenervia,,Australia,on leaves,
76386,Notodontidae,Epicoma,protrahens,,Lucas,Myrtaceae,Melaleuca,quinquenervia,,Australia,on leaves,
90546,Oecophoridae,Epicurica,epiprepes,,Turner,Myrtaceae,Melaleuca,quinquenervia,,Australia,,
46192,Lymantriidae,Euproctis,sp.,,,Myrtaceae,Melaleuca,quinquenervia,,Australia,on leaves,
46202,Lymantriidae,Euproctis,sp. B,,,Myrtaceae,Melaleuca,quinquenervia,,Australia,on flowers,
46204,Lymantriidae,Euproctis,sp. C,,,Myrtaceae,Melaleuca,quinquenervia,,Australia,on flowers,
46205,Lymantriidae,Euproctis,sp. D,,,Myrtaceae,Melaleuca,quinquenervia,,Australia,on flowers,
46212,Lymantriidae,Euproctis,spp.,,,Myrtaceae,Melaleuca,quinquenervia,,Australia,on flowers/leaves,
90604,Oecophoridae,Garrha,sp. B,,,Myrtaceae,Melaleuca,quinquenervia,,Australia,on leaves,
90605,Oecophoridae,Garrha,sp. C,,,Myrtaceae,Melaleuca,quinquenervia,,Australia,on leaves,
18921,Geometridae,Gymnoscelis,lophopus,,Turner,Myrtaceae,Melaleuca,quinquenervia,,Australia,on flowers,
62872,Noctuidae,Homodes,bracteigutta,,Walker,Myrtaceae,Melaleuca,quinquenervia,,Australia,on leaves,
11564,Gelechiidae,Hypatima,sp.,,,Myrtaceae,Melaleuca,quinquenervia,,Australia,on flower buds,
19509,Geometridae,Hypodoxa,erebusata,,Walker,Myrtaceae,Melaleuca,quinquenervia,,Australia,on leaves,
19659,Geometridae,Hyposidra,janiaria,,Guenée,Myrtaceae,Melaleuca,quinquenervia,,Australia,on leaves,
20530,Geometridae,Lobus,lithinopa,,Meyrick,Myrtaceae,Melaleuca,quinquenervia,,Australia,on leaves,
21062,Geometridae,Metallochlora,militaris,,Lucas,Myrtaceae,Melaleuca,quinquenervia,,Australia,on flowers,
75134,Nolidae,Nanaguna,breviuscula,,Walker,Myrtaceae,Melaleuca,quinquenervia,,Australia,on leaves,
75178,Nolidae,Nola,argentea,,Lucas,Myrtaceae,Melaleuca,quinquenervia,,Australia,on leaves,
91031,Oecophoridae,Oecophorinae,sp. C,,,Myrtaceae,Melaleuca,quinquenervia,,Australia,on tips,
91055,Oecophoridae,Oenochroa,sp.,,,Myrtaceae,Melaleuca,quinquenervia,,Australia,,
66699,Noctuidae,Ophiusa,disjungens,,Walker,Myrtaceae,Melaleuca,quinquenervia,,Australia,on leaves,
68055,Noctuidae,Pataeta,carbo,,Guenée,Myrtaceae,Melaleuca,quinquenervia,,Australia,on leaves,
108475,Pyralidae,Poliopaschia,lithochlora,,Lower,Myrtaceae,Melaleuca,quinquenervia,,Australia,on leaves,
91293,Oecophoridae,Ptyoptila,matutinella,,Walker,Myrtaceae,Melaleuca,quinquenervia,,Australia,on leaves,
72006,Noctuidae,Spodoptera,litura,,Fabricius,Myrtaceae,Melaleuca,quinquenervia,,Australia,on leaves,
72103,Noctuidae,Spodoptera,mauritia,,Boisduval,Myrtaceae,Melaleuca,quinquenervia,,Australia,on leaves,
24452,Geometridae,Syneora,hemeropa,,Meyrick,Myrtaceae,Melaleuca,quinquenervia,,Australia,on leaves,
24454,Geometridae,Syneora,lithina,,Warren,Myrtaceae,Melaleuca,quinquenervia,,Australia,on leaves,
24638,Geometridae,Thalassodes,quadraria,,Guenée,Myrtaceae,Melaleuca,quinquenervia,,Australia,on flowers,
74688,Nolidae,Characoma,vallata,,Meyrick,Myrtaceae,Melaleuca,viridiflora,,Australia,on flowers,
15005,Geometridae,Chloroclystis,insigillata,,Walker,Myrtaceae,Melaleuca,viridiflora,,Australia,on flowers,
6471,Cosmopterigidae,Cosmopterigidae,sp. A,,,Myrtaceae,Melaleuca,viridiflora,,Australia,on flowers,
46206,Lymantriidae,Euproctis,sp. E,,,Myrtaceae,Melaleuca,viridiflora,,Australia,on flowers,
90739,Oecophoridae,Lophopepla,sp. B,,,Myrtaceae,Melaleuca,viridiflora,,Australia,,
91714,Oecophoridae,Xylorycta,poliochyta,,Turner,Myrtaceae,Melaleuca,viridiflora,,Australia,on leaves,
91716,Oecophoridae,Xylorycta,sp.,,,Myrtaceae,Melaleuca,viridiflora,,Australia,on leaves,
91722,Oecophoridae,Xyloryctinae,sp. A,,,Myrtaceae,Melaleuca,viridiflora,,Australia,on leaves,
120744,Sphingidae,Gnathothlibus,erotus,,Cramer,Melastomataceae,Melastoma,,,Australia,,
46461,Lymantriidae,Leptocneria,reducta,,Walker,Meliaceae,Melia,,,Australia,,
46463,Lymantriidae,Leptocneria,reducta,,Walker,Meliaceae,Melia,azedarach,,Australia,on leaves,
75239,Nolidae,Nola,lechriopa,,Hampson,Epacridaceae,Melichrus,,,Australia,,
110306,Roeslerstammiidae,Thereutis,chionozyga,,Meyrick,Epacridaceae,Melichrus,,,Australia,,
140084,Yponomeutidae,Zelleria,euthysema,,Turner,Epacridaceae,Melichrus,,,Australia,,
140085,Yponomeutidae,Zelleria,euthysema,,Turner,Epacridaceae,Melichrus,urceolatus,,Australia,,
33119,Immidae,Imma,acosma,,Turner,Violaceae,Melicytus,,,Australia,,
134408,Tortricidae,Isotenes,miserana,,Walker,Annonaceae,Melodorum,,,Australia,,
94444,Papilionidae,Protographium,leosthenes,,Doubleday,Annonaceae,Melodorum,leichhardtii,,Australia,,
58283,Noctuidae,Chrysodeixis,eriosoma,,Doubleday,Labiatae,Mentha,,,Australia,,
58305,Noctuidae,Chrysodeixis,subsidens,,Walker,Labiatae,Mentha,,,Australia,,
134938,Tortricidae,Merophyas,divulsana,,Walker,Labiatae,Mentha,,,Australia,,
22600,Geometridae,Pholodes,sinistraria,,Guenée,Labiatae,Mentha,,,Australia,,
72686,Noctuidae,Syntheta,nigerrima,,Guenée,Labiatae,Mentha,,,Australia,,
25073,Geometridae,Xanthorhoe,vicissata,,Guenée,Labiatae,Mentha,,,Australia,,
36350,Limacodidae,Doratifera,vulnerans,,Lewin,Labiatae,Mentha,X piperita,,Australia,,
119696,Sphingidae,Agrius,convolvuli,,Linnaeus,Convolvulaceae,Merremia,,,Australia,,
70413,Noctuidae,Simplicia,caeneusalis,,Walker,Palmae,Metroxylon,vitiense,,Australia,,
92570,Papilionidae,Papilio,anactus,,Macleay,Rutaceae,Microcitrus,,,Australia,,
92571,Papilionidae,Papilio,anactus,,Macleay,Rutaceae,Microcitrus,australasica,,Australia,,
92573,Papilionidae,Papilio,anactus,,Macleay,Rutaceae,Microcitrus,australis,,Australia,,
90520,Oecophoridae,Echiomima,mythica,,Meyrick,Leguminosae (P),Millettia,,,Australia,,
51431,Noctuidae,Achaea,janata,,Linnaeus,Leguminosae (M),Mimosa,,,Australia,,
13760,Geometridae,Anisozyga,pieroides,,Walker,Leguminosae (M),Mimosa,,,Australia,,
48053,Lymantriidae,Orgyia,papuana,,Riotte,Leguminosae (M),Mimosa,,,Australia,,
138641,Tortricidae,Trymalitis,climacias,,Meyrick,Sapotaceae,Mimusops,,,Australia,,
55552,Noctuidae,Apina,callisto,,Walker,Malvaceae,Modiola,caroliniana,,Australia,,
22933,Geometridae,Poecilasthena,pulchraria,,Doubleday,Epacridaceae,Monotoca,,,Australia,,
90221,Oecophoridae,Chrysonoma,argutella,,Zeller,Epacridaceae,Monotoca,elliptica,,Australia,on,
120071,Sphingidae,Cizara,ardenia,,Lewin,Rubiaceae,Morinda,,,Australia,,
121462,Sphingidae,Macroglossum,hirundo,,Boisduval,Rubiaceae,Morinda,,,Australia,,
134409,Tortricidae,Isotenes,miserana,,Walker,Moraceae,Morus,,,Australia,,
87526,Nymphalidae,Phaedyma,shepherdi,,Moore,Leguminosae (P),Mucuna,gigantea,,Australia,,
106583,Pyralidae,Nacoleia,octasema,,Meyrick,Musaceae,Musa,,,Australia,,
123808,Tineidae,Opogona,glycyphaga,,Meyrick,Musaceae,Musa,,,Australia,,
71830,Noctuidae,Spodoptera,litura,,Fabricius,Musaceae,Musa,,,Australia,,
48791,Lymantriidae,Teia,anartoides,,Walker,Musaceae,Musa,,,Australia,,
72915,Noctuidae,Tiracola,plagiata,,Walker,Musaceae,Musa,,,Australia,,
128567,Tortricidae,Barnardiella,sciaphila,,Turner,Musaceae,Musa,paradisiaca,,Australia,,
123809,Tineidae,Opogona,glycyphaga,,Meyrick,Musaceae,Musa,paradisiaca,,Australia,,
70423,Noctuidae,Simplicia,circumscripta,,Walker,Musaceae,Musa,paradisiaca,,Australia,,
101947,Pyralidae,Conogethes,punctiferalis,,Guenée,Musaceae,Musa,x paradisiaca,,Australia,,
106358,Pyralidae,Meyriccia,latro,,Zeller,Musaceae,Musa,x paradisiaca,,Australia,,
106589,Pyralidae,Nacoleia,octasema,,Meyrick,Musaceae,Musa,x paradisiaca,,Australia,,
123810,Tineidae,Opogona,glycyphaga,,Meyrick,Musaceae,Musa,x paradisiaca,,Australia,,
123877,Tineidae,Opogona,sacchari,,Bojer,Musaceae,Musa,x paradisiaca,,Australia,,
70424,Noctuidae,Simplicia,circumscripta,,Walker,Musaceae,Musa,x paradisiaca,,Australia,,
70446,Noctuidae,Simplicia,robustalis,,Guenée,Musaceae,Musa,x paradisiaca,,Australia,,
72920,Noctuidae,Tiracola,plagiata,,Walker,Musaceae,Musa,x paradisiaca,,Australia,,
109781,Pyralidae,Tirathaba,rufivena,,Walker,Musaceae,Musa,x paradisiaca,,Australia,,
44748,Lymantriidae,Acyphas,leucomelas,,Walker,Myoporaceae,Myoporum,,,Australia,,
7364,Cossidae,Archaeoses,polygrapha,,Lower,Myoporaceae,Myoporum,,,Australia,,
120189,Sphingidae,Coenotes,eremophilae,,Lucas,Myoporaceae,Myoporum,,,Australia,,
45163,Lymantriidae,Chionophasma,lutea,,Fabricius,Boraginaceae,Myosotis,,,Australia,,
72687,Noctuidae,Syntheta,nigerrima,,Guenée,Boraginaceae,Myosotis,,,Australia,,
4263,Arctiidae,Utetheisa,pulchelloides,,Hampson,Boraginaceae,Myosotis,,,Australia,,
120072,Sphingidae,Cizara,ardenia,,Lewin,Rubiaceae,Myrmecodia,,,Australia,,
41015,Lycaenidae,Hypochrysops,apollo,,Miskin,Rubiaceae,Myrmecodia,,,Australia,,
140313,Zygaenidae,Pollanisus,subdolosa,,Walker,Myrtaceae,Myrtus,,,Australia,,
90157,Oecophoridae,Callimima,lophoptera,,Lower,Lauraceae,Neolitsea,,,Australia,,
25589,Gracillariidae,Acrocercops,ordinatella,,Meyrick,Lauraceae,Neolitsea,dealbata,,Australia,in leaves,
27189,Gracillariidae,Gibbovalva,quadrifasciata,,Stainton,Lauraceae,Neolitsea,dealbata,,Australia,,
57087,Noctuidae,Callopistria,maillardi,,Guenée,Oleandraceae,Nephrolepis,,,Australia,,
134410,Tortricidae,Isotenes,miserana,,Walker,Apocynaceae,Nerium,,,Australia,,
83311,Nymphalidae,Euploea,core,,Cramer,Apocynaceae,Nerium,oleander,,Australia,,
120190,Sphingidae,Coenotes,eremophilae,,Lucas,Verbenaceae,Newcastelia,,,Australia,,
99966,Pyralidae,Achyra,affinitalis,,Lederer,Solanaceae,Nicotiana,,,Australia,,
53773,Noctuidae,Agrotis,munda,,Walker,Solanaceae,Nicotiana,,,Australia,,
58094,Noctuidae,Chrysodeixis,argentifera,,Guenée,Solanaceae,Nicotiana,,,Australia,,
61938,Noctuidae,Helicoverpa,armigera,,Hübner,Solanaceae,Nicotiana,,,Australia,,
62584,Noctuidae,Heliothis,punctigera,,Wallengren,Solanaceae,Nicotiana,,,Australia,,
12140,Gelechiidae,Phthorimaea,operculella,,Zeller,Solanaceae,Nicotiana,,,Australia,,
12444,Gelechiidae,Scrobipalpa,heliopa,,Lower,Solanaceae,Nicotiana,,,Australia,,
71840,Noctuidae,Spodoptera,litura,,Fabricius,Solanaceae,Nicotiana,,,Australia,,
72922,Noctuidae,Tiracola,plagiata,,Walker,Solanaceae,Nicotiana,,,Australia,,
53825,Noctuidae,Agrotis,radians,,Guenée,Solanaceae,Nicotiana,tabacum,,Australia,,
58095,Noctuidae,Chrysodeixis,argentifera,,Guenée,Solanaceae,Nicotiana,tabacum,,Australia,,
62585,Noctuidae,Heliothis,punctigera,,Wallengren,Solanaceae,Nicotiana,tabacum,,Australia,,
71843,Noctuidae,Spodoptera,litura,,Fabricius,Solanaceae,Nicotiana,tabacum,,Australia,,
122302,Sphingidae,Psilogramma,menephron,,Cramer,Oleaceae,Notelaea,,,Australia,,
29515,Hepialidae,Aenetus,eximia,,Scott,Fagaceae,Nothofagus,,,Australia,,
110296,Roeslerstammiidae,Chalcoteuches,phlogera,,Turner,Fagaceae,Nothofagus,,,Australia,,
27095,Gracillariidae,Cyphosticha,bryonoma,,Turner,Fagaceae,Nothofagus,,,Australia,,
27096,Gracillariidae,Cyphosticha,ostracodes,,Turner,Fagaceae,Nothofagus,,,Australia,,
17432,Geometridae,Euloxia,leucochorda,,Meyrick,Fagaceae,Nothofagus,,,Australia,,
4484,Blastobasidae,Blastobasis,sarcophaga,,Meyrick,Palmae,Nypa,,,Australia,,
109783,Pyralidae,Tirathaba,rufivena,,Walker,Palmae,Nypa,,,Australia,,
109822,Pyralidae,Titanoceros,thermoptera,,Lower,Insecta,Ochrogaster (Z),lunifer,,Australia,,
68374,Noctuidae,Phalaenoides,glycinae,,Lewin,Onagraceae,Oenothera,,,Australia,,
68385,Noctuidae,Phalaenoides,tristifica,,Hübner,Onagraceae,Oenothera,,,Australia,,
122304,Sphingidae,Psilogramma,menephron,,Cramer,Oleaceae,Olea,,,Australia,,
117469,Saturniidae,Syntherata,janetta,,White,Oleaceae,Olea,,,Australia,,
29530,Hepialidae,Aenetus,ligniveren,,Lewin,Compositae,Olearia,,,Australia,,
13466,Geometridae,Amelora,milvaria,,Guenée,Compositae,Olearia,,,Australia,,
75149,Nolidae,Nola,,,,Compositae,Olearia,,,Australia,,
3466,Arctiidae,Spilosoma,glatignyi,,Le Guillou,Compositae,Olearia,,,Australia,,
138574,Tortricidae,Tortrix,hydractis,,Meyrick,Compositae,Olearia,algida,,Australia,,
90688,Oecophoridae,Hypeuryntis,coricopa,,Meyrick,Compositae,Olearia,cunninghamii,,Australia,on flowers/fruits,
90689,Oecophoridae,Hypeuryntis,coricopa,,Meyrick,Compositae,Olearia,forsteri,,Australia,on leaves/flowers,
90690,Oecophoridae,Hypeuryntis,coricopa,,Meyrick,Compositae,Olearia,solandri,,Australia,on leaves/flowers,
138907,Uraniidae,Alcides,zodiaca,,Butler,Euphorbiaceae,Omphalea,,,Australia,,
15088,Geometridae,Ciampa,arietaria,,Guenée,Compositae,Onopordum,,,Australia,,
5411,Choreutidae,Tebenna,micalis,,Mann,Compositae,Onopordum,,,Australia,,
72927,Noctuidae,Tiracola,plagiata,,Walker,Compositae,Onopordum,,,Australia,,
89419,Nymphalidae,Vanessa,kershawi,,McCoy,Compositae,Onopordum,acanthium,,Australia,,
101039,Pyralidae,Cactoblastis,cactorum,,Berg,Cactaceae,Opuntia,,,Australia,,
101046,Pyralidae,Cactoblastis,cactorum,,Berg,Cactaceae,Opuntia,aurantiaca,,Australia,,
109906,Pyralidae,Tucumania,tapiacola,,Dyar,Cactaceae,Opuntia,aurantiaca,,Australia,,
101058,Pyralidae,Cactoblastis,cactorum,,Berg,Cactaceae,Opuntia,streptacantha,,Australia,,
101059,Pyralidae,Cactoblastis,cactorum,,Berg,Cactaceae,Opuntia,stricta,,Australia,,
106894,Pyralidae,Olycella,junctolineella,,Hulst,Cactaceae,Opuntia,stricta,,Australia,,
101066,Pyralidae,Cactoblastis,cactorum,,Berg,Cactaceae,Opuntia,tomentosa,,Australia,,
91703,Oecophoridae,Xylorycta,luteotactella,,Walker,Proteaceae,Oreocallis,,,Australia,,
56695,Noctuidae,Bathytricha,truncata,,Walker,Gramineae,Oryza,,,Australia,,
101517,Pyralidae,Chilo,polychrysa,,Meyrick,Gramineae,Oryza,,,Australia,,
101589,Pyralidae,Chilo,suppressalis,,Walker,Gramineae,Oryza,,,Australia,,
101755,Pyralidae,Cnaphalocrocis,medinalis,,Guenée,Gramineae,Oryza,,,Australia,,
66183,Noctuidae,Mythimna,convecta,,Walker,Gramineae,Oryza,,,Australia,,
109179,Pyralidae,Scirpophaga,innotata,,Walker,Gramineae,Oryza,,,Australia,,
71152,Noctuidae,Spodoptera,exigua,,Hübner,Gramineae,Oryza,,,Australia,,
106756,Pyralidae,Niphadoses,palleucus,,Common,Gramineae,Oryza,sativa,,Australia,,
87283,Nymphalidae,Orsotriaena,medus,,Fabricius,Gramineae,Oryza,sativa,,Australia,,
90838,Oecophoridae,Macrobathra,obliquata,,Lucas,Leguminosae (P),Oxylobium,,,Australia,,
7650,Cossidae,Xyleutes,amphiplecta,,Turner,Chenopodiaceae,Pachycornia,,,Australia,,
51614,Noctuidae,Achaea,serva,,Fabricius,Sapotaceae,Palaquium,,,Australia,,
6594,Cosmopterigidae,Echinoscelis,pandani,,Turner,Pandanaceae,Pandanus,,,Australia,,
7319,Cosmopterigidae,Trissodoris,honorariella,,Walsingham,Pandanaceae,Pandanus,,,Australia,,
7323,Cosmopterigidae,Trissodoris,larozona,,Turner,Pandanaceae,Pandanus,,,Australia,,
6716,Cosmopterigidae,Isorrhoa,pandani,,Turner,Pandanaceae,Pandanus,tectorius,,Australia,on,
161,Alucitidae,Alucita,phricodes,,Meyrick,Bignoniaceae,Pandorea,,,Australia,,
32984,Hyblaeidae,Hyblaea,ibidias,,Turner,Bignoniaceae,Pandorea,,,Australia,,
122307,Sphingidae,Psilogramma,menephron,,Cramer,Bignoniaceae,Pandorea,,,Australia,,
162,Alucitidae,Alucita,phricodes,,Meyrick,Bignoniaceae,Pandorea,jasminoides,,Australia,in flowers,
86081,Nymphalidae,Melanitis,leda,,Linnaeus,Gramineae,Panicum,,,Australia,,
29772,Hepialidae,Oncopera,brachyphylla,,Turner,Gramineae,Panicum,maximum,,Australia,,
29786,Hepialidae,Oncopera,mitocera,,Turner,Gramineae,Panicum,maximum,,Australia,,
99655,Pterophoridae,Platyptilia,omissalis,,Fletcher,Scrophulariaceae,Parahebe,,,Australia,,
88163,Nymphalidae,Polyura,sempronius,,Fabricius,Leguminosae (M),Pararchidendron,pruinosum,,Australia,,
88164,Nymphalidae,Polyura,sempronius,,Fabricius,Leguminosae (M),Paraserianthes,lophantha,,Australia,,
89405,Nymphalidae,Vanessa,itea,,Fabricius,Urticaceae,Parietaria,floridana,,Australia,,
48834,Lyonetiidae,Bedellia,,,,Apocynaceae,Parsonsia,,,Australia,,
104758,Pyralidae,Glyphodes,microta,,Meyrick,Apocynaceae,Parsonsia,,,Australia,,
83314,Nymphalidae,Euploea,core,,Cramer,Apocynaceae,Parsonsia,straminea,,Australia,,
88796,Nymphalidae,Tellervo,zoilus,,Fabricius,Apocynaceae,Parsonsia,velutina,,Australia,,
132026,Tortricidae,Epiblema,strenuana,,Walker,Compositae,Parthenium,,,Australia,,
4990,Bucculatricidae,Bucculatrix,sp.,,,Compositae,Parthenium,hysterophorus,,Australia,,
132027,Tortricidae,Epiblema,strenuana,,Walker,Compositae,Parthenium,hysterophorus,,Australia,,
55718,Noctuidae,Argyrolepidia,subaspersa,,Walker,Vitaceae,Parthenocissus,,,Australia,,
120746,Sphingidae,Gnathothlibus,erotus,,Cramer,Vitaceae,Parthenocissus,,,Australia,,
120917,Sphingidae,Hippotion,celerio,,Linnaeus,Vitaceae,Parthenocissus,,,Australia,,
3436,Arctiidae,Spilosoma,canescens,,Butler,Vitaceae,Parthenocissus,,,Australia,,
122928,Sphingidae,Theretra,latreillii,,Macleay,Vitaceae,Parthenocissus,,,Australia,,
56697,Noctuidae,Bathytricha,truncata,,Walker,Gramineae,Paspalum,,,Australia,,
101295,Pyralidae,Calamotropha,leptogramellus,,Meyrick,Gramineae,Paspalum,,,Australia,,
101298,Pyralidae,Calamotropha,leptogrammella,,Meyrick,Gramineae,Paspalum,,,Australia,,
105193,Pyralidae,Herpetogramma,licarsisalis,,Walker,Gramineae,Paspalum,,,Australia,,
63401,Noctuidae,Hypopteridia,reversa,,Moore,Gramineae,Paspalum,,,Australia,,
86087,Nymphalidae,Melanitis,leda,,Linnaeus,Gramineae,Paspalum,,,Australia,,
70972,Noctuidae,Spodoptera,exempta,,Walker,Gramineae,Paspalum,,,Australia,,
55553,Noctuidae,Apina,callisto,,Walker,Gramineae,Paspalum,dilatatum,,Australia,,
101299,Pyralidae,Calamotropha,leptogrammella,,Meyrick,Gramineae,Paspalum,dilatatum,,Australia,,
78124,Nymphalidae,Acraea,andromacha,,Fabricius,Passifloraceae,Passiflora,,,Australia,,
48792,Lymantriidae,Teia,anartoides,,Walker,Passifloraceae,Passiflora,,,Australia,,
89489,Nymphalidae,Vindula,arsinoe,,Cramer,Passifloraceae,Passiflora,aurantia,,Australia,,
78127,Nymphalidae,Acraea,andromacha,,Fabricius,Passifloraceae,Passiflora,subpeltata,,Australia,,
104936,Pyralidae,Hednota,recurvella,,Walker,Iridaceae,Patersonia,,,Australia,,
119939,Sphingidae,Cephonodes,hylas,,Linnaeus,Rubiaceae,Pavetta,,,Australia,,
121464,Sphingidae,Macroglossum,hirundo,,Boisduval,Rubiaceae,Pavetta,,,Australia,,
58096,Noctuidae,Chrysodeixis,argentifera,,Guenée,Geraniaceae,Pelargonium,,,Australia,,
16342,Geometridae,Ectropis,excursaria,,Guenée,Geraniaceae,Pelargonium,,,Australia,,
134939,Tortricidae,Merophyas,divulsana,,Walker,Geraniaceae,Pelargonium,,,Australia,,
47611,Lymantriidae,Orgyia,australis,,Walker,Geraniaceae,Pelargonium,,,Australia,,
99741,Pterophoridae,Sphenarches,anisodactylus,,Walker,Geraniaceae,Pelargonium,,,Australia,,
68126,Noctuidae,Pericyma,cruegeri,,Butler,Leguminosae (C),Peltophorum,,,Australia,,
101334,Pyralidae,Cardamyla,carinentalis,,Walker,Icacinaceae,Pennantia,,,Australia,,
130502,Tortricidae,Cryptoptila,australana,,Lewin,Icacinaceae,Pennantia,,,Australia,,
70973,Noctuidae,Spodoptera,exempta,,Walker,Gramineae,Pennisetum,,,Australia,,
72075,Noctuidae,Spodoptera,mauritia,,Boisduval,Gramineae,Pennisetum,,,Australia,,
120747,Sphingidae,Gnathothlibus,erotus,,Cramer,Rubiaceae,Pentas,,,Australia,,
120918,Sphingidae,Hippotion,celerio,,Linnaeus,Rubiaceae,Pentas,,,Australia,,
121024,Sphingidae,Hippotion,scrofa,,Linnaeus,Rubiaceae,Pentas,,,Australia,,
122998,Sphingidae,Theretra,oldenlandiae,,Fabricius,Rubiaceae,Pentas,,,Australia,,
13761,Geometridae,Anisozyga,pieroides,,Walker,Lauraceae,Persea,,,Australia,,
45161,Lymantriidae,Chionophasma,fimbriata,,Lucas,Lauraceae,Persea,,,Australia,,
15377,Geometridae,Cleora,repetita,,Butler,Lauraceae,Persea,,,Australia,,
130515,Tortricidae,Cryptoptila,immersana,,Walker,Lauraceae,Persea,,,Australia,,
47307,Lymantriidae,Olene,mendosa,,Hübner,Lauraceae,Persea,,,Australia,,
48054,Lymantriidae,Orgyia,papuana,,Riotte,Lauraceae,Persea,,,Australia,,
25590,Gracillariidae,Acrocercops,ordinatella,,Meyrick,Lauraceae,Persea,americana,,Australia,in leaves,
130516,Tortricidae,Cryptoptila,immersana,,Walker,Lauraceae,Persea,americana,,Australia,,
134286,Tortricidae,Homona,spargotis,,Meyrick,Lauraceae,Persea,americana,,Australia,,
134411,Tortricidae,Isotenes,miserana,,Walker,Lauraceae,Persea,americana,,Australia,,
98323,Psychidae,Metura,elongata,,Saunders,Lauraceae,Persea,americana,,Australia,,
84544,Nymphalidae,Hypolimnas,bolina,,Linnaeus,Polygonaceae,Persicaria,prostrata,,Australia,,
132651,Tortricidae,Epiphyas,postvittana,,Walker,Proteaceae,Persoonia,,,Australia,,
36608,Limacodidae,Mecytha,fasciata,,Walker,Proteaceae,Persoonia,,,Australia,,
110298,Roeslerstammiidae,Nematobola,candescens,,Meyrick,Proteaceae,Persoonia,,,Australia,,
22187,Geometridae,Parathemis,,,,Proteaceae,Persoonia,,,Australia,,
91795,Palaephatidae,Ptyssoptera,tryphera,,Meyrick,Proteaceae,Persoonia,,,Australia,,
91704,Oecophoridae,Xylorycta,luteotactella,,Walker,Proteaceae,Persoonia,,,Australia,,
91709,Oecophoridae,Xylorycta,luteotactella,,Walker,Proteaceae,Persoonia,,,Australia,on,
91715,Oecophoridae,Xylorycta,rhizophaga,,Turner,Proteaceae,Persoonia,falcata,,Australia,in stems,
91794,Palaephatidae,Ptyssoptera,spodina,,Meyrick,Proteaceae,Persoonia,lanceolata,,Australia,in leaves,
91796,Palaephatidae,Ptyssoptera,tryphera,,Meyrick,Proteaceae,Persoonia,salicina,,Australia,on,
117470,Saturniidae,Syntherata,janetta,,White,Euphorbiaceae,Petalostigma,,,Australia,,
134662,Tortricidae,Lobesia,physophora,,Lower,Euphorbiaceae,Petalostigma,quadriloculare,,Australia,,
87593,Nymphalidae,Phalanta,phalantha,,Drury,Euphorbiaceae,Petalostigma,quadriloculare,,Australia,,
53624,Noctuidae,Agrotis,ipsilon,,Hufnagel,Leguminosae (P),Phaseolus,,,Australia,,
656,Arctiidae,Amsacta,marginata,,Donovan,Leguminosae (P),Phaseolus,,,Australia,,
14661,Geometridae,Capusa,senilis,,Walker,Leguminosae (P),Phaseolus,,,Australia,,
58097,Noctuidae,Chrysodeixis,argentifera,,Guenée,Leguminosae (P),Phaseolus,,,Australia,,
58286,Noctuidae,Chrysodeixis,eriosoma,,Doubleday,Leguminosae (P),Phaseolus,,,Australia,,
132652,Tortricidae,Epiphyas,postvittana,,Walker,Leguminosae (P),Phaseolus,,,Australia,,
104038,Pyralidae,Etiella,behrii,,Zeller,Leguminosae (P),Phaseolus,,,Australia,,
62586,Noctuidae,Heliothis,punctigera,,Wallengren,Leguminosae (P),Phaseolus,,,Australia,,
106127,Pyralidae,Maruca,testulalis,,Geyer,Leguminosae (P),Phaseolus,,,Australia,,
106967,Pyralidae,Omiodes,diemenalis,,Guenée,Leguminosae (P),Phaseolus,,,Australia,,
68363,Noctuidae,Persectania,ewingii,,Westwood,Leguminosae (P),Phaseolus,,,Australia,,
29075,Gracillariidae,Porphyrosela,aglaozona,,Meyrick,Leguminosae (P),Phaseolus,,,Australia,,
99742,Pterophoridae,Sphenarches,anisodactylus,,Walker,Leguminosae (P),Phaseolus,,,Australia,,
71858,Noctuidae,Spodoptera,litura,,Fabricius,Leguminosae (P),Phaseolus,,,Australia,,
44679,Lycaenidae,Zizina,labradus,,Godart,Leguminosae (P),Phaseolus,,,Australia,,
139708,Yponomeutidae,Prays,spp.,,,Rutaceae,Phebalium,,,Australia,,
25363,Gracillariidae,Acrocercops,chionoplecta,,Meyrick,Rutaceae,Phebalium,dentatum,,Australia,in leaves,
25591,Gracillariidae,Acrocercops,ordinatella,,Meyrick,Lauraceae,Phoebe,lanceolata,,Australia,in leaves,
108617,Pyralidae,Ptochostola,microphaeellus,,Walker,Gramineae,Phragmites,australis,,Australia,,
51437,Noctuidae,Achaea,janata,,Linnaeus,Euphorbiaceae,Phyllanthus,,,Australia,,
59539,Noctuidae,Dysgonia,joviana,,Stoll,Euphorbiaceae,Phyllanthus,,,Australia,on leaves,
59545,Noctuidae,Dysgonia,latizona,,Butler,Euphorbiaceae,Phyllanthus,,,Australia,,
61562,Noctuidae,Grammodes,ocellata,,Teppan,Euphorbiaceae,Phyllanthus,,,Australia,,
62115,Noctuidae,Helicoverpa,assulta,,Guenée,Solanaceae,Physalis,,,Australia,,
109098,Pyralidae,Sceliodes,cordalis,,Doubleday,Solanaceae,Physalis,,,Australia,,
72930,Noctuidae,Tiracola,plagiata,,Walker,Solanaceae,Physalis,,,Australia,,
107364,Pyralidae,Ostrinia,furnacalis,,Guenée,Phytolaccaceae,Phytolacca,,,Australia,,
72931,Noctuidae,Tiracola,plagiata,,Walker,Phytolaccaceae,Phytolacca,,,Australia,,
33432,Lasiocampidae,Digglesia,australasiae,,Fabricius,Pinaceae,Picea,,,Australia,,
132687,Tortricidae,Epiphyas,postvittana,,Walker,Pinaceae,Picea,abies,,Australia,on leaves,
90629,Oecophoridae,Heliostibes,atychioides,,Butler,Pinaceae,Picea,abies,,Australia,on leaves,
132688,Tortricidae,Epiphyas,postvittana,,Walker,Pinaceae,Picea,sitchensis,,Australia,on leaves,
90630,Oecophoridae,Heliostibes,atychioides,,Butler,Pinaceae,Picea,sitchensis,,Australia,on leaves,
17431,Geometridae,Euloxia,fugitivaria,,Guenée,Thymelaeaceae,Pimelea,,,Australia,,
125324,Tortricidae,Acropolitis,ergophora,,Meyrick,Pinaceae,Pinus,,,Australia,,
125330,Tortricidae,Acropolitis,rudisana,,Walker,Pinaceae,Pinus,,,Australia,,
125332,Tortricidae,Acropolitis,rudisana,,Walker,Pinaceae,Pinus,,,Australia,on leaves,
44749,Lymantriidae,Acyphas,leucomelas,,Walker,Pinaceae,Pinus,,,Australia,,
53627,Noctuidae,Agrotis,ipsilon,,Hufnagel,Pinaceae,Pinus,,,Australia,,
53774,Noctuidae,Agrotis,munda,,Walker,Pinaceae,Pinus,,,Australia,,
53833,Noctuidae,Agrotis,radians,,Guenée,Pinaceae,Pinus,,,Australia,on seedlings,
14662,Geometridae,Capusa,senilis,,Walker,Pinaceae,Pinus,,,Australia,,
14663,Geometridae,Capusa,stenophara,,Turner,Pinaceae,Pinus,,,Australia,,
204,Anthelidae,Chenuala,heliaspis,,Meyrick,Pinaceae,Pinus,,,Australia,,
14841,Geometridae,Chlenias,pachymela,,Lower,Pinaceae,Pinus,,,Australia,,
14846,Geometridae,Chlenias,spp.,,,Pinaceae,Pinus,,,Australia,,
33433,Lasiocampidae,Digglesia,australasiae,,Fabricius,Pinaceae,Pinus,,,Australia,,
16343,Geometridae,Ectropis,excursaria,,Guenée,Pinaceae,Pinus,,,Australia,,
132590,Tortricidae,Epiphyas,caryotis,,Meyrick,Pinaceae,Pinus,,,Australia,,
132653,Tortricidae,Epiphyas,postvittana,,Walker,Pinaceae,Pinus,,,Australia,,
18971,Geometridae,Haploceros,sphenotypa,,Turner,Pinaceae,Pinus,,,Australia,,
90631,Oecophoridae,Heliostibes,atychioides,,Butler,Pinaceae,Pinus,,,Australia,on leaves,
98046,Psychidae,Hyalarcta,huebneri,,Westwood,Pinaceae,Pinus,,,Australia,,
134940,Tortricidae,Merophyas,divulsana,,Walker,Pinaceae,Pinus,,,Australia,,
98400,Psychidae,Oiketicus,elongatus,,Saunders,Pinaceae,Pinus,,,Australia,,
47612,Lymantriidae,Orgyia,australis,,Walker,Pinaceae,Pinus,,,Australia,,
9384,Eupterotidae,Panacela,lewinae,,Lewin,Pinaceae,Pinus,,,Australia,,
22188,Geometridae,Parathemis,,,,Pinaceae,Pinus,,,Australia,,
22601,Geometridae,Pholodes,sinistraria,,Guenée,Pinaceae,Pinus,,,Australia,,
69235,Noctuidae,Pseudaletia,unipuncta,,Haworth,Pinaceae,Pinus,,,Australia,on nursery stock,
3437,Arctiidae,Spilosoma,canescens,,Butler,Pinaceae,Pinus,,,Australia,,
3467,Arctiidae,Spilosoma,glatignyi,,Le Guillou,Pinaceae,Pinus,,,Australia,,
48793,Lymantriidae,Teia,anartoides,,Walker,Pinaceae,Pinus,,,Australia,,
91658,Oecophoridae,Tortricopsis,pyroptis,,Meyrick,Pinaceae,Pinus,,,Australia,,
7638,Cossidae,Trigonocyttara,clandestina,,Turner,Pinaceae,Pinus,,,Australia,,
25180,Geometridae,Zermizinga,indocilisaria,,Walker,Pinaceae,Pinus,,,Australia,,
98056,Psychidae,Hyalarcta,huebneri,,Westwood,Pinaceae,Pinus,elliottii,,Australia,on leaves,
22606,Geometridae,Pholodes,sinistraria,,Guenée,Pinaceae,Pinus,elliottii,,Australia,on leaves,
207,Anthelidae,Chenuala,heliaspis,,Meyrick,Pinaceae,Pinus,engelmannii,,Australia,on leaves,
134422,Tortricidae,Isotenes,miserana,,Walker,Pinaceae,Pinus,insularis,,Australia,on seedlings,
25185,Geometridae,Zermizinga,indocilisaria,,Walker,Pinaceae,Pinus,muricata,,Australia,on leaves,
205,Anthelidae,Chenuala,heliaspis,,Meyrick,Pinaceae,Pinus,patula,,Australia,,
208,Anthelidae,Chenuala,heliaspis,,Meyrick,Pinaceae,Pinus,patula,,Australia,on leaves,
9392,Eupterotidae,Panacela,lewinae,,Lewin,Pinaceae,Pinus,patula,,Australia,on leaves,
125333,Tortricidae,Acropolitis,rudisana,,Walker,Pinaceae,Pinus,radiata,,Australia,on nursery stock,
53474,Noctuidae,Agrotis,infusa,,Boisduval,Pinaceae,Pinus,radiata,,Australia,on seedlings,
53831,Noctuidae,Agrotis,radians,,Guenée,Pinaceae,Pinus,radiata,,Australia,on leaves,
53834,Noctuidae,Agrotis,radians,,Guenée,Pinaceae,Pinus,radiata,,Australia,on seedlings,
54687,Noctuidae,Androdes,hypochalchis,,Turner,Pinaceae,Pinus,radiata,,Australia,on leaves,
177,Anthelidae,Anthela,excellens,,Walker,Pinaceae,Pinus,radiata,,Australia,on leaves,
184,Anthelidae,Anthela,nicothoe,,Boisduval,Pinaceae,Pinus,radiata,,Australia,on leaves,
186,Anthelidae,Anthela,ocellata,,Walker,Pinaceae,Pinus,radiata,,Australia,on leaves,
14522,Geometridae,Boarmia,penthearia,,Guenée,Pinaceae,Pinus,radiata,,Australia,in nurseries,
14664,Geometridae,Capusa,stenophara,,Turner,Pinaceae,Pinus,radiata,,Australia,on leaves,
199,Anthelidae,Chelepteryx,chalepteryx,,Felder,Pinaceae,Pinus,radiata,,Australia,on leaves,
209,Anthelidae,Chenuala,heliaspis,,Meyrick,Pinaceae,Pinus,radiata,,Australia,on leaves,
14840,Geometridae,Chlenias,banksiaria,,Guillou,Pinaceae,Pinus,radiata,,Australia,,
14843,Geometridae,Chlenias,pachymela,,Lower,Pinaceae,Pinus,radiata,,Australia,on leaves,
14845,Geometridae,Chlenias,pini,,Tindale,Pinaceae,Pinus,radiata,,Australia,on leaves,
14848,Geometridae,Chlenias,zonaea,,Guest,Pinaceae,Pinus,radiata,,Australia,on leaves,
130521,Tortricidae,Cryptoptila,immersana,,Walker,Pinaceae,Pinus,radiata,,Australia,in nurseries,
16347,Geometridae,Ectropis,excursaria,,Guenée,Pinaceae,Pinus,radiata,,Australia,on leaves,
132689,Tortricidae,Epiphyas,postvittana,,Walker,Pinaceae,Pinus,radiata,,Australia,on leaves,
132699,Tortricidae,Epiphyas,xylodes,,Meyrick,Pinaceae,Pinus,radiata,,Australia,on leaves,
62165,Noctuidae,Helicoverpa,punctigera,,Wallengren,Pinaceae,Pinus,radiata,,Australia,on nursery stock,
90632,Oecophoridae,Heliostibes,atychioides,,Butler,Pinaceae,Pinus,radiata,,Australia,on leaves,
98047,Psychidae,Hyalarcta,huebneri,,Westwood,Pinaceae,Pinus,radiata,,Australia,,
98057,Psychidae,Hyalarcta,huebneri,,Westwood,Pinaceae,Pinus,radiata,,Australia,on leaves,
98064,Psychidae,Hyalarcta,tenuis,,Rosenstock,Pinaceae,Pinus,radiata,,Australia,on leaves,
134419,Tortricidae,Isotenes,miserana,,Walker,Pinaceae,Pinus,radiata,,Australia,on leaves,
134945,Tortricidae,Merophyas,divulsana,,Walker,Pinaceae,Pinus,radiata,,Australia,in nurseries,
98324,Psychidae,Metura,elongata,,Saunders,Pinaceae,Pinus,radiata,,Australia,on leaves,
47409,Lymantriidae,Oligeria,hemicalla,,Lower,Pinaceae,Pinus,radiata,,Australia,on leaves,
116450,Saturniidae,Opodiphthera,eucalypti,,Scott,Pinaceae,Pinus,radiata,,Australia,on leaves,
47615,Lymantriidae,Orgyia,australis,,Walker,Pinaceae,Pinus,radiata,,Australia,on leaves,
2954,Arctiidae,Palaeosia,bicosta,,Walker,Pinaceae,Pinus,radiata,,Australia,on leaves,
9393,Eupterotidae,Panacela,lewinae,,Lewin,Pinaceae,Pinus,radiata,,Australia,on leaves,
22607,Geometridae,Pholodes,sinistraria,,Guenée,Pinaceae,Pinus,radiata,,Australia,on leaves,
91110,Oecophoridae,Plectophila,discalis,,Walker,Pinaceae,Pinus,radiata,,Australia,on flowers,
23506,Geometridae,Scioglyptis,canescaria,,Guenée,Pinaceae,Pinus,radiata,,Australia,on leaves,
48803,Lymantriidae,Teia,anartoides,,Walker,Pinaceae,Pinus,radiata,,Australia,in nursery stock,
91661,Oecophoridae,Tortricopsis,semijunctella,,Walker,Pinaceae,Pinus,radiata,,Australia,on leaves,
25186,Geometridae,Zermizinga,indocilisaria,,Walker,Pinaceae,Pinus,radiata,,Australia,on leaves,
98058,Psychidae,Hyalarcta,huebneri,,Westwood,Pinaceae,Pinus,strobiformis,,Australia,on leaves,
47616,Lymantriidae,Orgyia,australis,,Walker,Pinaceae,Pinus,taeda,,Australia,on leaves,
140308,Zygaenidae,Pollanisus,eumetopus,,Turner,Urticaceae,Pipturus,,,Australia,,
122892,Sphingidae,Theretra,clotho,,Drury,Urticaceae,Pipturus,,,Australia,,
86560,Nymphalidae,Mynes,geoffroyi,,Guérin-Méneville,Urticaceae,Pipturus,argenteus,,Australia,,
121030,Sphingidae,Hippotion,velox,,Fabricius,Nyctaginaceae,Pisonia,,,Australia,,
29307,Heliodinidae,Epicroesa,metallifera,,Meyrick,Nyctaginaceae,Pisonia,aculeata ?,,Australia,,
53467,Noctuidae,Agrotis,infusa,,Boisduval,Leguminosae (P),Pisum,,,Australia,,
90857,Oecophoridae,Maroga,melanostigma,,Wallengren,Leguminosae (M),Pithecellobium,,,Australia,,
138567,Tortricidae,Tortrix,eveleena,,Lower,Pittosporaceae,Pittosporum,phillyraeoides,,Australia,,
138568,Tortricidae,Tortrix,eveleena,,Lower,Pittosporaceae,Pittosporum,phillyraeoides,,Australia,on,
101956,Pyralidae,Conogethes,punctiferalis,,Guenée,Lecythidaceae,Planchonia,,,Australia,,
113361,Saturniidae,Coscinocera,hercules,,Miskin,Lecythidaceae,Planchonia,,,Australia,,
116464,Saturniidae,Opodiphthera,saccopoea,,Turner,Lecythidaceae,Planchonia,,,Australia,,
122999,Sphingidae,Theretra,oldenlandiae,,Fabricius,Lecythidaceae,Planchonia,,,Australia,,
657,Arctiidae,Amsacta,marginata,,Donovan,Plantaginaceae,Plantago,,,Australia,,
55547,Noctuidae,Apina,callisto,,Angas,Plantaginaceae,Plantago,,,Australia,,
85448,Nymphalidae,Junonia,villida,,Fabricius,Plantaginaceae,Plantago,,,Australia,,
23651,Geometridae,Scopula,rubraria,,Doubleday,Plantaginaceae,Plantago,,,Australia,,
3438,Arctiidae,Spilosoma,canescens,,Butler,Plantaginaceae,Plantago,,,Australia,,
3468,Arctiidae,Spilosoma,glatignyi,,Le Guillou,Plantaginaceae,Plantago,,,Australia,,
25074,Geometridae,Xanthorhoe,vicissata,,Guenée,Plantaginaceae,Plantago,,,Australia,,
55554,Noctuidae,Apina,callisto,,Walker,Plantaginaceae,Plantago,antarctica,,Australia,,
85449,Nymphalidae,Junonia,villida,,Fabricius,Plantaginaceae,Plantago,lanceolata,,Australia,,
90858,Oecophoridae,Maroga,melanostigma,,Wallengren,Platanaceae,Platanus,,,Australia,,
48794,Lymantriidae,Teia,anartoides,,Walker,Platanaceae,Platanus,,,Australia,,
90146,Oecophoridae,Calicotis,crucifera,,Meyrick,Polypodiaceae,Platycerium,,,Australia,,
107972,Pyralidae,Phenacodes,aleuropa,,Lower,Polypodiaceae,Platycerium,alcicorne,,Australia,on,
90839,Oecophoridae,Macrobathra,obliquata,,Lucas,Leguminosae (P),Platylobium,,,Australia,,
90811,Oecophoridae,Macrobathra,alternatella,,Walker,Leguminosae (P),Platylobium,formosum,,Australia,on,
60202,Noctuidae,Eudocima,fullonia,,Clerck,Menispermaceae,Pleogyne,,,Australia,,
48877,Lyonetiidae,Crobylophora,daricella,,Meyrick,Plumbaginaceae,Plumbago,,,Australia,,
120919,Sphingidae,Hippotion,celerio,,Linnaeus,Apocynaceae,Plumeria,,,Australia,,
84282,Nymphalidae,Heteronympha,banksi,,Leach,Gramineae,Poa,,,Australia,,
84295,Nymphalidae,Heteronympha,penelope,,Waterhouse,Gramineae,Poa,,,Australia,,
84297,Nymphalidae,Heteronympha,solandri,,Waterhouse,Gramineae,Poa,,,Australia,,
98150,Psychidae,Lomera,caespitosae,,Oke,Gramineae,Poa,,,Australia,,
29771,Hepialidae,Oncopera,alpina,,Tindale,Gramineae,Poa,,,Australia,,
87269,Nymphalidae,Oreixenica,corrae,,Olliff,Gramineae,Poa,,,Australia,,
87272,Nymphalidae,Oreixenica,kershawi,,Miskin,Gramineae,Poa,,,Australia,,
87274,Nymphalidae,Oreixenica,lathoniella,,Westwood,Gramineae,Poa,,,Australia,,
87275,Nymphalidae,Oreixenica,orichora,,Meyrick,Gramineae,Poa,,,Australia,,
87277,Nymphalidae,Oreixenica,paludosa,,Lucas,Gramineae,Poa,,,Australia,,
98668,Psychidae,Plutorectis,caespitosae,,Oke,Gramineae,Poa,,,Australia,,
83874,Nymphalidae,Geitoneura,acantha,,Donovan,Gramineae,Poa,australis,,Australia,,
87270,Nymphalidae,Oreixenica,corrae,,Olliff,Gramineae,Poa,australis,,Australia,,
87276,Nymphalidae,Oreixenica,orichora,,Meyrick,Gramineae,Poa,australis,,Australia,,
84288,Nymphalidae,Heteronympha,merope,,Fabricius,Gramineae,Poa,baillardieri,,Australia,,
83875,Nymphalidae,Geitoneura,acantha,,Donovan,Gramineae,Poa,tenera,,Australia,,
83879,Nymphalidae,Geitoneura,klugi,,Guérin-Méneville,Gramineae,Poa,tenera,,Australia,,
84283,Nymphalidae,Heteronympha,banksi,,Leach,Gramineae,Poa,tenera,,Australia,,
84289,Nymphalidae,Heteronympha,merope,,Fabricius,Gramineae,Poa,tenera,,Australia,,
84293,Nymphalidae,Heteronympha,paradelpha,,Lower,Gramineae,Poa,tenera,,Australia,,
117471,Saturniidae,Syntherata,janetta,,White,Podocarpaceae,Podocarpus,,,Australia,,
116412,Saturniidae,Opodiphthera,,,,Podocarpaceae,Podocarpus,elatus,,Australia,,
120920,Sphingidae,Hippotion,celerio,,Linnaeus,Bignoniaceae,Podranea,,,Australia,,
136768,Tortricidae,Polylopha,epidesma,,Lower,Annonaceae,Polyalthia,longifolia,,Australia,on,
134987,Tortricidae,Molybdocrates,vinculata,,Meyrick,Annonaceae,Polyalthia,nitidissima,,Australia,,
132656,Tortricidae,Epiphyas,postvittana,,Walker,Polygonaceae,Polygonum,,,Australia,,
121025,Sphingidae,Hippotion,scrofa,,Linnaeus,Polygonaceae,Polygonum,,,Australia,,
106767,Pyralidae,Nomophila,corticalis,,Walker,Polygonaceae,Polygonum,,,Australia,,
107365,Pyralidae,Ostrinia,furnacalis,,Guenée,Polygonaceae,Polygonum,,,Australia,,
25075,Geometridae,Xanthorhoe,vicissata,,Guenée,Polygonaceae,Polygonum,,,Australia,,
6847,Cosmopterigidae,Limnaecia,scoliosema,,Meyrick,Fungi,Polyporus,,,Australia,,
139300,Yponomeutidae,Atteva,niphocosma,,Turner,Araliaceae,Polyscias,,,Australia,,
113363,Saturniidae,Coscinocera,hercules,,Miskin,Araliaceae,Polyscias,,,Australia,,
130503,Tortricidae,Cryptoptila,australana,,Lewin,Araliaceae,Polyscias,,,Australia,,
126334,Tortricidae,Anisogona,placoxantha,,Lower,Dryopteridaceae,Polystichum,,,Australia,,
29531,Hepialidae,Aenetus,ligniveren,,Lewin,Rhamnaceae,Pomaderris,,,Australia,,
14769,Geometridae,Casbia,rectaria,,Walker,Rhamnaceae,Pomaderris,,,Australia,,
90561,Oecophoridae,Eutorna,epicnephes,,Meyrick,Rhamnaceae,Pomaderris,elliptica,,Australia,in then on leaves,
10939,Gelechiidae,Dichomeris,siderosema,,Turner,Leguminosae (P),Pongamia,pinnata,,Australia,on,
87527,Nymphalidae,Phaedyma,shepherdi,,Moore,Leguminosae (P),Pongamia,pinnata,,Australia,,
100811,Pyralidae,Archernis,mitis,,Turner,Salicaceae,Populus,,,Australia,,
90245,Oecophoridae,Cryptophasa,albacosta,,Lewin,Salicaceae,Populus,,,Australia,,
130517,Tortricidae,Cryptoptila,immersana,,Walker,Salicaceae,Populus,,,Australia,,
107368,Pyralidae,Ostrinia,furnacalis,,Guenée,Salicaceae,Populus,,,Australia,,
106297,Pyralidae,Meroptera,pravella,,Grote,Salicaceae,Populus,balsamifera,,Australia,,
106300,Pyralidae,Meroptera,pravella,,Grote,Salicaceae,Populus,tremuloides,,Australia,,
658,Arctiidae,Amsacta,marginata,,Donovan,Portulacaceae,Portulaca,,,Australia,,
72936,Noctuidae,Tiracola,plagiata,,Walker,Portulacaceae,Portulaca,,,Australia,,
53827,Noctuidae,Agrotis,radians,,Guenée,Portulacaceae,Portulaca,oleracea,,Australia,,
85452,Nymphalidae,Junonia,villida,,Fabricius,Portulacaceae,Portulaca,oleracea,,Australia,,
106853,Pyralidae,Nymphula,nitens,,Butler,Potamogetonaceae,Potamogeton,,,Australia,,
3377,Arctiidae,Scoliacma,bicolora,,Boisduval,Musci,Pottia,,,Australia,,
134413,Tortricidae,Isotenes,miserana,,Walker,Verbenaceae,Premna,,,Australia,,
48795,Lymantriidae,Teia,anartoides,,Walker,Primulaceae,Primula,,,Australia,,
29516,Hepialidae,Aenetus,eximia,,Scott,Labiatae,Prostanthera,,,Australia,,
29532,Hepialidae,Aenetus,ligniveren,,Lewin,Labiatae,Prostanthera,,,Australia,,
13762,Geometridae,Anisozyga,pieroides,,Walker,Rosaceae,Prunus,,,Australia,,
5066,Carposinidae,Bondia,nigella,,Newman,Rosaceae,Prunus,,,Australia,,
15006,Geometridae,Chloroclystis,laticostata,,Walker,Rosaceae,Prunus,,,Australia,,
101957,Pyralidae,Conogethes,punctiferalis,,Guenée,Rosaceae,Prunus,,,Australia,,
90246,Oecophoridae,Cryptophasa,albacosta,,Lewin,Rosaceae,Prunus,,,Australia,,
90301,Oecophoridae,Cryptophasa,unipunctana,,Donovan,Rosaceae,Prunus,,,Australia,,
130256,Tortricidae,Cryptophlebia,illepida,,Butler,Rosaceae,Prunus,,,Australia,,
130518,Tortricidae,Cryptoptila,immersana,,Walker,Rosaceae,Prunus,,,Australia,,
130902,Tortricidae,Cydia,molesta,,Busck,Rosaceae,Prunus,,,Australia,,
36351,Limacodidae,Doratifera,vulnerans,,Lewin,Rosaceae,Prunus,,,Australia,,
132658,Tortricidae,Epiphyas,postvittana,,Walker,Rosaceae,Prunus,,,Australia,,
134414,Tortricidae,Isotenes,miserana,,Walker,Rosaceae,Prunus,,,Australia,,
90859,Oecophoridae,Maroga,melanostigma,,Wallengren,Rosaceae,Prunus,,,Australia,,
22602,Geometridae,Pholodes,sinistraria,,Guenée,Rosaceae,Prunus,,,Australia,,
48796,Lymantriidae,Teia,anartoides,,Walker,Rosaceae,Prunus,,,Australia,,
90302,Oecophoridae,Cryptophasa,unipunctana,,Donovan,Rosaceae,Prunus,armeniaca,,Australia,,
36352,Limacodidae,Doratifera,vulnerans,,Lewin,Rosaceae,Prunus,armeniaca,,Australia,,
61973,Noctuidae,Helicoverpa,armigera,,Hübner,Rosaceae,Prunus,armeniaca,,Australia,,
130257,Tortricidae,Cryptophlebia,illepida,,Butler,Rosaceae,Prunus,domestica,,Australia,,
90247,Oecophoridae,Cryptophasa,albacosta,,Lewin,Rosaceae,Prunus,persica,,Australia,,
90303,Oecophoridae,Cryptophasa,unipunctana,,Donovan,Rosaceae,Prunus,persica,,Australia,,
36353,Limacodidae,Doratifera,vulnerans,,Lewin,Rosaceae,Prunus,persica,,Australia,,
61974,Noctuidae,Helicoverpa,armigera,,Hübner,Rosaceae,Prunus,persica,,Australia,,
90860,Oecophoridae,Maroga,melanostigma,,Wallengren,Rosaceae,Prunus,persica,,Australia,,
69779,Noctuidae,Sandava,scitisignata,,Walker,Fungi,Psalliota,,,Australia,,
82342,Nymphalidae,Doleschallia,bisaltide,,Cramer,Acanthaceae,Pseuderanthemum,bicolor,,Australia,,
82345,Nymphalidae,Doleschallia,bisaltide,,Cramer,Acanthaceae,Pseuderanthemum,variabile,,Australia,,
85345,Nymphalidae,Junonia,orithya,,Linnaeus,Acanthaceae,Pseuderanthemum,variabile,,Australia,,
68382,Noctuidae,Phalaenoides,glycine,,Lewin,Compositae,Pseudognaphalium,luteoalbum,,Australia,,
53835,Noctuidae,Agrotis,radians,,Guenée,Pinaceae,Pseudotsuga,menziesii,,Australia,on seedlings,
132690,Tortricidae,Epiphyas,postvittana,,Walker,Pinaceae,Pseudotsuga,menziesii,,Australia,on leaves,
13754,Geometridae,Anisozyga,insperata,,Walker,Myrtaceae,Psidium,,,Australia,,
13763,Geometridae,Anisozyga,pieroides,,Walker,Myrtaceae,Psidium,,,Australia,,
5138,Carposinidae,Coscinoptycha,improbana,,Meyrick,Myrtaceae,Psidium,,,Australia,,
90282,Oecophoridae,Cryptophasa,pultenae,,Lower,Myrtaceae,Psidium,,,Australia,,
36354,Limacodidae,Doratifera,vulnerans,,Lewin,Myrtaceae,Psidium,,,Australia,,
117472,Saturniidae,Syntherata,janetta,,White,Myrtaceae,Psidium,,,Australia,,
12710,Gelechiidae,Stomopteryx,simplexella,,Walker,Leguminosae (P),Psoralea,,,Australia,,
121465,Sphingidae,Macroglossum,hirundo,,Boisduval,Rubiaceae,Psychotria,,,Australia,,
14595,Geometridae,Campaea,ada,,Butler,Dennstaedtiaceae,Pteridium,,,Australia,,
14596,Geometridae,Campaea,biplaga,,Walker,Dennstaedtiaceae,Pteridium,,,Australia,,
132660,Tortricidae,Epiphyas,postvittana,,Walker,Dennstaedtiaceae,Pteridium,,,Australia,,
36401,Limacodidae,Hedraea,quadridens,,Lucas,Dennstaedtiaceae,Pteridium,,,Australia,,
18980,Geometridae,Hemichloreis,exoterica,,Meyrick,Dennstaedtiaceae,Pteridium,,,Australia,,
19909,Geometridae,Idiodes,apicata,,Guenée,Dennstaedtiaceae,Pteridium,,,Australia,,
44750,Lymantriidae,Acyphas,leucomelas,,Walker,Leguminosae (P),Pultenaea,,,Australia,,
13467,Geometridae,Amelora,milvaria,,Guenée,Leguminosae (P),Pultenaea,,,Australia,,
90283,Oecophoridae,Cryptophasa,pultenae,,Lower,Leguminosae (P),Pultenaea,,,Australia,,
16344,Geometridae,Ectropis,excursaria,,Guenée,Leguminosae (P),Pultenaea,,,Australia,,
134415,Tortricidae,Isotenes,miserana,,Walker,Leguminosae (P),Pultenaea,,,Australia,,
90813,Oecophoridae,Macrobathra,anacampta,,Meyrick,Leguminosae (P),Pultenaea,,,Australia,,
90840,Oecophoridae,Macrobathra,obliquata,,Lucas,Leguminosae (P),Pultenaea,,,Australia,,
75150,Nolidae,Nola,,,,Leguminosae (P),Pultenaea,,,Australia,,
3469,Arctiidae,Spilosoma,glatignyi,,Le Guillou,Leguminosae (P),Pultenaea,,,Australia,,
27478,Gracillariidae,Parectopa,toxomacha,,Meyrick,Leguminosae (P),Pultenaea,daphnoides,,Australia,in leaves,
90285,Oecophoridae,Cryptophasa,pultenae,,Lower,Leguminosae (P),Pultenaea,villosa,,Australia,on,
68523,Noctuidae,Phyllodes,imperialis,,Druce,Menispermaceae,Pycnarrhena,,,Australia,,
131061,Tortricidae,Cydia,pomonella,,Linnaeus,Rosaceae,Pyrus,,,Australia,,
132663,Tortricidae,Epiphyas,postvittana,,Walker,Rosaceae,Pyrus,,,Australia,,
90861,Oecophoridae,Maroga,melanostigma,,Wallengren,Rosaceae,Pyrus,,,Australia,,
48797,Lymantriidae,Teia,anartoides,,Walker,Rosaceae,Pyrus,,,Australia,,
131064,Tortricidae,Cydia,pomonella,,Linnaeus,Rosaceae,Pyrus,communis,,Australia,,
98059,Psychidae,Hyalarcta,huebneri,,Westwood,Fagaceae,Quercus,,,Australia,on leaves,
90862,Oecophoridae,Maroga,melanostigma,,Wallengren,Fagaceae,Quercus,,,Australia,,
28576,Gracillariidae,Phyllonorycter,messaniella,,Zeller,Fagaceae,Quercus,,,Australia,,
66663,Noctuidae,Ophiusa,coronata,,Fabricius,Combretaceae,Quisqualis,,,Australia,,
384,Arctiidae,Amata,aperta,,Walker,Chenopodiaceae,Rhagodia,,,Australia,,
120921,Sphingidae,Hippotion,celerio,,Linnaeus,Polygonaceae,Rheum,,,Australia,,
107369,Pyralidae,Ostrinia,furnacalis,,Guenée,Polygonaceae,Rheum,,,Australia,,
25942,Gracillariidae,Caloptilia,azaleella,,Brants,Ericaceae,Rhododendron,,,Australia,,
119191,Sesiidae,Synanthedon,tipuliformis,,Clerck,Grossulariaceae,Ribes,,,Australia,,
123001,Sphingidae,Theretra,oldenlandiae,,Fabricius,Rubiaceae,Richardia,,,Australia,,
51450,Noctuidae,Achaea,janata,,Linnaeus,Euphorbiaceae,Ricinus,,,Australia,,
51618,Noctuidae,Achaea,serva,,Fabricius,Euphorbiaceae,Ricinus,,,Australia,,
659,Arctiidae,Amsacta,marginata,,Donovan,Euphorbiaceae,Ricinus,,,Australia,,
51268,Noctuidae,Achaea,argilla,,Swinhoe,Euphorbiaceae,Ricinus,communis,,Australia,,
101961,Pyralidae,Conogethes,punctiferalis,,Guenée,Euphorbiaceae,Ricinus,communis,,Australia,,
88165,Nymphalidae,Polyura,sempronius,,Fabricius,Leguminosae (P),Robinia,pseudoacacia,,Australia,,
139606,Yponomeutidae,Plutella,xylostella,,Linnaeus,Cruciferae,Rorippa,,,Australia,,
51458,Noctuidae,Achaea,janata,,Linnaeus,Rosaceae,Rosa,,,Australia,,
51621,Noctuidae,Achaea,serva,,Fabricius,Rosaceae,Rosa,,,Australia,,
13764,Geometridae,Anisozyga,pieroides,,Walker,Rosaceae,Rosa,,,Australia,,
45164,Lymantriidae,Chionophasma,lutea,,Fabricius,Rosaceae,Rosa,,,Australia,,
130519,Tortricidae,Cryptoptila,immersana,,Walker,Rosaceae,Rosa,,,Australia,,
16345,Geometridae,Ectropis,excursaria,,Guenée,Rosaceae,Rosa,,,Australia,,
134416,Tortricidae,Isotenes,miserana,,Walker,Rosaceae,Rosa,,,Australia,,
48798,Lymantriidae,Teia,anartoides,,Walker,Rosaceae,Rosa,,,Australia,,
121026,Sphingidae,Hippotion,scrofa,,Linnaeus,Rubiaceae,Rubia,,,Australia,,
29533,Hepialidae,Aenetus,ligniveren,,Lewin,Rosaceae,Rubus,,,Australia,,
130520,Tortricidae,Cryptoptila,immersana,,Walker,Rosaceae,Rubus,,,Australia,,
16346,Geometridae,Ectropis,excursaria,,Guenée,Rosaceae,Rubus,,,Australia,,
85146,Nymphalidae,Junonia,hedonia,,Linnaeus,Acanthaceae,Ruellia,,,Australia,,
85453,Nymphalidae,Junonia,villida,,Fabricius,Acanthaceae,Ruellia,,,Australia,,
85147,Nymphalidae,Junonia,hedonia,,Linnaeus,Acanthaceae,Ruellia,chartacea,,Australia,,
660,Arctiidae,Amsacta,marginata,,Donovan,Polygonaceae,Rumex,,,Australia,,
55548,Noctuidae,Apina,callisto,,Angas,Polygonaceae,Rumex,,,Australia,,
120922,Sphingidae,Hippotion,celerio,,Linnaeus,Polygonaceae,Rumex,,,Australia,,
134941,Tortricidae,Merophyas,divulsana,,Walker,Polygonaceae,Rumex,,,Australia,,
85454,Nymphalidae,Junonia,villida,,Fabricius,Scrophulariaceae,Russelia,equisetiformis,,Australia,,
6005,Coleophoridae,Coleophora,ochroneura,,Lower,Compositae,Rutidosis,,,Australia,,
56698,Noctuidae,Bathytricha,truncata,,Walker,Gramineae,Saccharum,,,Australia,,
6480,Cosmopterigidae,Cosmopterix,,,,Gramineae,Saccharum,,,Australia,,
86094,Nymphalidae,Melanitis,leda,,Linnaeus,Gramineae,Saccharum,,,Australia,,
65819,Noctuidae,Mocis,frugalis,,Fabricius,Gramineae,Saccharum,,,Australia,,
66209,Noctuidae,Mythimna,loreyimima,,Rungs,Gramineae,Saccharum,,,Australia,,
123811,Tineidae,Opogona,glycyphaga,,Meyrick,Gramineae,Saccharum,,,Australia,,
69101,Noctuidae,Pseudaletia,separata,,Walker,Gramineae,Saccharum,,,Australia,,
70979,Noctuidae,Spodoptera,exempta,,Walker,Gramineae,Saccharum,,,Australia,,
171,Anthelidae,Anthela,acuta,,Walker,Gramineae,Saccharum,officinarum,,Australia,,
30076,Hesperiidae,Arrhenes,marnas,,Felder,Gramineae,Saccharum,officinarum,,Australia,,
11025,Gelechiidae,Ephysteris,promptella,,Staudinger,Gramineae,Saccharum,officinarum,,Australia,in stems,
45827,Lymantriidae,Euproctis,crocea,,Walker,Gramineae,Saccharum,officinarum,,Australia,,
64135,Noctuidae,Leucania,irregularis,,Walker,Gramineae,Saccharum,officinarum,,Australia,,
65820,Noctuidae,Mocis,frugalis,,Fabricius,Gramineae,Saccharum,officinarum,,Australia,,
65948,Noctuidae,Mocis,trifasciata,,Stephens,Gramineae,Saccharum,officinarum,,Australia,,
31763,Hesperiidae,Ocybadistes,hypomeloma,,Lower,Gramineae,Saccharum,officinarum,,Australia,,
123812,Tineidae,Opogona,glycyphaga,,Meyrick,Gramineae,Saccharum,officinarum,,Australia,,
68516,Noctuidae,Phragmatiphila,truncata,,Walker,Gramineae,Saccharum,officinarum,,Australia,,
98669,Psychidae,Plutorectis,melanodes,,Meyrick & Lower,Gramineae,Saccharum,officinarum,,Australia,,
69194,Noctuidae,Pseudaletia,unipuncta,,Haworth,Gramineae,Saccharum,officinarum,,Australia,,
70980,Noctuidae,Spodoptera,exempta,,Walker,Gramineae,Saccharum,officinarum,,Australia,,
72078,Noctuidae,Spodoptera,mauritia,,Boisduval,Gramineae,Saccharum,officinarum,,Australia,,
72845,Noctuidae,Tipasodes,rhodias,,Turner,Gramineae,Saccharum,officinarum,,Australia,,
56125,Noctuidae,Autoba,dubia,,Butler,Insecta,Saissetia (Z),oleae,,Australia,,
38755,Lycaenidae,Bindahara,phocides,,Fabricius,Celastraceae,Salacia,prinoides,,Australia,,
193,Anthelidae,Anthela,varia,,Walker,Salicaceae,Salix,,,Australia,,
90305,Oecophoridae,Cryptophasa,unipunctana,,Donovan,Salicaceae,Salix,,,Australia,in branches/stems,
48799,Lymantriidae,Teia,anartoides,,Walker,Salicaceae,Salix,,,Australia,,
661,Arctiidae,Amsacta,marginata,,Donovan,Labiatae,Salvia,,,Australia,,
55555,Noctuidae,Apina,callisto,,Walker,Labiatae,Salvia,verbenacea,,Australia,,
109057,Pyralidae,Samea,multiplicalis,,Guenée,Salviniaceae,Salvinia,,,Australia,,
109060,Pyralidae,Samea,multiplicalis,,Guenée,Salviniaceae,Salvinia,molesta,,Australia,,
120191,Sphingidae,Coenotes,eremophilae,,Lucas,Santalaceae,Santalum,,,Australia,,
8952,Epermeniidae,Paraepermenia,santaliella,,Gaedike,Santalaceae,Santalum,,,Australia,,
26206,Gracillariidae,Caloptilia,octopunctata,,Turner,Euphorbiaceae,Sapium,indicum,,Australia,,
26208,Gracillariidae,Caloptilia,octopunctata,,Turner,Euphorbiaceae,Sapium,sebiferum,,Australia,,
60203,Noctuidae,Eudocima,fullonia,,Clerck,Menispermaceae,Sarcopetalum,,,Australia,,
60293,Noctuidae,Eudocima,salaminia,,Cramer,Menispermaceae,Sarcopetalum,,,Australia,,
85455,Nymphalidae,Junonia,villida,,Fabricius,Goodeniaceae,Scaevola,aemula,,Australia,,
116447,Saturniidae,Opodiphthera,eucalypti,,Scott,Anacardiaceae,Schinus,,,Australia,,
117473,Saturniidae,Syntherata,janetta,,White,Anacardiaceae,Schinus,,,Australia,,
116451,Saturniidae,Opodiphthera,eucalypti,,Scott,Anacardiaceae,Schinus,molle,,Australia,on leaves,
5139,Carposinidae,Coscinoptycha,improbana,,Meyrick,Cunoniaceae,Schizomeria,,,Australia,,
75750,Notodontidae,Cerura,australis,,Scott,Flacourtiaceae,Scolopia,,,Australia,,
81600,Nymphalidae,Cupha,prosope,,Fabricius,Flacourtiaceae,Scolopia,braunii,,Australia,,
8985,Epipyropidae,Heteropsyche,melanochroma,,Perkins,Insecta,Scolypopa (Z),australis,,Australia,,
59884,Noctuidae,Eporectis,tephropis,,Turner,Rubiaceae,Scyphiphora,hydrophyllacea,,Australia,,
104920,Pyralidae,Hednota,crypsichroa,,Lower,Gramineae,Secale,cereale,,Australia,,
104924,Pyralidae,Hednota,longipalpella,,Meyrick,Gramineae,Secale,cereale,,Australia,,
104928,Pyralidae,Hednota,panteucha,,Meyrick,Gramineae,Secale,cereale,,Australia,,
104932,Pyralidae,Hednota,pedionoma,,Meyrick,Gramineae,Secale,cereale,,Australia,,
99128,Pterophoridae,Agdistopis,,,,Asclepiadaceae,Secamone,,,Australia,,
99130,Pterophoridae,Agdistopis,halieutica,,Meyrick,Asclepiadaceae,Secamone,elliptica,,Australia,in fruits,
134942,Tortricidae,Merophyas,divulsana,,Walker,Compositae,Senecio,,,Australia,,
2854,Arctiidae,Nyctemera,amica,,White,Compositae,Senecio,,,Australia,,
107894,Pyralidae,Patagoniodes,farinaria,,Turner,Compositae,Senecio,,,Australia,,
3470,Arctiidae,Spilosoma,glatignyi,,Le Guillou,Compositae,Senecio,,,Australia,,
88166,Nymphalidae,Polyura,sempronius,,Fabricius,Leguminosae (C),Senna,alata,,Australia,,
662,Arctiidae,Amsacta,marginata,,Donovan,Pedaliaceae,Sesamum,,,Australia,,
100762,Pyralidae,Antigastra,catalaunalis,,Duponchel,Pedaliaceae,Sesamum,,,Australia,,
120192,Sphingidae,Coenotes,eremophilae,,Lucas,Pedaliaceae,Sesamum,,,Australia,,
71181,Noctuidae,Spodoptera,exigua,,Hübner,Pedaliaceae,Sesamum,,,Australia,,
130400,Tortricidae,Cryptophlebia,ombrodelta,,Lower,Leguminosae (P),Sesbania,,,Australia,,
106140,Pyralidae,Maruca,testulalis,,Geyer,Leguminosae (P),Sesbania,,,Australia,,
48800,Lymantriidae,Teia,anartoides,,Walker,Leguminosae (P),Sesbania,,,Australia,,
96249,Pieridae,Eurema,hecabe,,Linnaeus,Leguminosae (P),Sesbania,cannabina,,Australia,on leaves,
66186,Noctuidae,Mythimna,convecta,,Walker,Gramineae,Setaria,,,Australia,,
29787,Hepialidae,Oncopera,mitocera,,Turner,Gramineae,Setaria,sphacelata,,Australia,,
54496,Noctuidae,Amyna,natalis,,Walker,Malvaceae,Sida,,,Australia,,
54973,Noctuidae,Anomis,flava,,Fabricius,Malvaceae,Sida,,,Australia,,
74886,Nolidae,Earias,smaragdina,,Butler,Malvaceae,Sida,,,Australia,,
106831,Pyralidae,Notarcha,quaternalis,,Zeller,Malvaceae,Sida,,,Australia,,
28937,Gracillariidae,Phyllonorycter,stephanota,,Meyrick,Malvaceae,Sida,,,Australia,,
62590,Noctuidae,Heliothis,rubrescens,,Walker,Compositae,Sigesbeckia,,,Australia,,
59250,Noctuidae,Diarsia,intermixta,,Guenée,Cruciferae,Sinapis,,,Australia,,
105482,Pyralidae,Hypargyria,metalliferella,,Ragonot,Celastraceae,Siphonodon,,,Australia,,
53468,Noctuidae,Agrotis,infusa,,Boisduval,Solanaceae,Solanum,,,Australia,,
53644,Noctuidae,Agrotis,ipsilon,,Hufnagel,Solanaceae,Solanum,,,Australia,,
53812,Noctuidae,Agrotis,porphyricollis,,Guenée,Solanaceae,Solanum,,,Australia,,
101965,Pyralidae,Conogethes,punctiferalis,,Guenée,Solanaceae,Solanum,,,Australia,,
59251,Noctuidae,Diarsia,intermixta,,Guenée,Solanaceae,Solanum,,,Australia,,
66380,Noctuidae,Neumichtis,saliaris,,Guenée,Solanaceae,Solanum,,,Australia,,
12153,Gelechiidae,Phthorimaea,operculella,,Zeller,Solanaceae,Solanum,,,Australia,,
109099,Pyralidae,Sceliodes,cordalis,,Doubleday,Solanaceae,Solanum,,,Australia,,
12451,Gelechiidae,Scrobipalpa,heliopa,,Lower,Solanaceae,Solanum,,,Australia,,
12740,Gelechiidae,Symmetrischema,tangolias,,Gyen,Solanaceae,Solanum,,,Australia,,
72688,Noctuidae,Syntheta,nigerrima,,Guenée,Solanaceae,Solanum,,,Australia,,
125429,Tortricidae,Adoxophyes,heteroidana,,Meyrick,Solanaceae,Solanum,nemophilum,,Australia,,
99967,Pyralidae,Achyra,affinitalis,,Lederer,Solanaceae,Solanum,tuberosum,,Australia,,
12742,Gelechiidae,Symmetrischema,tangolias,,Gyen,Solanaceae,Solanum,tuberosum,,Australia,,
89406,Nymphalidae,Vanessa,itea,,Fabricius,Urticaceae,Soleirolia,soleirolii,,Australia,,
58291,Noctuidae,Chrysodeixis,eriosoma,,Doubleday,Labiatae,Solenostemon,,,Australia,,
25076,Geometridae,Xanthorhoe,vicissata,,Guenée,Compositae,Solidago,,,Australia,,
55556,Noctuidae,Apina,callisto,,Walker,Compositae,Sonchus,oleraceus,,Australia,,
110113,Pyralidae,Uresiphita,ornithopteralis,,Guenée,Leguminosae (P),Sophora,,,Australia,,
99968,Pyralidae,Achyra,affinitalis,,Lederer,Gramineae,Sorghum,,,Australia,,
101966,Pyralidae,Conogethes,punctiferalis,,Guenée,Gramineae,Sorghum,,,Australia,,
102386,Pyralidae,Cryptoblabes,adoceta,,Turner,Gramineae,Sorghum,,,Australia,,
61986,Noctuidae,Helicoverpa,armigera,,Hübner,Gramineae,Sorghum,,,Australia,,
62587,Noctuidae,Heliothis,punctigera,,Wallengren,Gramineae,Sorghum,,,Australia,,
68517,Noctuidae,Phragmatiphila,truncata,,Walker,Gramineae,Sorghum,,,Australia,,
7102,Cosmopterigidae,Pyroderces,falcatella,,Stainton,Gramineae,Sorghum,,,Australia,,
7173,Cosmopterigidae,Pyroderces,rileyi,,Walsingham,Gramineae,Sorghum,,,Australia,,
70988,Noctuidae,Spodoptera,exempta,,Walker,Gramineae,Sorghum,,,Australia,,
71193,Noctuidae,Spodoptera,exigua,,Hübner,Gramineae,Sorghum,,,Australia,,
72085,Noctuidae,Spodoptera,mauritia,,Boisduval,Gramineae,Sorghum,,,Australia,,
110114,Pyralidae,Uresiphita,ornithopteralis,,Guenée,Leguminosae (P),Spartium,,,Australia,,
25077,Geometridae,Xanthorhoe,vicissata,,Guenée,Caryophyllaceae,Stellaria,,,Australia,,
25365,Gracillariidae,Acrocercops,chionosema,,Turner,Proteaceae,Stenocarpus,,,Australia,,
120196,Sphingidae,Coequosa,triangularis,,Donovan,Proteaceae,Stenocarpus,,,Australia,,
86108,Nymphalidae,Melanitis,leda,,Linnaeus,Gramineae,Stenotaphrum,,,Australia,,
57178,Noctuidae,Calyptra,minuticornis,,Guenée,Menispermaceae,Stephania,,,Australia,,
60204,Noctuidae,Eudocima,fullonia,,Clerck,Menispermaceae,Stephania,,,Australia,,
60294,Noctuidae,Eudocima,salaminia,,Cramer,Menispermaceae,Stephania,,,Australia,,
68660,Noctuidae,Plusiodonta,coelonota,,Kollar,Menispermaceae,Stephania,,,Australia,,
83320,Nymphalidae,Euploea,core,,Cramer,Asclepiadaceae,Stephanotis,,,Australia,,
4710,Bucculatricidae,Bucculatrix,,,,Sterculiaceae,Sterculia,,,Australia,,
5043,Bucculatricidae,Bucculatrix,xenaula,,Meyrick,Sterculiaceae,Sterculia,,,Australia,,
91640,Oecophoridae,Tonica,effractella,,Snellen,Sterculiaceae,Sterculia,,,Australia,,
106021,Pyralidae,Lygropia,clytusalis,,Walker,Sterculiaceae,Sterculia,acerifolia,,Australia,,
82347,Nymphalidae,Doleschallia,bisaltide,,Cramer,Acanthaceae,Strobilanthes,isophyllus,,Australia,,
110307,Roeslerstammiidae,Thereutis,schismatica,,Meyrick,Epacridaceae,Styphelia,,,Australia,,
89420,Nymphalidae,Vanessa,kershawi,,McCoy,Compositae,Syncarpha,rosea,,Australia,,
90004,Oecophoridae,Agriophara,horridula,,Meyrick,Myrtaceae,Syncarpia,,,Australia,,
140259,Zygaenidae,Hestiochora,tricolor,,Walker,Myrtaceae,Syncarpia,,,Australia,,
9385,Eupterotidae,Panacela,lewinae,,Lewin,Myrtaceae,Syncarpia,,,Australia,,
91109,Oecophoridae,Plectophila,discalis,,Walker,Myrtaceae,Syncarpia,,,Australia,,
9394,Eupterotidae,Panacela,lewinae,,Lewin,Myrtaceae,Syncarpia,glomulifera,,Australia,on leaves,
71918,Noctuidae,Spodoptera,litura,,Fabricius,Oleaceae,Syringa,,,Australia,,
13765,Geometridae,Anisozyga,pieroides,,Walker,Myrtaceae,Syzygium,,,Australia,,
4485,Blastobasidae,Blastobasis,sarcophaga,,Meyrick,Myrtaceae,Syzygium,,,Australia,,
90284,Oecophoridae,Cryptophasa,pultenae,,Lower,Myrtaceae,Syzygium,,,Australia,,
90521,Oecophoridae,Echiomima,mythica,,Meyrick,Myrtaceae,Syzygium,,,Australia,,
119944,Sphingidae,Cephonodes,hylas,,Linnaeus,Apocynaceae,Tabernaemontana,,,Australia,,
120303,Sphingidae,Daphnis,placida,,Walker,Apocynaceae,Tabernaemontana,,,Australia,,
90830,Oecophoridae,Macrobathra,nomaea,,Meyrick,Leguminosae (C),Tamarindus,indica,,Australia,on,
44751,Lymantriidae,Acyphas,leucomelas,,Walker,Tamaricaceae,Tamarix,,,Australia,,
90248,Oecophoridae,Cryptophasa,albacosta,,Lewin,Tamaricaceae,Tamarix,,,Australia,,
3439,Arctiidae,Spilosoma,canescens,,Butler,Tamaricaceae,Tamarix,,,Australia,,
663,Arctiidae,Amsacta,marginata,,Donovan,Compositae,Taraxacum,,,Australia,,
134943,Tortricidae,Merophyas,divulsana,,Walker,Compositae,Taraxacum,,,Australia,,
3440,Arctiidae,Spilosoma,canescens,,Butler,Compositae,Taraxacum,,,Australia,,
3471,Arctiidae,Spilosoma,glatignyi,,Le Guillou,Compositae,Taraxacum,,,Australia,,
3473,Arctiidae,Spilosoma,glatignyi,,Le Guillou,Compositae,Taraxacum,officinale,,Australia,on leaves,
107557,Pyralidae,Paliga,damastesalis,,Walker,Verbenaceae,Tectona,grandis,,Australia,,
36609,Limacodidae,Mecytha,fasciata,,Walker,Proteaceae,Telopea,,,Australia,,
91705,Oecophoridae,Xylorycta,luteotactella,,Walker,Proteaceae,Telopea,,,Australia,,
25356,Gracillariidae,Acrocercops,caenotheta,,Meyrick,Proteaceae,Telopea,speciosissima,,Australia,in leaves,
91706,Oecophoridae,Xylorycta,luteotactella,,Walker,Proteaceae,Telopea,speciosissima,,Australia,,
110115,Pyralidae,Uresiphita,ornithopteralis,,Guenée,Leguminosae (P),Templetonia,,,Australia,,
90652,Oecophoridae,Hippomacha,oxyptera,,Lower,Leguminosae (P),Templetonia,retusa,,Australia,on,
13766,Geometridae,Anisozyga,pieroides,,Walker,Combretaceae,Terminalia,,,Australia,,
47330,Lymantriidae,Olene,mendosa,,Hübner,Combretaceae,Terminalia,,,Australia,,
117474,Saturniidae,Syntherata,janetta,,White,Combretaceae,Terminalia,,,Australia,,
77997,Notodontidae,Teleclita,dryinopa,,Dodd,Combretaceae,Terminalia,,,Australia,,
140314,Zygaenidae,Pollanisus,subdolosa,,Walker,Dilleniaceae,Tetracera,,,Australia,,
83876,Nymphalidae,Geitoneura,acantha,,Donovan,Gramineae,Themeda,australis,,Australia,,
83880,Nymphalidae,Geitoneura,klugi,,Guérin-Méneville,Gramineae,Themeda,australis,,Australia,,
84290,Nymphalidae,Heteronympha,merope,,Fabricius,Gramineae,Themeda,australis,,Australia,,
84296,Nymphalidae,Heteronympha,penelope,,Waterhouse,Gramineae,Themeda,australis,,Australia,,
84424,Nymphalidae,Hypocysta,adiante,,Hübner,Gramineae,Themeda,austrialis,,Australia,,Y
56129,Noctuidae,Autoba,lilacina,,Warren,Sterculiaceae,Theobroma,cacao,,Australia,,
85353,Nymphalidae,Junonia,orithya,,Linnaeus,Acanthaceae,Thunbergia,alata,,Australia,,
113368,Saturniidae,Coscinocera,hercules,,Miskin,Rubiaceae,Timonius,,,Australia,,
117475,Saturniidae,Syntherata,janetta,,White,Rubiaceae,Timonius,,,Australia,,
60208,Noctuidae,Eudocima,fullonia,,Clerck,Menispermaceae,Tinospora,,,Australia,,
60271,Noctuidae,Eudocima,materna,,Linnaeus,Menispermaceae,Tinospora,smilacina,,Australia,,
105585,Pyralidae,Hypsipyla,robusta,,Moore,Meliaceae,Toona,,,Australia,,
134417,Tortricidae,Isotenes,miserana,,Walker,Meliaceae,Toona,,,Australia,,
23500,Geometridae,Sauris,malaca,,Meyrick,Meliaceae,Toona,,,Australia,,
72952,Noctuidae,Tiracola,plagiata,,Walker,Meliaceae,Toona,,,Australia,,
46464,Lymantriidae,Leptocneria,reducta,,Walker,Meliaceae,Toona,australis,,Australia,on leaves,
29550,Hepialidae,Aenetus,splendens,,Scott,Ulmaceae,Trema,,,Australia,,
109368,Pyralidae,Spoladea,recurvalis,,Fabricius,Aizoaceae,Trianthema,,,Australia,,
51476,Noctuidae,Achaea,janata,,Linnaeus,Zygophyllaceae,Tribulus,,,Australia,,
11027,Gelechiidae,Ephysteris,subdiminutella,,Stainton,Zygophyllaceae,Tribulus,,,Australia,,
121236,Sphingidae,Hyles,lineata,,Fabricius,Zygophyllaceae,Tribulus,,,Australia,,
9877,Gelechiidae,Aristotelia,turbida,,Turner,Zygophyllaceae,Tribulus,terrestris,,Australia,,
55549,Noctuidae,Apina,callisto,,Angas,Leguminosae (P),Trifolium,,,Australia,,
58099,Noctuidae,Chrysodeixis,argentifera,,Guenée,Leguminosae (P),Trifolium,,,Australia,,
5477,Coleophoridae,Coleophora,alcyonipennella,,Kollar,Leguminosae (P),Trifolium,,,Australia,,
6237,Coleophoridae,Coleophora,spissicornis,,Haworth,Leguminosae (P),Trifolium,,,Australia,,
59252,Noctuidae,Diarsia,intermixta,,Guenée,Leguminosae (P),Trifolium,,,Australia,,
134944,Tortricidae,Merophyas,divulsana,,Walker,Leguminosae (P),Trifolium,,,Australia,,
66381,Noctuidae,Neumichtis,saliaris,,Guenée,Leguminosae (P),Trifolium,,,Australia,,
216,Anthelidae,Pterolocera,spp.,,,Leguminosae (P),Trifolium,,,Australia,,
12711,Gelechiidae,Stomopteryx,simplexella,,Walker,Leguminosae (P),Trifolium,,,Australia,,
72689,Noctuidae,Syntheta,nigerrima,,Guenée,Leguminosae (P),Trifolium,,,Australia,,
44682,Lycaenidae,Zizina,labradus,,Godart,Leguminosae (P),Trifolium,,,Australia,,
25774,Gracillariidae,Acrocercops,tristaniae,,Turner,Myrtaceae,Tristania,,,Australia,in leaves,
90277,Oecophoridae,Cryptophasa,nubila,,Lucas,Myrtaceae,Tristania,,,Australia,on,
90279,Oecophoridae,Cryptophasa,panleuca,,Lower,Myrtaceae,Tristania,,,Australia,on,
138497,Tortricidae,Thrincophora,lignigerana,,Walker,Myrtaceae,Tristania,,,Australia,,
27253,Gracillariidae,Macarostola,polyplaca,,Lower,Myrtaceae,Tristania,suaveolens,,Australia,,
53470,Noctuidae,Agrotis,infusa,,Boisduval,Gramineae,Triticum,,,Australia,,
56700,Noctuidae,Bathytricha,truncata,,Walker,Gramineae,Triticum,,,Australia,,
8652,Elachistidae,Cosmiotes,synethes,,Meyrick,Gramineae,Triticum,,,Australia,,
130195,Tortricidae,Crocidosema,plebejana,,Zeller,Gramineae,Triticum,,,Australia,,
59117,Noctuidae,Dasygaster,hollandiae,,Guenée,Gramineae,Triticum,,,Australia,,
59121,Noctuidae,Dasygaster,padockina,,Le Guillou,Gramineae,Triticum,,,Australia,,
104921,Pyralidae,Hednota,crypsichroa,,Lower,Gramineae,Triticum,,,Australia,,
104925,Pyralidae,Hednota,longipalpella,,Meyrick,Gramineae,Triticum,,,Australia,,
104929,Pyralidae,Hednota,panteucha,,Meyrick,Gramineae,Triticum,,,Australia,,
104933,Pyralidae,Hednota,pedionoma,,Meyrick,Gramineae,Triticum,,,Australia,,
66188,Noctuidae,Mythimna,convecta,,Walker,Gramineae,Triticum,,,Australia,,
66328,Noctuidae,Neocleptria,punctifera,,Walker,Gramineae,Triticum,,,Australia,,
68356,Noctuidae,Persectania,dyscrita,,Common,Gramineae,Triticum,,,Australia,,
68364,Noctuidae,Persectania,ewingii,,Westwood,Gramineae,Triticum,,,Australia,,
108618,Pyralidae,Ptochostola,microphaeellus,,Walker,Gramineae,Triticum,,,Australia,,
109223,Pyralidae,Sclerobia,tritalis,,Walker,Gramineae,Triticum,,,Australia,,
53829,Noctuidae,Agrotis,radians,,Guenée,Gramineae,Triticum,aestivum,,Australia,,
59118,Noctuidae,Dasygaster,hollandiae,,Guenée,Gramineae,Triticum,aestivum,,Australia,,
109224,Pyralidae,Sclerobia,tritalis,,Walker,Gramineae,Triticum,aestivum,,Australia,,
67384,Noctuidae,Paectes,cyanodes,,Turner,Moraceae,Trophis,tortuosa,,Australia,,
25766,Gracillariidae,Acrocercops,tricuneatella,,Meyrick,Typhaceae,Typha,,,Australia,,
6839,Cosmopterigidae,Limnaecia,phragmitella,,Stainton,Typhaceae,Typha,,,Australia,,
6842,Cosmopterigidae,Limnaecia,phragmitella,,Stainton,Typhaceae,Typha,,,Australia,in seed heads,
91327,Oecophoridae,Scieropepla,typhicola,,Meyrick,Typhaceae,Typha,,,Australia,,
120928,Sphingidae,Hippotion,celerio,,Linnaeus,Araceae,Typhonium,,,Australia,,
90306,Oecophoridae,Cryptophasa,unipunctana,,Donovan,Ulmaceae,Ulmus,,,Australia,in branches/stems,
90863,Oecophoridae,Maroga,melanostigma,,Wallengren,Ulmaceae,Ulmus,,,Australia,,
48801,Lymantriidae,Teia,anartoides,,Walker,Ulmaceae,Ulmus,,,Australia,,
56126,Noctuidae,Autoba,dubia,,Butler,Insecta,Unaspis (Z),citri,,Australia,,
86883,Nymphalidae,Nesoxenica,leprea,,Hewitson,Cyperaceae,Uncinia,tenella,,Australia,,
106066,Pyralidae,Mampava,rhodoneura,,Turner,Gramineae,Urochloa,mosambicensis,,Australia,,
68347,Noctuidae,Peripyra,sanguinipuncta,,Guenée,Urticaceae,Urtica,,,Australia,,
89407,Nymphalidae,Vanessa,itea,,Fabricius,Urticaceae,Urtica,incisa,,Australia,,
89409,Nymphalidae,Vanessa,itea,,Fabricius,Urticaceae,Urtica,urens,,Australia,,
91163,Oecophoridae,Pseudaegeria,phlogina,,Turner,Rhamnaceae,Ventilago,,,Australia,,
58695,Noctuidae,Cosmodes,elegans,,Donovan,Verbenaceae,Verbena,,,Australia,,
85459,Nymphalidae,Junonia,villida,,Fabricius,Verbenaceae,Verbena,,,Australia,,
85460,Nymphalidae,Junonia,villida,,Fabricius,Verbenaceae,Verbena,bonariensis,,Australia,,
48802,Lymantriidae,Teia,anartoides,,Walker,Leguminosae (P),Vicia,,,Australia,,
99969,Pyralidae,Achyra,affinitalis,,Lederer,Leguminosae (P),Vigna,,,Australia,,
60015,Noctuidae,Eublemma,dimidialis,,Fabricius,Leguminosae (P),Vigna,,,Australia,,
106145,Pyralidae,Maruca,testulalis,,Geyer,Leguminosae (P),Vigna,,,Australia,,
65950,Noctuidae,Mocis,trifasciata,,Stephens,Leguminosae (P),Vigna,,,Australia,,
66329,Noctuidae,Neocleptria,punctifera,,Walker,Leguminosae (P),Vigna,,,Australia,,
106978,Pyralidae,Omiodes,diemenalis,,Guenée,Leguminosae (P),Vigna,,,Australia,,
110116,Pyralidae,Uresiphita,ornithopteralis,,Guenée,Leguminosae (P),Viminaria,,,Australia,,
79174,Nymphalidae,Argyreus,hyperbius,,Linnaeus,Violaceae,Viola,,,Australia,,
71943,Noctuidae,Spodoptera,litura,,Fabricius,Violaceae,Viola,,,Australia,,
79176,Nymphalidae,Argyreus,hyperbius,,Linnaeus,Violaceae,Viola,betonicifolia,,Australia,,
45843,Lymantriidae,Euproctis,edwardsii,,Newman,Viscaceae,Viscum,album,,Australia,,
33021,Hyblaeidae,Hyblaea,puera,,Cramer,Verbenaceae,Vitex,,,Australia,,
119571,Sphingidae,Acosmeryx,anceus,,Stoll,Vitaceae,Vitis,,,Australia,,
125331,Tortricidae,Acropolitis,rudisana,,Walker,Vitaceae,Vitis,,,Australia,,
53140,Noctuidae,Agarista,agricola,,Donovan,Vitaceae,Vitis,,,Australia,,
55719,Noctuidae,Argyrolepidia,subaspersa,,Walker,Vitaceae,Vitis,,,Australia,,
90514,Oecophoridae,Echiomima,,,,Vitaceae,Vitis,,,Australia,,
132674,Tortricidae,Epiphyas,postvittana,,Walker,Vitaceae,Vitis,,,Australia,,
120749,Sphingidae,Gnathothlibus,erotus,,Cramer,Vitaceae,Vitis,,,Australia,,
120929,Sphingidae,Hippotion,celerio,,Linnaeus,Vitaceae,Vitis,,,Australia,,
98048,Psychidae,Hyalarcta,huebneri,,Westwood,Vitaceae,Vitis,,,Australia,,
121238,Sphingidae,Hyles,lineata,,Fabricius,Vitaceae,Vitis,,,Australia,,
90864,Oecophoridae,Maroga,melanostigma,,Wallengren,Vitaceae,Vitis,,,Australia,,
68376,Noctuidae,Phalaenoides,glycinae,,Lewin,Vitaceae,Vitis,,,Australia,,
68383,Noctuidae,Phalaenoides,glycine,,Lewin,Vitaceae,Vitis,,,Australia,,
122930,Sphingidae,Theretra,latreillii,,Macleay,Vitaceae,Vitis,,,Australia,,
123002,Sphingidae,Theretra,oldenlandiae,,Fabricius,Vitaceae,Vitis,,,Australia,,
53141,Noctuidae,Agarista,agricola,,Donovan,Vitaceae,Vitis,heterophylla,,Australia,,
29517,Hepialidae,Aenetus,eximia,,Scott,Myrtaceae,Waterhousea,,,Australia,,
25772,Gracillariidae,Acrocercops,tristaniae,,Turner,Myrtaceae,Waterhousea,floribunda,,Australia,,
27243,Gracillariidae,Macarostola,formosa,,Stainton,Myrtaceae,Waterhousea,floribunda,,Australia,,
106567,Pyralidae,Myriotis,ptousalis,,Walker,Labiatae,Westringia,,,Australia,,
105042,Pyralidae,Hemiscopis,violacea,,Lucas,Thymelaeaceae,Wikstroemia,indica,,Australia,on,
39033,Lycaenidae,Candalides,absimilis,,Felder,Leguminosae (P),Wisteria,,,Australia,,
118027,Sesiidae,Carmenta,chrysophanes,,Meyrick,Leguminosae (P),Wisteria,,,Australia,,
90865,Oecophoridae,Maroga,melanostigma,,Wallengren,Leguminosae (P),Wisteria,,,Australia,,
132032,Tortricidae,Epiblema,strenuana,,Walker,Compositae,Xanthium,,,Australia,,
132034,Tortricidae,Epiblema,strenuana,,Walker,Compositae,Xanthium,strumarium,,Australia,,
123474,Tineidae,Erechthias,acontistes,,Meyrick,Xanthorrhoeaceae,Xanthorrhoea,,,Australia,,
106359,Pyralidae,Meyriccia,latro,,Zeller,Xanthorrhoeaceae,Xanthorrhoea,,,Australia,,
123677,Tineidae,Moerarchis,australasiella,,Donovan,Xanthorrhoeaceae,Xanthorrhoea,,,Australia,,
123678,Tineidae,Moerarchis,clathrella,,Felder & Rogenh.,Xanthorrhoeaceae,Xanthorrhoea,,,Australia,,
7632,Cossidae,Ptilomacra,senex,,Walker,Xanthorrhoeaceae,Xanthorrhoea,,,Australia,,
7103,Cosmopterigidae,Pyroderces,falcatella,,Stainton,Xanthorrhoeaceae,Xanthorrhoea,arborea,,Australia,,
7105,Cosmopterigidae,Pyroderces,falcatella,,Stainton,Xanthorrhoeaceae,Xanthorrhoea,arborea,,Australia,in fruits,
36610,Limacodidae,Mecytha,fasciata,,Walker,Proteaceae,Xylomelum,,,Australia,,
102538,Pyralidae,Cryptoblabes,hemigypsa,,Turner,Proteaceae,Xylomelum,pyriforme,,Australia,on flowers,
81601,Nymphalidae,Cupha,prosope,,Fabricius,Flacourtiaceae,Xylosma,ovatum,,Australia,,
88933,Nymphalidae,Vagrans,egista,,Cramer,Flacourtiaceae,Xylosma,ovatum,,Australia,,
15089,Geometridae,Ciampa,arietaria,,Guenée,Scrophulariaceae,Zaluzianskya,,,Australia,,
120936,Sphingidae,Hippotion,celerio,,Linnaeus,Araceae,Zantedeschia,,,Australia,,
123005,Sphingidae,Theretra,oldenlandiae,,Fabricius,Araceae,Zantedeschia,,,Australia,,
123057,Sphingidae,Theretra,tryoni,,Miskin,Araceae,Zantedeschia,,,Australia,,
99970,Pyralidae,Achyra,affinitalis,,Lederer,Gramineae,Zea,,,Australia,,
53672,Noctuidae,Agrotis,ipsilon,,Hufnagel,Gramineae,Zea,,,Australia,,
53776,Noctuidae,Agrotis,munda,,Walker,Gramineae,Zea,,,Australia,,
56701,Noctuidae,Bathytricha,truncata,,Walker,Gramineae,Zea,,,Australia,,
101973,Pyralidae,Conogethes,punctiferalis,,Guenée,Gramineae,Zea,,,Australia,,
62005,Noctuidae,Helicoverpa,armigera,,Hübner,Gramineae,Zea,,,Australia,,
62588,Noctuidae,Heliothis,punctigera,,Wallengren,Gramineae,Zea,,,Australia,,
66189,Noctuidae,Mythimna,convecta,,Walker,Gramineae,Zea,,,Australia,,
66330,Noctuidae,Neocleptria,punctifera,,Walker,Gramineae,Zea,,,Australia,,
71211,Noctuidae,Spodoptera,exigua,,Hübner,Gramineae,Zea,,,Australia,,
72690,Noctuidae,Syntheta,nigerrima,,Guenée,Gramineae,Zea,,,Australia,,
99971,Pyralidae,Achyra,affinitalis,,Lederer,Gramineae,Zea,mays,,Australia,,
53830,Noctuidae,Agrotis,radians,,Guenée,Gramineae,Zea,mays,,Australia,,
56693,Noctuidae,Bathytricha,aethalion,,Turner,Gramineae,Zea,mays,,Australia,,
101974,Pyralidae,Conogethes,punctiferalis,,Guenée,Gramineae,Zea,mays,,Australia,,
68518,Noctuidae,Phragmatiphila,truncata,,Walker,Gramineae,Zea,mays,,Australia,,
69208,Noctuidae,Pseudaletia,unipuncta,,Haworth,Gramineae,Zea,mays,,Australia,,
7177,Cosmopterigidae,Pyroderces,rileyi,,Walsingham,Gramineae,Zea,mays,,Australia,,
56703,Noctuidae,Bathytricha,truncata,,Walker,Zingiberaceae,Zingiber,,,Australia,,
71953,Noctuidae,Spodoptera,litura,,Fabricius,Compositae,Zinnia,,,Australia,,
106854,Pyralidae,Nymphula,nitens,,Butler,Zosteraceae,Zostera,,,Australia,,
134950,Tortricidae,Merophyas,petrochroa,,Lower,Zygophyllaceae,Zygophyllum,fruticulosum,,Australia,on,
