HOSTS ID,Insect Family,Insect Genus,Insect Species,Insect Subspecies,Insect Author,Hostplant Family,Hostplant Genus,Hostplant Species,Hostplant Subspecies/var,Location,Damage,Lab Rearing
99958,Pyralidae,Achroia,innotata,,Walker,Detritophagous,,,,Japan,on beeswax,
37880,Lycaenidae,Acytolepis,puspa,,Horsfield,Leguminosae,,,,Japan,,
53425,Noctuidae,Agrotis,exclamationis,,Linnaeus,Polyphagous,,,,Japan,on crops,
9541,Gelechiidae,Anacampsis,solemnella,,Christoph,Polyphagous,,,,Japan,on fruit trees,
38277,Lycaenidae,Antigius,attilia,,Bremer,Fagaceae,,,,Japan,,
38304,Lycaenidae,Antigius,butleri,,Fenton,Fagaceae,,,,Japan,,
55437,Noctuidae,Apamea,lateritia,,Hufnagel,Gramineae,,,,Japan,,
38406,Lycaenidae,Araragi,enthea,,Janson,Fagaceae,,,,Japan,,?
38407,Lycaenidae,Araragi,enthea,,Janson,Juglandaceae,,,,Japan,,
127788,Tortricidae,Archips,similis,,Butler,Pinaceae,,,,Japan,,
38468,Lycaenidae,Arhopala,bazalus,,Hewitson,Fagaceae,,,,Japan,,
38500,Lycaenidae,Arhopala,ganesa,,Moore,Fagaceae,,,,Japan,,
38508,Lycaenidae,Arhopala,japonica,,Murray,Fagaceae,,,,Japan,,
38602,Lycaenidae,Artipe,eryx,,Linnaeus,Rubiaceae,,,,Japan,,
38609,Lycaenidae,Artopoetes,pryeri,,Murray,Oleaceae,,,,Japan,,
38610,Lycaenidae,Artopoetes,pryeri,,Murray,Rosaceae,,,,Japan,,
44967,Lymantriidae,Calliteara,argentata,,Butler,Polyphagous,,,,Japan,on forest trees,
38936,Lycaenidae,Callophrys,ferrea,,Butler,Caprifoliaceae,,,,Japan,,
38937,Lycaenidae,Callophrys,ferrea,,Butler,Ericaceae,,,,Japan,,
38938,Lycaenidae,Callophrys,ferrea,,Butler,Rosaceae,,,,Japan,,
57108,Noctuidae,Callopistria,repleta,,Walker,Filicopsida,,,,Japan,on ferns,
57166,Noctuidae,Calyptra,gruesa,,Draudt,Polyphagous,,,,Japan,on fruit trees,
39326,Lycaenidae,Celastrina,sugitanii,,Matsumura,Cornaceae,,,,Japan,,
39327,Lycaenidae,Celastrina,sugitanii,,Matsumura,Hippocastanaceae,,,,Japan,,
128737,Tortricidae,Celypha,aurofasciana,,Haworth,Musci,,,,Japan,in moss,
129051,Tortricidae,Choristoneura,jezoensis,,Yasuda & Suzuki,Polyphagous,,,,Japan,on forest trees,
39476,Lycaenidae,Chrysozephyrus,ataxus,,Westwood,Fagaceae,,,,Japan,,
81483,Nymphalidae,Coenonympha,hero,,Linnaeus,Cyperaceae,,,,Japan,,
81490,Nymphalidae,Coenonympha,oedippus,,Fabricius,Cyperaceae,,,,Japan,,
39610,Lycaenidae,Coreana,raphaelis,,Oberthür,Fagaceae,,,,Japan,,
39612,Lycaenidae,Coreana,raphaelis,,Oberthür,Oleaceae,,,,Japan,,
58597,Noctuidae,Corgatha,argillacea,,Butler,Lichenes,,,,Japan,,
102539,Pyralidae,Cryptoblabes,loxiella,,Ragonot,Pinaceae,,,,Japan,,
39646,Lycaenidae,Curetis,acuta,,Moore,Leguminosae,,,,Japan,,
130784,Tortricidae,Cydia,kamijoi,,Oku,Pinaceae,,,,Japan,,
103326,Pyralidae,Dipha,aphidivora,,Meyrick,Insecta,,,,Japan,on Aphididae,
15920,Geometridae,Dischidesia,kurokoi,,Inoue,Musci,,,,Japan,,
59831,Noctuidae,Enispa,lutefascialis,,Leech,Lichenes,,,,Japan,on lichens,
132222,Tortricidae,Epinotia,granitalis,,Butler,Polyphagous,,,,Japan,on forest trees,
97901,Psychidae,Eumeta,japonica,,Heylaerts,Polyphagous,,,,Japan,on ornamental woody plants,
97902,Psychidae,Eumeta,japonica,,Heylaerts,Polyphagous,,,,Japan,on shade trees,
133247,Tortricidae,Eurydoxa,advena,,Filipjev,Pinaceae,,,,Japan,,
33520,Lasiocampidae,Euthrix,albomaculata,directa,Swinhoe,Gramineae,,,,Japan,on bamboo,
61058,Noctuidae,Euxoa,sibirica,,Boisduval,Polyphagous,,,,Japan,on field crops,
40495,Lycaenidae,Everes,argiades,,Pallas,Cannabaceae,,,,Japan,,
40496,Lycaenidae,Everes,argiades,,Pallas,Leguminosae,,,,Japan,,
40548,Lycaenidae,Everes,fischeri,,Eversmann,Crassulaceae,,,,Japan,,
40552,Lycaenidae,Everes,lacturnus,,Godart,Leguminosae,,,,Japan,,
40585,Lycaenidae,Favonius,latifasciatus,,Shirôzu & Haya.,Fagaceae,,,,Japan,,
40595,Lycaenidae,Favonius,orientalis,,Murray,Fagaceae,,,,Japan,,
40616,Lycaenidae,Favonius,saphirina,,Staudinger,Fagaceae,,,,Japan,,
40772,Lycaenidae,Glaucopsyche,lycormas,,Butler,Leguminosae,,,,Japan,,
133408,Tortricidae,Gnorismoneura,mesotoma,,Yasuda,Detritophagous,,,,Japan,on dead leaves,
41479,Lycaenidae,Iratsume,orsedice,,Butler,Hamamelidaceae,,,,Japan,,
41649,Lycaenidae,Japonica,saepestriata,,Hewitson,Fagaceae,,,,Japan,,
2449,Arctiidae,Lemyra,imparilis,,Butler,Polyphagous,,,,Japan,on forest trees,
2450,Arctiidae,Lemyra,imparilis,,Butler,Polyphagous,,,,Japan,on fruit trees,
46884,Lymantriidae,Lymantria,fumida,,Butler,Pinaceae,,,,Japan,,
42305,Lycaenidae,Maculinea,arionides,,Staudinger,Labiatae,,,,Japan,,
90869,Oecophoridae,Martyringa,xeraula,,Heinrich,Detritophagous,,,,Japan,on cereals,
90870,Oecophoridae,Martyringa,xeraula,,Meyrick,Detritophagous,,,,Japan,in stored grain,
134840,Tortricidae,Matsumuraeses,phaseoli,,Matsumura,Leguminosae,,,,Japan,,
134857,Tortricidae,Matsumuraeses,ussuriensis,,Caradja,Leguminosae,,,,Japan,,
42381,Lycaenidae,Miletus,boisduvali,,Moore,Insecta,,,,Japan,on Aphididae,
42382,Lycaenidae,Miletus,boisduvali,,Moore,Insecta,,,,Japan,on Coccidae,
123713,Tineidae,Morophagoides,moriutii,,Robinson,Fungi,,,,Japan,,
123715,Tineidae,Morophagoides,moriutii,,Robinson,Polyphagous,,,,Japan,on woody plants,
134995,Tortricidae,Neocalyptis,tricensa,,Meyrick,Detritophagous,,,,Japan,on dead leaves,
42583,Lycaenidae,Neozephyrus,hisamatsusanus,,Nagami & Ishiga,Fagaceae,,,,Japan,,
42585,Lycaenidae,Neozephyrus,jezoensis,jezoensis,Matsumura,Fagaceae,,,,Japan,,
42591,Lycaenidae,Neozephyrus,taxila,,Bremer,Fagaceae,,,,Japan,,
42603,Lycaenidae,Neozephyrus,taxila,japonica,Murray,Betulaceae,,,,Japan,,
42604,Lycaenidae,Neozephyrus,taxila,japonica,Murray,Fagaceae,,,,Japan,,?
42605,Lycaenidae,Neozephyrus,taxila,japonica,Murray,Rosaceae,,,,Japan,,?
42608,Lycaenidae,Neozephyrus,ultramarina,,Fixsen,Fagaceae,,,,Japan,,
42609,Lycaenidae,Neozephyrus,yuasai,,Shirôzu,Fagaceae,,,,Japan,,
87158,Nymphalidae,Oeneis,daisetsuzana,,Matsumura,Cyperaceae,,,,Japan,,
96839,Pieridae,Pieris,melete,,Ménétriés,Cruciferae,,,,Japan,,
96841,Pieridae,Pieris,melete,,Ménétriés,Polyphagous,,,,Japan,on weeds,
42991,Lycaenidae,Plebejus,subsolanus,,Eversmann,Leguminosae,,,,Japan,,
43223,Lycaenidae,Pseudozizeeria,maha,,Kollar,Oxalidaceae,,,,Japan,,
43243,Lycaenidae,Quercusia,fujisanus,,Matsumura,Fagaceae,,,,Japan,,
43249,Lycaenidae,Rapala,arata,,Bremer,Ericaceae,,,,Japan,,
43250,Lycaenidae,Rapala,arata,,Bremer,Leguminosae,,,,Japan,,
43251,Lycaenidae,Rapala,arata,,Bremer,Rhamnaceae,,,,Japan,,
43252,Lycaenidae,Rapala,arata,,Bremer,Rosaceae,,,,Japan,,
43253,Lycaenidae,Rapala,arata,,Bremer,Saxifragaceae,,,,Japan,,
43254,Lycaenidae,Rapala,arata,,Bremer,Symplocaceae,,,,Japan,,
137095,Tortricidae,Retinia,coeruleostriana,,Caradja,Pinaceae,,,,Japan,,
137107,Tortricidae,Retinia,monopunctata,,Oku,Pinaceae,,,,Japan,,
116689,Saturniidae,Rhodinia,fugax,,Butler,Polyphagous,,,,Japan,on trees,
43597,Lycaenidae,Satyrium,mera,,Janson,Rhamnaceae,,,,Japan,,
43684,Lycaenidae,Shirozua,jonasi,,Janson,Anacardiaceae,,,,Japan,,
43685,Lycaenidae,Shirozua,jonasi,,Janson,Fagaceae,,,,Japan,,
43686,Lycaenidae,Shirozua,jonasi,,Janson,Lichenes,,,,Japan,,
43687,Lycaenidae,Shirozua,jonasi,,Janson,Rosaceae,,,,Japan,,
43700,Lycaenidae,Shirozua,jonasi,,Janson,Cupressaceae,,,,Japan,oviposition only,
43701,Lycaenidae,Shirozua,jonasi,,Janson,Polygonaceae,,,,Japan,oviposition only,
43702,Lycaenidae,Shirozua,jonasi,,Janson,Rhamnaceae,,,,Japan,oviposition only,
70522,Noctuidae,Sinarella,aegrota,,Butler,Musci,,,,Japan,on mosses,
43715,Lycaenidae,Sinia,divina,,Fixsen,Leguminosae,,,,Japan,,
29167,Gracillariidae,Spulerina,astaurota,,Meyrick,Polyphagous,,,,Japan,on fruit trees,
44117,Lycaenidae,Taraka,hamada,,Druce,Insecta,,,,Japan,on aphids,
44472,Lycaenidae,Udara,albocaerulea,,Riley,Aquifoliaceae,,,,Japan,,
44473,Lycaenidae,Udara,albocaerulea,,Riley,Caprifoliaceae,,,,Japan,,
44474,Lycaenidae,Udara,albocaerulea,,Riley,Rosaceae,,,,Japan,,
44475,Lycaenidae,Udara,albocaerulea,,Riley,Symplocaceae,,,,Japan,,
44514,Lycaenidae,Ussuriana,ibara,,Butler,Oleaceae,,,,Japan,,
44566,Lycaenidae,Wagimo,signata,,Butler,Fagaceae,,,,Japan,,
89591,Nymphalidae,Ypthima,riukiuana,,Matsumura,Gramineae,,,,Japan,,
36617,Limacodidae,Microleon,longipalpis,,Butler,Caprifoliaceae,Abelia,grandiflora,,Japan,,
21601,Geometridae,Odontopera,arida,,Butler,Caprifoliaceae,Abelia,grandiflora,,Japan,,
22627,Geometridae,Phthonosema,invenustaria,,Leech,Caprifoliaceae,Abelia,serrata,,Japan,,
124473,Tortricidae,Acleris,askoldana,,Christoph,Caprifoliaceae,Abelia,spathulata,,Japan,,
14430,Geometridae,Biston,robustus,,Butler,Caprifoliaceae,Abelia,spathulata,,Japan,,
19147,Geometridae,Heterolocha,stulta,,Butler,Caprifoliaceae,Abelia,spathulata,,Japan,,
24442,Geometridae,Synegia,hadassa,,Butler,Caprifoliaceae,Abelia,spathulata,,Japan,,
24904,Geometridae,Wilemania,nitobei,,Nitobe,Caprifoliaceae,Abelia,spathulata,,Japan,,
126641,Tortricidae,Archips,abiephaga,,Yasuda,Pinaceae,Abies,concolor,,Japan,,
127121,Tortricidae,Archips,issikii,,Yasuda,Pinaceae,Abies,concolor,,Japan,,
134763,Tortricidae,Lozotaenia,coniferana,,Issiki,Pinaceae,Abies,concolor,,Japan,,
13289,Geometridae,Alcis,medialbifera,,Inoue,Pinaceae,Abies,firma,,Japan,,
13455,Geometridae,Alsophiloides,acroama,,Inoue,Pinaceae,Abies,firma,,Japan,,
126843,Tortricidae,Archips,capsigerana,,Kennel,Pinaceae,Abies,firma,,Japan,,
127108,Tortricidae,Archips,ingentanus,,Christoph,Pinaceae,Abies,firma,,Japan,,
127122,Tortricidae,Archips,issikii,,Yasuda,Pinaceae,Abies,firma,,Japan,,
127584,Tortricidae,Archips,pulchra,,Butler,Pinaceae,Abies,firma,,Japan,,
131241,Tortricidae,Daemilus,fulva,,Filipjev,Pinaceae,Abies,firma,,Japan,,
15834,Geometridae,Deileptenia,ribeata,,Clerck,Pinaceae,Abies,firma,,Japan,,
16865,Geometridae,Erannis,defoliaria,,Clerck,Pinaceae,Abies,firma,,Japan,,
134192,Tortricidae,Homona,magnanima,,Diakonoff,Pinaceae,Abies,firma,,Japan,,
134326,Tortricidae,Homonopsis,foederatana,,Kennel,Pinaceae,Abies,firma,,Japan,,
46885,Lymantriidae,Lymantria,fumida,,Butler,Pinaceae,Abies,firma,,Japan,,
136078,Tortricidae,Paracroesia,abievora,,Issiki,Pinaceae,Abies,firma,,Japan,,
24861,Geometridae,Tristrophis,veneris,,Butler,Pinaceae,Abies,firma,,Japan,,
137108,Tortricidae,Retinia,monopunctata,,Oku,Pinaceae,Abies,holophylla,,Japan,,
13035,Geometridae,Abraxas,grossulariata,,Linnaeus,Pinaceae,Abies,homolepis,,Japan,,
127586,Tortricidae,Archips,pulchra,,Butler,Pinaceae,Abies,homolepis,,Japan,,
134764,Tortricidae,Lozotaenia,coniferana,,Issiki,Pinaceae,Abies,homolepis,,Japan,,
137109,Tortricidae,Retinia,monopunctata,,Oku,Pinaceae,Abies,homolepis,,Japan,,
132378,Tortricidae,Epinotia,piceicola,,Kuznetsov,Pinaceae,Abies,mariesii,,Japan,,
124963,Tortricidae,Acleris,nigrilineana,,Kawabe,Pinaceae,Abies,sachalinensis,,Japan,,
126642,Tortricidae,Archips,abiephaga,,Yasuda,Pinaceae,Abies,sachalinensis,,Japan,,
126997,Tortricidae,Archips,fumosus,,Kodama,Pinaceae,Abies,sachalinensis,,Japan,,
127124,Tortricidae,Archips,issikii,,Yasuda,Pinaceae,Abies,sachalinensis,,Japan,,
127588,Tortricidae,Archips,pulchra,,Butler,Pinaceae,Abies,sachalinensis,,Japan,,
131225,Tortricidae,Cymolomia,hartigiana,,Saxesen,Pinaceae,Abies,sachalinensis,,Japan,,
132096,Tortricidae,Epinotia,aciculana,,Falkovitsh,Pinaceae,Abies,sachalinensis,,Japan,,
132379,Tortricidae,Epinotia,piceicola,,Kuznetsov,Pinaceae,Abies,sachalinensis,,Japan,,
133248,Tortricidae,Eurydoxa,advena,,Filipjev,Pinaceae,Abies,sachalinensis,,Japan,,
134766,Tortricidae,Lozotaenia,coniferana,,Issiki,Pinaceae,Abies,sachalinensis,,Japan,,
21568,Geometridae,Nipponogelasma,immunis,,Prout,Pinaceae,Abies,sachalinensis,,Japan,,
135748,Tortricidae,Pandemis,chlorograpta,,Meyrick,Pinaceae,Abies,sachalinensis,,Japan,,
136507,Tortricidae,Piniphila,bifasciana,,Haworth,Pinaceae,Abies,sachalinensis,,Japan,,
137110,Tortricidae,Retinia,monopunctata,,Oku,Pinaceae,Abies,sachalinensis,,Japan,,
29171,Gracillariidae,Spulerina,corticicola,,Kumata,Pinaceae,Abies,sachalinensis,,Japan,,
138856,Tortricidae,Zeiraphera,rufimitrana,,Herrich-Schäffer,Pinaceae,Abies,sachalinensis,,Japan,,
138865,Tortricidae,Zeiraphera,truncata,,Oku,Pinaceae,Abies,sachalinensis,,Japan,,
25202,Geometridae,Zethenia,rufescentaria,,Motschulsky,Pinaceae,Abies,sachalinensis,,Japan,,
133249,Tortricidae,Eurydoxa,advena,,Filipjev,Pinaceae,Abies,veitchii,,Japan,,
96182,Pieridae,Eurema,hecabe,,Linnaeus,Leguminosae (M),Acacia,baileyana,,Japan,on leaves,
14029,Geometridae,Ascotis,selenaria,,Denis & Schiff.,Euphorbiaceae,Acalypha,australis,,Japan,,
127000,Tortricidae,Archips,fuscocupreanus,,Walsingham,Aceraceae,Acer,,,Japan,,
14030,Geometridae,Ascotis,selenaria,,Denis & Schiff.,Aceraceae,Acer,,,Japan,,
14431,Geometridae,Biston,robustus,,Butler,Aceraceae,Acer,,,Japan,,
26545,Gracillariidae,Caloptilia,wakayamensis,,Kumata,Aceraceae,Acer,,,Japan,,
16439,Geometridae,Endropiodes,sp. B,,,Aceraceae,Acer,,,Japan,,
133001,Tortricidae,Eucosma,rasdolnyana,,Christoph,Aceraceae,Acer,,,Japan,,
76507,Notodontidae,Fusapteryx,ladislai,,Oberthür,Aceraceae,Acer,,,Japan,,
76750,Notodontidae,Himeropteryx,miraculosa,,Staudinger,Aceraceae,Acer,,,Japan,,
134332,Tortricidae,Homonopsis,illotana,,Kennel,Aceraceae,Acer,,,Japan,,
19921,Geometridae,Inurois,fletcheri,,Inoue,Aceraceae,Acer,,,Japan,,
76885,Notodontidae,Microphalera,grisea,,Butler,Aceraceae,Acer,,,Japan,,
86767,Nymphalidae,Neptis,philyra,,Ménétriés,Aceraceae,Acer,,,Japan,,
77521,Notodontidae,Ptilodon,hoegei,,Graeser,Aceraceae,Acer,,,Japan,,
77531,Notodontidae,Ptilodon,okanoi,,Inoue,Aceraceae,Acer,,,Japan,,
77538,Notodontidae,Ptilophora,jezoensis,,Matsumura,Aceraceae,Acer,,,Japan,,
77539,Notodontidae,Ptilophora,nohirae,,Matsumura,Aceraceae,Acer,,,Japan,,
137026,Tortricidae,Ptycholoma,circumclusana,,Christoph,Aceraceae,Acer,,,Japan,,
77863,Notodontidae,Semidonta,biloba,,Oberthür,Aceraceae,Acer,,,Japan,,
77867,Notodontidae,Shaka,atrovittatus,,Bremer,Aceraceae,Acer,,,Japan,,
77885,Notodontidae,Stauropus,fagi,,Linnaeus,Aceraceae,Acer,,,Japan,,
77985,Notodontidae,Tarsolepis,japonica,,Wileman & South,Aceraceae,Acer,,,Japan,,
78028,Notodontidae,Togepteryx,velutina,,Oberthür,Aceraceae,Acer,,,Japan,,
18629,Geometridae,Exangerona,prattiaria,,Leech,Aceraceae,Acer,aidzuense,,Japan,,
26176,Gracillariidae,Caloptilia,monticola,,Kumata,Aceraceae,Acer,argutum,,Japan,,
15676,Geometridae,Cryptochorina,amphidasyaria,,Oberthür,Aceraceae,Acer,carpinifolium,,Japan,,
16348,Geometridae,Ectropis,obliqua,,Prout,Aceraceae,Acer,carpinifolium,,Japan,,
28665,Gracillariidae,Phyllonorycter,orientalis,,Kumata,Aceraceae,Acer,carpinifolium,,Japan,,
23711,Geometridae,Selenia,adustaria,,Leech,Aceraceae,Acer,cissifolium,,Japan,,
26374,Gracillariidae,Caloptilia,semifasciella,,Kumata,Aceraceae,Acer,crataegifolium,,Japan,,
17235,Geometridae,Euchristophia,cumulata,,Christoph,Aceraceae,Acer,crataegifolium,,Japan,,
68548,Noctuidae,Platychasma,virgo,,Butler,Aceraceae,Acer,diabolicum,,Japan,,
26177,Gracillariidae,Caloptilia,monticola,,Kumata,Aceraceae,Acer,distylum,,Japan,,
26375,Gracillariidae,Caloptilia,semifasciella,,Kumata,Aceraceae,Acer,distylum,,Japan,,
26140,Gracillariidae,Caloptilia,kisoensis,,Kumata,Aceraceae,Acer,ginnala,,Japan,,
26178,Gracillariidae,Caloptilia,monticola,,Kumata,Aceraceae,Acer,ginnala,,Japan,,
28345,Gracillariidae,Phyllonorycter,ginnalae,,Ermolaev,Aceraceae,Acer,ginnala,,Japan,,
25875,Gracillariidae,Caloptilia,acericola,,Kumata,Aceraceae,Acer,japonicum,,Japan,,
26080,Gracillariidae,Caloptilia,gloriosa,,Kumata,Aceraceae,Acer,japonicum,,Japan,,
26796,Gracillariidae,Cameraria,niphonica,,Kumata,Aceraceae,Acer,japonicum,,Japan,,
26179,Gracillariidae,Caloptilia,monticola,,Kumata,Aceraceae,Acer,micranthum,,Japan,,
26376,Gracillariidae,Caloptilia,semifasciella,,Kumata,Aceraceae,Acer,micranthum,,Japan,,
25886,Gracillariidae,Caloptilia,aceris,,Kumata,Aceraceae,Acer,miyabei,,Japan,,
13337,Geometridae,Alsophila,japonensis,,Warren,Aceraceae,Acer,mono,,Japan,,
14418,Geometridae,Biston,regalis,,Moore,Aceraceae,Acer,mono,,Japan,,
25876,Gracillariidae,Caloptilia,acericola,,Kumata,Aceraceae,Acer,mono,,Japan,,
25887,Gracillariidae,Caloptilia,aceris,,Kumata,Aceraceae,Acer,mono,,Japan,,
26081,Gracillariidae,Caloptilia,gloriosa,,Kumata,Aceraceae,Acer,mono,,Japan,,
26095,Gracillariidae,Caloptilia,heringi,,Kumata,Aceraceae,Acer,mono,,Japan,,
26096,Gracillariidae,Caloptilia,hidakensis,,Kumata,Aceraceae,Acer,mono,,Japan,,
26141,Gracillariidae,Caloptilia,kisoensis,,Kumata,Aceraceae,Acer,mono,,Japan,,
26180,Gracillariidae,Caloptilia,monticola,,Kumata,Aceraceae,Acer,mono,,Japan,,
26590,Gracillariidae,Cameraria,acericola,,Kumata,Aceraceae,Acer,mono,,Japan,,
76340,Notodontidae,Dudusa,sphingiformis,,Moore,Aceraceae,Acer,mono,,Japan,,
16349,Geometridae,Ectropis,obliqua,,Prout,Aceraceae,Acer,mono,,Japan,,
16910,Geometridae,Erannis,golda,,Butler,Aceraceae,Acer,mono,,Japan,,
20639,Geometridae,Lycia,hirtaria,,Clerck,Aceraceae,Acer,mono,,Japan,,
21008,Geometridae,Menophra,retractaria,,Moore,Aceraceae,Acer,mono,,Japan,,
22151,Geometridae,Parabapta,aetheriata,,Graeser,Aceraceae,Acer,mono,,Japan,,
28434,Gracillariidae,Phyllonorycter,jezoniella,,Matsumura,Aceraceae,Acer,mono,,Japan,,
28467,Gracillariidae,Phyllonorycter,kurokoi,,Kumata,Aceraceae,Acer,mono,,Japan,,
28666,Gracillariidae,Phyllonorycter,orientalis,,Kumata,Aceraceae,Acer,mono,,Japan,,
137027,Tortricidae,Ptycholoma,circumclusana,,Christoph,Aceraceae,Acer,negundo,,Japan,,
20240,Geometridae,Jodis,putata,,Linnaeus,Aceraceae,Acer,nipponicum,,Japan,,
13253,Geometridae,Alcis,angulifera,,Butler,Aceraceae,Acer,palmatum,,Japan,,
13338,Geometridae,Alsophila,japonensis,,Warren,Aceraceae,Acer,palmatum,,Japan,,
126844,Tortricidae,Archips,capsigerana,,Kennel,Aceraceae,Acer,palmatum,,Japan,,
25877,Gracillariidae,Caloptilia,acericola,,Kumata,Aceraceae,Acer,palmatum,,Japan,,
25888,Gracillariidae,Caloptilia,aceris,,Kumata,Aceraceae,Acer,palmatum,,Japan,,
26082,Gracillariidae,Caloptilia,gloriosa,,Kumata,Aceraceae,Acer,palmatum,,Japan,,
26546,Gracillariidae,Caloptilia,wakayamensis,,Kumata,Aceraceae,Acer,palmatum,,Japan,,
26797,Gracillariidae,Cameraria,niphonica,,Kumata,Aceraceae,Acer,palmatum,,Japan,,
128775,Tortricidae,Cerace,xanthocosma,,Diakonoff,Aceraceae,Acer,palmatum,,Japan,,
15504,Geometridae,Colotois,pennaria,,Linnaeus,Aceraceae,Acer,palmatum,,Japan,,
16440,Geometridae,Endropiodes,sp. B,,,Aceraceae,Acer,palmatum,,Japan,,
19550,Geometridae,Hypomecis,punctinalis,,Scopoli,Aceraceae,Acer,palmatum,,Japan,,
19950,Geometridae,Inurois,punctigera,,Prout,Aceraceae,Acer,palmatum,,Japan,,
20255,Geometridae,Jodis,urosticta,,Prout,Aceraceae,Acer,palmatum,,Japan,,
21196,Geometridae,Myrteta,punctata,,Warren,Aceraceae,Acer,palmatum,,Japan,,
22031,Geometridae,Pachyerannis,obliquaria,,Motschulsky,Aceraceae,Acer,palmatum,,Japan,,
22639,Geometridae,Phthonosema,tendinosaria,,Bremer,Aceraceae,Acer,palmatum,,Japan,,
28667,Gracillariidae,Phyllonorycter,orientalis,,Kumata,Aceraceae,Acer,palmatum,,Japan,,
118842,Sesiidae,Synanthedon,hector,,Butler,Aceraceae,Acer,palmatum,,Japan,in trunks,
24905,Geometridae,Wilemania,nitobei,,Nitobe,Aceraceae,Acer,palmatum,,Japan,,
127830,Tortricidae,Archips,viola,,Falkovitsh,Aceraceae,Acer,rufinerve,,Japan,,
26142,Gracillariidae,Caloptilia,kurokoi,,Kumata,Aceraceae,Acer,rufinerve,,Japan,,
26181,Gracillariidae,Caloptilia,monticola,,Kumata,Aceraceae,Acer,rufinerve,,Japan,,
26377,Gracillariidae,Caloptilia,semifasciella,,Kumata,Aceraceae,Acer,rufinerve,,Japan,,
16911,Geometridae,Erannis,golda,,Butler,Aceraceae,Acer,rufinerve,,Japan,,
17236,Geometridae,Euchristophia,cumulata,,Christoph,Aceraceae,Acer,rufinerve,,Japan,,
25889,Gracillariidae,Caloptilia,aceris,,Kumata,Aceraceae,Acer,saccharum,,Japan,,
26083,Gracillariidae,Caloptilia,gloriosa,,Kumata,Aceraceae,Acer,sieboldianum,,Japan,,
15506,Geometridae,Colotois,pennaria,,Linnaeus,Aceraceae,Acer,sieboldianum,,Japan,,
19919,Geometridae,Inurois,asahinai,,Inoue,Aceraceae,Acer,sieboldianum,,Japan,,
22042,Geometridae,Pachyligia,dolosa,,Butler,Aceraceae,Acer,sieboldianum,,Japan,,
23712,Geometridae,Selenia,adustaria,,Leech,Aceraceae,Acer,sieboldianum,,Japan,,
26183,Gracillariidae,Caloptilia,monticola,,Kumata,Aceraceae,Acer,tschonoskii,,Japan,,
26378,Gracillariidae,Caloptilia,semifasciella,,Kumata,Aceraceae,Acer,tschonoskii,,Japan,,
13339,Geometridae,Alsophila,japonensis,,Warren,Aceraceae,Acer,ukurunduense,,Japan,,
14419,Geometridae,Biston,regalis,,Moore,Aceraceae,Acer,ukurunduense,,Japan,,
26184,Gracillariidae,Caloptilia,monticola,,Kumata,Aceraceae,Acer,ukurunduense,,Japan,,
15507,Geometridae,Colotois,pennaria,,Linnaeus,Aceraceae,Acer,ukurunduense,,Japan,,
16912,Geometridae,Erannis,golda,,Butler,Aceraceae,Acer,ukurunduense,,Japan,,
17237,Geometridae,Euchristophia,cumulata,,Christoph,Aceraceae,Acer,ukurunduense,,Japan,,
19941,Geometridae,Inurois,fumosa,,Inoue,Aceraceae,Acer,ukurunduense,,Japan,,
135590,Tortricidae,Pammene,japonica,,Kuznetsov,Aceraceae,Acer,ukurunduense,,Japan,on seeds,
22565,Geometridae,Phigalia,verecundaria,,Leech,Aceraceae,Acer,ukurunduense,,Japan,,
29268,Gracillariidae,Telamoptilia,hemistacta,,Meyrick,Amaranthaceae,Achyranthes,bidentata,hachijoensis,Japan,,
29269,Gracillariidae,Telamoptilia,hemistacta,,Meyrick,Amaranthaceae,Achyranthes,japonica,,Japan,,
21969,Geometridae,Ourapteryx,obtusicauda,,Warren,Actinidiaceae,Actinidia,arguta,,Japan,,
134502,Tortricidae,Lobesia,aeolopa,,Meyrick,Actinidiaceae,Actinidia,chinensis,,Japan,,
134557,Tortricidae,Lobesia,aeolopa,,Meyrick,Actinidiaceae,Actinidia,chinensis,,Japan,on leaves,
13254,Geometridae,Alcis,angulifera,,Butler,Actinidiaceae,Actinidia,polygama,,Japan,,
118249,Sesiidae,Macroscelesia,longipes,yamatoensis,Arita,Cucurbitaceae,Actinostemma,tenerum,tenerum,Japan,in stems,
13255,Geometridae,Alcis,angulifera,,Butler,Adiantaceae,Adiantum,pedatum,,Japan,,
79388,Nymphalidae,Athyma,selenophora,,Kollar,Rubiaceae,Adina,cordifolia,,Japan,,
57976,Noctuidae,Chelonomorpha,japana,,Motschulsky,Theaceae,Adinandra,,,Japan,,
13676,Geometridae,Angerona,nigrisparsa,,Butler,Hippocastanaceae,Aesculus,turbinata,,Japan,,
39328,Lycaenidae,Celastrina,sugitanii,,Matsumura,Hippocastanaceae,Aesculus,turbinata,,Japan,on flower buds,
130501,Tortricidae,Cryptophlebia,yasudai,,Kawabe,Hippocastanaceae,Aesculus,turbinata,,Japan,on seeds,
15849,Geometridae,Descoreba,simplex,,Butler,Hippocastanaceae,Aesculus,turbinata,,Japan,,
77523,Notodontidae,Ptilodon,jezoensis,,Matsumura,Hippocastanaceae,Aesculus,turbinata,,Japan,,
77532,Notodontidae,Ptilodon,okanoi,,Inoue,Hippocastanaceae,Aesculus,turbinata,,Japan,,
77864,Notodontidae,Semidonta,biloba,,Oberthür,Hippocastanaceae,Aesculus,turbinata,,Japan,,
24496,Geometridae,Terpna,superans,,Butler,Hippocastanaceae,Aesculus,turbinata,,Japan,,
86350,Nymphalidae,Minois,dryas,,Scopoli,Gramineae,Agrostis,,,Japan,,
28262,Gracillariidae,Phyllonorycter,drepanota,,Meyrick,Simaroubaceae,Ailanthus,malabarica,,Japan,,
126772,Tortricidae,Archips,asiaticus,,Walsingham,Lardizabalaceae,Akebia,quinata,,Japan,,
14432,Geometridae,Biston,robustus,,Butler,Lardizabalaceae,Akebia,quinata,,Japan,,
25144,Geometridae,Xyloscia,subspersata,,Felder & Rogenh.,Lardizabalaceae,Akebia,quinata,,Japan,,
25145,Geometridae,Xyloscia,subspersata,,Felder & Rogenh.,Lardizabalaceae,Akebia,trifoliata,,Japan,,
16162,Geometridae,Ectropis,bistortata,,Goeze,Alangiaceae,Alangium,platanifolium,,Japan,,
14032,Geometridae,Ascotis,selenaria,,Denis & Schiff.,Leguminosae (M),Albizia,julibrissin,,Japan,,
15903,Geometridae,Diplodesma,ussuriaria,,Bremer,Leguminosae (M),Albizia,julibrissin,,Japan,,
16294,Geometridae,Ectropis,excellens,,Butler,Leguminosae (M),Albizia,julibrissin,,Japan,,
59899,Noctuidae,Ercheia,umbrosa,,Butler,Leguminosae (M),Albizia,julibrissin,,Japan,,
95926,Pieridae,Eurema,blanda,,Boisduval,Leguminosae (M),Albizia,julibrissin,,Japan,on leaves,
96189,Pieridae,Eurema,hecabe,,Linnaeus,Leguminosae (M),Albizia,julibrissin,,Japan,on leaves,
134504,Tortricidae,Lobesia,aeolopa,,Meyrick,Leguminosae (M),Albizia,julibrissin,,Japan,,
134558,Tortricidae,Lobesia,aeolopa,,Meyrick,Leguminosae (M),Albizia,julibrissin,,Japan,on leaves,
23912,Geometridae,Semiothisa,defixaria,,Walker,Leguminosae (M),Albizia,julibrissin,,Japan,,
133741,Tortricidae,Gynnidomorpha,permixtana,,Denis & Schiff.,Alismataceae,Alisma,,,Japan,,
139041,Yponomeutidae,Acrolepia,sapporensis,,Matsumura,Alliaceae,Allium,,,Japan,,
63075,Noctuidae,Hydraecia,mongoliensis,,Urbahn,Alliaceae,Allium,cepa,,Japan,,
42328,Lycaenidae,Megisba,malaya,,Horsfield,Sapindaceae,Allophylus,timorensis,,Japan,on flower buds,
125154,Tortricidae,Acleris,umbrana,,Hübner,Betulaceae,Alnus,,,Japan,,
127002,Tortricidae,Archips,fuscocupreanus,,Walsingham,Betulaceae,Alnus,,,Japan,,
26128,Gracillariidae,Caloptilia,issikii,,Kumata,Betulaceae,Alnus,,,Japan,,
76395,Notodontidae,Epinotodonta,fumosa,,Matsumura,Betulaceae,Alnus,,,Japan,,
76856,Notodontidae,Lophocosma,atriplaga,,Staudinger,Betulaceae,Alnus,,,Japan,,
134955,Tortricidae,Metendothenia,atropunctana,,Zetterstedt,Betulaceae,Alnus,,,Japan,,
77271,Notodontidae,Peridea,gigantea,,Butler,Betulaceae,Alnus,,,Japan,,
77533,Notodontidae,Ptilodon,robusta,,Matsumura,Betulaceae,Alnus,,,Japan,,
14563,Geometridae,Cabera,purus,,Butler,Betulaceae,Alnus,firma,,Japan,,
26261,Gracillariidae,Caloptilia,pulverea,,Kumata,Betulaceae,Alnus,firma,,Japan,,
77187,Notodontidae,Odontosia,sieversii,,Ménétriés,Betulaceae,Alnus,firma,,Japan,,
124472,Tortricidae,Acleris,alnivora,,Oku,Betulaceae,Alnus,hirsuta,,Japan,,
13147,Geometridae,Aethalura,ignobilis,,Butler,Betulaceae,Alnus,hirsuta,,Japan,,
13924,Geometridae,Aracima,muscosa,,Butler,Betulaceae,Alnus,hirsuta,,Japan,,
127831,Tortricidae,Archips,viola,,Falkovitsh,Betulaceae,Alnus,hirsuta,,Japan,,
14564,Geometridae,Cabera,purus,,Butler,Betulaceae,Alnus,hirsuta,,Japan,,
25905,Gracillariidae,Caloptilia,alni,,Kumata,Betulaceae,Alnus,hirsuta,,Japan,,
27097,Gracillariidae,Dendrorycter,marmaroides,,Kumata,Betulaceae,Alnus,hirsuta,,Japan,,
16295,Geometridae,Ectropis,excellens,,Butler,Betulaceae,Alnus,hirsuta,,Japan,,
16913,Geometridae,Erannis,golda,,Butler,Betulaceae,Alnus,hirsuta,,Japan,,
18764,Geometridae,Geometra,papilionaria,,Linnaeus,Betulaceae,Alnus,hirsuta,,Japan,,
20641,Geometridae,Lycia,hirtaria,,Clerck,Betulaceae,Alnus,hirsuta,,Japan,,
42606,Lycaenidae,Neozephyrus,taxila,japonicus,Murray,Betulaceae,Alnus,hirsuta,,Japan,on buds,
77119,Notodontidae,Notodonta,stigmatica,,Matsumura,Betulaceae,Alnus,hirsuta,,Japan,,
27480,Gracillariidae,Parornix,alni,,Kumata,Betulaceae,Alnus,hirsuta,,Japan,,
28358,Gracillariidae,Phyllonorycter,hancola,,Kumata,Betulaceae,Alnus,hirsuta,,Japan,,
28462,Gracillariidae,Phyllonorycter,kisoensis,,Kumata,Betulaceae,Alnus,hirsuta,,Japan,,
28496,Gracillariidae,Phyllonorycter,longispinata,,Kumata,Betulaceae,Alnus,hirsuta,,Japan,,
28519,Gracillariidae,Phyllonorycter,maculata,,Kumata,Betulaceae,Alnus,hirsuta,,Japan,,
28946,Gracillariidae,Phyllonorycter,strigulatella,,Zeller,Betulaceae,Alnus,hirsuta,,Japan,,
118881,Sesiidae,Synanthedon,multitarsus,,Spatenka & Arita,Betulaceae,Alnus,hirsuta,,Japan,in branches/stems,
119007,Sesiidae,Synanthedon,pseudoscoliaeforme,,Spatenka & Arita,Betulaceae,Alnus,hirsuta,,Japan,in branches/stems,
25187,Geometridae,Zethenia,albonotaria,,Bremer,Betulaceae,Alnus,hirsuta,,Japan,,
13340,Geometridae,Alsophila,japonensis,,Warren,Betulaceae,Alnus,japonica,,Japan,,
126804,Tortricidae,Archips,breviplicanus,,Walsingham,Betulaceae,Alnus,japonica,,Japan,,
126957,Tortricidae,Archips,endoi,,Yasuda,Betulaceae,Alnus,japonica,,Japan,,
25906,Gracillariidae,Caloptilia,alni,,Kumata,Betulaceae,Alnus,japonica,,Japan,,
26129,Gracillariidae,Caloptilia,issikii,,Kumata,Betulaceae,Alnus,japonica,,Japan,,
26262,Gracillariidae,Caloptilia,pulverea,,Kumata,Betulaceae,Alnus,japonica,,Japan,,
27098,Gracillariidae,Dendrorycter,marmaroides,,Kumata,Betulaceae,Alnus,japonica,,Japan,,
132404,Tortricidae,Epinotia,rubicana,,Kuznetsov,Betulaceae,Alnus,japonica,,Japan,,
132414,Tortricidae,Epinotia,rubricana,,Kuznetsov,Betulaceae,Alnus,japonica,,Japan,,
42607,Lycaenidae,Neozephyrus,taxila,japonicus,Murray,Betulaceae,Alnus,japonica,,Japan,on buds,
28359,Gracillariidae,Phyllonorycter,hancola,,Kumata,Betulaceae,Alnus,japonica,,Japan,,
28497,Gracillariidae,Phyllonorycter,longispinata,,Kumata,Betulaceae,Alnus,japonica,,Japan,,
28963,Gracillariidae,Phyllonorycter,takagii,,Kumata,Betulaceae,Alnus,japonica,,Japan,,
23771,Geometridae,Selenia,tetralunaria,,Hufnagel,Betulaceae,Alnus,japonica,,Japan,,
26264,Gracillariidae,Caloptilia,pulverea,,Kumata,Betulaceae,Alnus,matsumurae,,Japan,,
28520,Gracillariidae,Phyllonorycter,maculata,,Kumata,Betulaceae,Alnus,matsumurae,,Japan,,
28613,Gracillariidae,Phyllonorycter,nepalensis,,Kumata,Betulaceae,Alnus,nepalensis,,Japan,,
13148,Geometridae,Aethalura,ignobilis,,Butler,Betulaceae,Alnus,pendula,,Japan,,
14565,Geometridae,Cabera,purus,,Butler,Betulaceae,Alnus,pendula,,Japan,,
19551,Geometridae,Hypomecis,punctinalis,,Scopoli,Betulaceae,Alnus,pendula,,Japan,,
20256,Geometridae,Jodis,urosticta,,Prout,Betulaceae,Alnus,pendula,,Japan,,
21970,Geometridae,Ourapteryx,obtusicauda,,Warren,Betulaceae,Alnus,pendula,,Japan,,
23195,Geometridae,Pseuderannis,lomozemia,,Prout,Betulaceae,Alnus,pendula,,Japan,,
26265,Gracillariidae,Caloptilia,pulverea,,Kumata,Betulaceae,Alnus,serrulatoides,,Japan,,
118882,Sesiidae,Synanthedon,multitarsus,,Spatenka & Arita,Betulaceae,Alnus,serrulatoides,,Japan,in branches/stems,
118883,Sesiidae,Synanthedon,multitarsus,,Spatenka & Arita,Betulaceae,Alnus,serrulatoides,,Japan,in branches/trunk,
119008,Sesiidae,Synanthedon,psudoscoliaeforme,,Spatenka & Arita,Betulaceae,Alnus,serrulatoides,,Japan,in branches/stems,
119172,Sesiidae,Synanthedon,tenue,,Butler,Betulaceae,Alnus,serrulatoides,,Japan,in small trunks,
41518,Lycaenidae,Jamides,alecto,,Felder,Zingiberaceae,Alpinia,,,Japan,on flower buds,
14033,Geometridae,Ascotis,selenaria,,Denis & Schiff.,Compositae,Ambrosia,artemisiifolia,elatior,Japan,,
46129,Lymantriidae,Euproctis,pulverea,,Leech,Rosaceae,Amelanchier,asiatica,,Japan,,
78051,Notodontidae,Wilemanus,bidentatus,,Wileman,Rosaceae,Amelanchier,asiatica,,Japan,,
118320,Sesiidae,Nokona,purpurea,,Yano,Vitaceae,Ampelopsis,brevipedunculata,,Japan,in stems,
24738,Geometridae,Thinopteryx,crocoptera,,Kollar,Vitaceae,Ampelopsis,brevipedunculata,,Japan,,
27199,Gracillariidae,Hyloconis,puerariae,,Kumata,Leguminosae (P),Amphicarpaea,bracteata,,Japan,,
27213,Gracillariidae,Leucospilapteryx,anaphalidis,,Kumata,Compositae,Anaphalis,margaritacea,,Japan,,
13036,Geometridae,Abraxas,grossulariata,,Linnaeus,Ericaceae,Andromeda,subsessilis,,Japan,,
134707,Tortricidae,Lobesia,virulenta,,Bae & Komai,Umbelliferae,Angelica,,,Japan,,
134713,Tortricidae,Lobesia,virulenta,,Bae & Komai,Umbelliferae,Angelica,,,Japan,on leaves,
77292,Notodontidae,Phalera,angustipennis,,Matsumura,Ulmaceae,Aphananthe,aspera,,Japan,,
16296,Geometridae,Ectropis,excellens,,Butler,Araliaceae,Aralia,elata,,Japan,,
16350,Geometridae,Ectropis,obliqua,,Prout,Araliaceae,Aralia,elata,,Japan,,
18991,Geometridae,Hemithea,aestivaria,,Hübner,Araliaceae,Aralia,elata,,Japan,,
22628,Geometridae,Phthonosema,invenustaria,,Leech,Araliaceae,Aralia,elata,,Japan,,
127120,Tortricidae,Archips,insulanus,,Kawabe,Compositae,Arctium,lappa,,Japan,,
134719,Tortricidae,Lobesia,yasudai,,Bae & Komai,Compositae,Arctium,lappa,,Japan,,
5405,Choreutidae,Tebenna,isshikii,,Matsumura,Compositae,Arctium,lappa,,Japan,,
89080,Nymphalidae,Vanessa,cardui,,Linnaeus,Compositae,Arctium,lappa,,Japan,,
127541,Tortricidae,Archips,peratratus,,Yasuda,Myrsinaceae,Ardisia,sieboldii,,Japan,,
42511,Lycaenidae,Nacaduba,kurava,,Moore,Myrsinaceae,Ardisia,sieboldii,,Japan,,
42515,Lycaenidae,Nacaduba,kurava,,Moore,Myrsinaceae,Ardisia,sieboldii,,Japan,on buds/leaves,
94208,Papilionidae,Parides,alcinous,,Klug,Aristolochiaceae,Aristolochia,,,Japan,,
92037,Papilionidae,Atrophaneura,alcinous,,Klug,Aristolochiaceae,Aristolochia,debilis,,Japan,on leaves,
94449,Papilionidae,Sericinus,montela,,Gray,Aristolochiaceae,Aristolochia,debilis,,Japan,,
94498,Papilionidae,Troides,aeacus,,Felder & Felder,Aristolochiaceae,Aristolochia,debilis,,Japan,,Y
94504,Papilionidae,Troides,aeacus,,Felder & Felder,Aristolochiaceae,Aristolochia,kaempferi,,Japan,,Y
96840,Pieridae,Pieris,melete,,Ménétriés,Cruciferae,Armoracia,rusticana,,Japan,,
125636,Tortricidae,Adoxophyes,sp.,,,Compositae,Artemisia,,,Japan,,
127109,Tortricidae,Archips,ingentanus,,Christoph,Compositae,Artemisia,,,Japan,,
127775,Tortricidae,Archips,semistructa,,Meyrick,Compositae,Artemisia,,,Japan,,
129957,Tortricidae,Cochylidia,richteriana,,Fischer v. Rösl.,Compositae,Artemisia,,,Japan,,
130101,Tortricidae,Cornicacoecia,lafauryana,,Ragonot,Compositae,Artemisia,,,Japan,,
27215,Gracillariidae,Leucospilapteryx,omissella,,Stainton,Compositae,Artemisia,,,Japan,,
42853,Lycaenidae,Plebejus,argus,,Linnaeus,Compositae,Artemisia,,,Japan,,
24735,Geometridae,Thetidia,smaragdaria,,Fabricius,Compositae,Artemisia,,,Japan,,
126402,Tortricidae,Aphelia,inumbratana,,Christoph,Compositae,Artemisia,montana,,Japan,,
129689,Tortricidae,Cnephasia,cinereipalpana,,Razowski,Compositae,Artemisia,montana,,Japan,,
6348,Coleophoridae,Coleophora,yomogiella,,Oku,Compositae,Artemisia,montana,,Japan,,
130102,Tortricidae,Cornicacoecia,lafauryana,,Ragonot,Compositae,Artemisia,montana,,Japan,,
27217,Gracillariidae,Leucospilapteryx,omissella,,Stainton,Compositae,Artemisia,montana,,Japan,,
127777,Tortricidae,Archips,semistructa,,Meyrick,Compositae,Artemisia,princeps,,Japan,,
14668,Geometridae,Carige,scutilimbata,,Prout,Compositae,Artemisia,princeps,,Japan,on leaves,
129690,Tortricidae,Cnephasia,cinereipalpana,,Razowski,Compositae,Artemisia,princeps,,Japan,,
5856,Coleophoridae,Coleophora,kurokoi,,Oku,Compositae,Artemisia,princeps,,Japan,,
6349,Coleophoridae,Coleophora,yomogiella,,Oku,Compositae,Artemisia,princeps,,Japan,,
10918,Gelechiidae,Dichomeris,rasilella,,Herrich-Schäffer,Compositae,Artemisia,princeps,,Japan,,
27218,Gracillariidae,Leucospilapteryx,omissella,,Stainton,Compositae,Artemisia,princeps,,Japan,,
14035,Geometridae,Ascotis,selenaria,,Denis & Schiff.,Compositae,Artemisia,vulgaris,,Japan,,
24731,Geometridae,Thetidia,albocostaria,,Bremer,Compositae,Artemisia,vulgaris,,Japan,,
85617,Nymphalidae,Lethe,callipteris,,Butler,Gramineae,Arundinaria,,,Japan,,
85631,Nymphalidae,Lethe,diana,,Butler,Gramineae,Arundinaria,,,Japan,,
85677,Nymphalidae,Lethe,sicelis,,Hewitson,Gramineae,Arundinaria,,,Japan,,
86586,Nymphalidae,Neope,goschkevitschii,,Ménétriés,Gramineae,Arundinaria,,,Japan,,
86587,Nymphalidae,Neope,goschkevitschii,,Ménétriés,Gramineae,Arundinaria,chino,,Japan,,
85639,Nymphalidae,Lethe,europa,,Fabricius,Gramineae,Arundinaria,linearis,,Japan,,
92491,Papilionidae,Luehdorfia,japonica,,Leech,Aristolochiaceae,Asarum,albivenium,,Japan,,
92492,Papilionidae,Luehdorfia,japonica,,Leech,Aristolochiaceae,Asarum,asperum,,Japan,,
92493,Papilionidae,Luehdorfia,japonica,,Leech,Aristolochiaceae,Asarum,blumei,,Japan,,
92494,Papilionidae,Luehdorfia,japonica,,Leech,Aristolochiaceae,Asarum,caulescens,,Japan,,
92495,Papilionidae,Luehdorfia,japonica,,Leech,Aristolochiaceae,Asarum,curvistigma,,Japan,,
92496,Papilionidae,Luehdorfia,japonica,,Leech,Aristolochiaceae,Asarum,fauriei,,Japan,,
92511,Papilionidae,Luehdorfia,puziloi,,Erschoff,Aristolochiaceae,Asarum,fauriei,,Japan,,
92513,Papilionidae,Luehdorfia,puziloi,,Erschoff,Aristolochiaceae,Asarum,heterotropoides,,Japan,,
92497,Papilionidae,Luehdorfia,japonica,,Leech,Aristolochiaceae,Asarum,hexalobum,,Japan,,
92498,Papilionidae,Luehdorfia,japonica,,Leech,Aristolochiaceae,Asarum,kooyanum,brachypodium,Japan,,
92499,Papilionidae,Luehdorfia,japonica,,Leech,Aristolochiaceae,Asarum,kooyanum,nipponicum,Japan,,
92500,Papilionidae,Luehdorfia,japonica,,Leech,Aristolochiaceae,Asarum,kooyanum,rigescens,Japan,,
92501,Papilionidae,Luehdorfia,japonica,,Leech,Aristolochiaceae,Asarum,kurosawae,,Japan,,
92502,Papilionidae,Luehdorfia,japonica,,Leech,Aristolochiaceae,Asarum,megacalyx,,Japan,,
92515,Papilionidae,Luehdorfia,puziloi,,Erschoff,Aristolochiaceae,Asarum,megacalyx,,Japan,,
92503,Papilionidae,Luehdorfia,japonica,,Leech,Aristolochiaceae,Asarum,nipponicum,,Japan,,
92504,Papilionidae,Luehdorfia,japonica,,Leech,Aristolochiaceae,Asarum,sieboldii,,Japan,,
92517,Papilionidae,Luehdorfia,puziloi,,Erschoff,Aristolochiaceae,Asarum,sieboldii,,Japan,,
92505,Papilionidae,Luehdorfia,japonica,,Leech,Aristolochiaceae,Asarum,takaoi,,Japan,,
92506,Papilionidae,Luehdorfia,japonica,,Leech,Aristolochiaceae,Asarum,takaoi,hisauchii,Japan,,
92521,Papilionidae,Luehdorfia,puziloi,,Erschoff,Aristolochiaceae,Asarum,takaoi,,Japan,,
92507,Papilionidae,Luehdorfia,japonica,,Leech,Aristolochiaceae,Asarum,tamaense,,Japan,,
92508,Papilionidae,Luehdorfia,japonica,,Leech,Aristolochiaceae,Asarum,yoshikawae,,Japan,,
25831,Gracillariidae,Aristaea,asteris,,Kumata,Compositae,Aster,ageratoides,,Japan,,
25832,Gracillariidae,Aristaea,issikii,,Kumata,Compositae,Aster,ageratoides,,Japan,,
25838,Gracillariidae,Aristaea,pavoniella,,Zeller,Compositae,Aster,ageratoides,,Japan,,
21578,Geometridae,Nyssiodes,lefuarius,,Erschoff,Compositae,Aster,ageratoides,,Japan,,
16297,Geometridae,Ectropis,excellens,,Butler,Compositae,Aster,fastigiatus,,Japan,,
21579,Geometridae,Nyssiodes,lefuarius,,Erschoff,Compositae,Aster,fastigiatus,,Japan,,
25841,Gracillariidae,Aristaea,pavoniella,,Zeller,Compositae,Aster,glehnii,,Japan,,
25842,Gracillariidae,Aristaea,pavoniella,,Zeller,Compositae,Aster,scaber,,Japan,,
23245,Geometridae,Psyra,bluethgeni,,Püngeler,Saxifragaceae,Astilbe,chinensis,,Japan,,
132153,Tortricidae,Epinotia,contrariana,,Christoph,Saxifragaceae,Astilbe,microphylla,,Japan,,
132849,Tortricidae,Eucosma,contrariana,,Christoph,Saxifragaceae,Astilbe,microphylla,,Japan,,
135340,Tortricidae,Olethreutes,siderana,,Treitschke,Saxifragaceae,Astilbe,microphylla,,Japan,,
135341,Tortricidae,Olethreutes,siderana,,Treitschke,Saxifragaceae,Astilbe,pedunculata,,Japan,,
135342,Tortricidae,Olethreutes,siderana,,Treitschke,Saxifragaceae,Astilbe,thunbergii,,Japan,,
42147,Lycaenidae,Lycaeides,cleobis,,Bremer,Leguminosae (P),Astragalus,membranaceus,,Japan,,
103770,Pyralidae,Elophila,nigralbalis,,Caradja,Azollaceae,Azolla,pinnata,asiatica,Japan,,
101677,Pyralidae,Circobotys,aurealis,,Leech,Gramineae,Bambusa,,,Japan,,
107813,Pyralidae,Paratalanta,pandalis,,Hübner,Gramineae,Bambusa,,,Japan,,
109253,Pyralidae,Sinibotys,evenoralis,,Walker,Gramineae,Bambusa,,,Japan,,
85641,Nymphalidae,Lethe,europa,,Fabricius,Gramineae,Bambusa,multiplex,multiplex,Japan,,
85642,Nymphalidae,Lethe,europa,,Fabricius,Gramineae,Bambusa,oldhamii,,Japan,,
25852,Gracillariidae,Callicercops,yakusimensis,,Kumata & Kuroko,Leguminosae (C),Bauhinia,japonica,,Japan,,
79354,Nymphalidae,Athyma,opalina,,Kollar,Berberidaceae,Berberis,aristata,,Japan,,
79356,Nymphalidae,Athyma,opalina,,Kollar,Berberidaceae,Berberis,lycium,,Japan,,
79358,Nymphalidae,Athyma,opalina,,Kollar,Berberidaceae,Berberis,nepalensis,,Japan,,
13880,Geometridae,Apochima,juglansiaria,,Graeser,Rhamnaceae,Berchemia,floribunda,floribunda,Japan,,
22203,Geometridae,Parepione,grata,,Butler,Rhamnaceae,Berchemia,floribunda,floribunda,Japan,,
96194,Pieridae,Eurema,hecabe,,Linnaeus,Rhamnaceae,Berchemia,lineata,,Japan,on leaves,
126564,Tortricidae,Apotomis,geminata,,Walsingham,Betulaceae,Betula,,,Japan,,
76001,Notodontidae,Cnethodonta,grisescens,,Staudinger,Betulaceae,Betula,,,Japan,,
76396,Notodontidae,Epinotodonta,fumosa,,Matsumura,Betulaceae,Betula,,,Japan,,
76564,Notodontidae,Hagapteryx,admirabilis,,Staudinger,Betulaceae,Betula,,,Japan,,
76742,Notodontidae,Hexafrenum,leucodera,,Staudinger,Betulaceae,Betula,,,Japan,,
20457,Geometridae,Larerannis,miracula,,Prout,Betulaceae,Betula,,,Japan,,
76799,Notodontidae,Leucodonta,bicoloria,,Denis & Schiff.,Betulaceae,Betula,,,Japan,,
134956,Tortricidae,Metendothenia,atropunctana,,Zetterstedt,Betulaceae,Betula,,,Japan,,
77120,Notodontidae,Notodonta,stigmatica,,Matsumura,Betulaceae,Betula,,,Japan,,
87088,Nymphalidae,Nymphalis,vau-album,,Denis & Schiff.,Betulaceae,Betula,,,Japan,,
77188,Notodontidae,Odontosia,sieversii,,Ménétriés,Betulaceae,Betula,,,Japan,,
77415,Notodontidae,Pheosia,fusiformis,,Matsumura,Betulaceae,Betula,,,Japan,,
77887,Notodontidae,Stauropus,fagi,,Linnaeus,Betulaceae,Betula,,,Japan,,
14254,Geometridae,Biston,betularia,,Linnaeus,Betulaceae,Betula,ermanii,,Japan,,
25970,Gracillariidae,Caloptilia,bicolor,,Ermolaev,Betulaceae,Betula,ermanii,,Japan,,
15711,Geometridae,Cusiala,stipitaria,,Oberthür,Betulaceae,Betula,ermanii,,Japan,,
18766,Geometridae,Geometra,papilionaria,,Linnaeus,Betulaceae,Betula,ermanii,,Japan,,
19968,Geometridae,Inurois,tenuis,,Butler,Betulaceae,Betula,ermanii,,Japan,,
118312,Sesiidae,Milisipepsis,takizawai,,Arita & Spatenka,Betulaceae,Betula,ermanii,,Japan,in twigs,
21622,Geometridae,Odontopera,bidentata,,Clerck,Betulaceae,Betula,ermanii,,Japan,,
22191,Geometridae,Parectropis,extersaria,,Hübner,Betulaceae,Betula,ermanii,,Japan,,
28092,Gracillariidae,Phyllonorycter,cavella,,Zeller,Betulaceae,Betula,ermanii,,Japan,,
28235,Gracillariidae,Phyllonorycter,dakekanbae,,Kumata,Betulaceae,Betula,ermanii,,Japan,,
28295,Gracillariidae,Phyllonorycter,ermani,,Kumata,Betulaceae,Betula,ermanii,,Japan,,
23508,Geometridae,Scionomia,parasinuosa,,Inoue,Betulaceae,Betula,ermanii,,Japan,,
25971,Gracillariidae,Caloptilia,bicolor,,Ermolaev,Betulaceae,Betula,grossa,,Japan,,
16914,Geometridae,Erannis,golda,,Butler,Betulaceae,Betula,grossa,,Japan,,
18994,Geometridae,Hemithea,aestivaria,,Hübner,Betulaceae,Betula,grossa,,Japan,,
16915,Geometridae,Erannis,golda,,Butler,Betulaceae,Betula,maximowicziana,,Japan,,
20645,Geometridae,Lycia,hirtaria,,Clerck,Betulaceae,Betula,maximowicziana,,Japan,,
23507,Geometridae,Scionomia,mendica,,Butler,Betulaceae,Betula,maximowicziana,,Japan,,
125129,Tortricidae,Acleris,submaccana,,Filipjev,Betulaceae,Betula,platyphylla,,Japan,,
13677,Geometridae,Angerona,nigrisparsa,,Butler,Betulaceae,Betula,platyphylla,,Japan,,
13942,Geometridae,Archiearis,parthenias,,Linnaeus,Betulaceae,Betula,platyphylla,,Japan,,
127003,Tortricidae,Archips,fuscocupreanus,,Walsingham,Betulaceae,Betula,platyphylla,,Japan,,
25965,Gracillariidae,Caloptilia,betulicola,,Hering,Betulaceae,Betula,platyphylla,,Japan,,
26431,Gracillariidae,Caloptilia,stigmatella,,Fabricius,Betulaceae,Betula,platyphylla,,Japan,,
16298,Geometridae,Ectropis,excellens,,Butler,Betulaceae,Betula,platyphylla,,Japan,,
16916,Geometridae,Erannis,golda,,Butler,Betulaceae,Betula,platyphylla,,Japan,,
18768,Geometridae,Geometra,papilionaria,,Linnaeus,Betulaceae,Betula,platyphylla,,Japan,,
18995,Geometridae,Hemithea,aestivaria,,Hübner,Betulaceae,Betula,platyphylla,,Japan,,
20647,Geometridae,Lycia,hirtaria,,Clerck,Betulaceae,Betula,platyphylla,,Japan,,
118313,Sesiidae,Milisipepsis,takizawai,,Arita & Spatenka,Betulaceae,Betula,platyphylla,,Japan,in twigs,
77089,Notodontidae,Notodonta,dembowskii,,Oberthür,Betulaceae,Betula,platyphylla,,Japan,,
91745,Opostegidae,Opostegoides,minodensis,,Kuroko,Betulaceae,Betula,platyphylla,japonica,Japan,in cambium,
22192,Geometridae,Parectropis,extersaria,,Hübner,Betulaceae,Betula,platyphylla,,Japan,,
27511,Gracillariidae,Parornix,betulae,,Stainton,Betulaceae,Betula,platyphylla,,Japan,,
28093,Gracillariidae,Phyllonorycter,cavella,,Zeller,Betulaceae,Betula,platyphylla,,Japan,,
28236,Gracillariidae,Phyllonorycter,dakekanbae,,Kumata,Betulaceae,Betula,platyphylla,,Japan,,
28419,Gracillariidae,Phyllonorycter,issikii,,Kumata,Betulaceae,Betula,platyphylla,,Japan,,
29044,Gracillariidae,Phyllonorycter,ulmifoliella,,Hübner,Betulaceae,Betula,platyphylla,,Japan,,
119096,Sesiidae,Synanthedon,scoliaeforme,japonicum,Spatenka & Arita,Betulaceae,Betula,platyphylla,,Japan,in trunks,
61742,Noctuidae,Hadjina,biguttula,,Motschulsky,Compositae,Bidens,,,Japan,,
79118,Nymphalidae,Araschnia,burejana,,Bremer,Urticaceae,Boehmeria,,,Japan,,
63115,Noctuidae,Hypena,amica,,Butler,Urticaceae,Boehmeria,,,Japan,,
89386,Nymphalidae,Vanessa,indica,,Herbst,Urticaceae,Boehmeria,longispica,,Japan,,
49061,Lyonetiidae,Lyonetia,boehmeriella,,Kuroko,Urticaceae,Boehmeria,nivea,nipononivea,Japan,,
79119,Nymphalidae,Araschnia,burejana,,Bremer,Urticaceae,Boehmeria,spicata,,Japan,,
19149,Geometridae,Heterophleps,fusca,,Butler,Urticaceae,Boehmeria,spicata,,Japan,on leaves,
49062,Lyonetiidae,Lyonetia,boehmeriella,,Kuroko,Urticaceae,Boehmeria,spicata,,Japan,,
13116,Geometridae,Acrodontis,sp. A,,,Cornaceae,Bothrocaryum,controversum,,Japan,,
127856,Tortricidae,Archips,xylosteana,,Linnaeus,Cornaceae,Bothrocaryum,controversum,,Japan,,
14036,Geometridae,Ascotis,selenaria,,Denis & Schiff.,Cornaceae,Bothrocaryum,controversum,,Japan,,
14433,Geometridae,Biston,robustus,,Butler,Cornaceae,Bothrocaryum,controversum,,Japan,,
39329,Lycaenidae,Celastrina,sugitanii,,Matsumura,Cornaceae,Bothrocaryum,controversum,,Japan,on flower buds,
15850,Geometridae,Descoreba,simplex,,Butler,Cornaceae,Bothrocaryum,controversum,,Japan,,
16164,Geometridae,Ectropis,bistortata,,Goeze,Cornaceae,Bothrocaryum,controversum,,Japan,,
18707,Geometridae,Garaeus,specularis,,Moore,Cornaceae,Bothrocaryum,controversum,,Japan,,
133756,Tortricidae,Gypsonoma,bifasciata,,Kuznetsov,Cornaceae,Bothrocaryum,controversum,,Japan,,
46373,Lymantriidae,Ivela,auripes,,Butler,Cornaceae,Bothrocaryum,controversum,,Japan,,
21602,Geometridae,Odontopera,arida,,Butler,Cornaceae,Bothrocaryum,controversum,,Japan,,
22043,Geometridae,Pachyligia,dolosa,,Butler,Cornaceae,Bothrocaryum,controversum,,Japan,,
10871,Gelechiidae,Dichomeris,oceanis,,Meyrick,Cruciferae,Brassica,oleracea,capitata,Japan,,
14864,Geometridae,Chlorissa,anadema,,Prout,Moraceae,Broussonetia,kazinoki,,Japan,,
22848,Geometridae,Planociampa,antipala,,Prout,Moraceae,Broussonetia,kazinoki,,Japan,,
26282,Gracillariidae,Caloptilia,recitata,,Meyrick,Simaroubaceae,Brucea,javanica,,Japan,,
26308,Gracillariidae,Caloptilia,rhois,,Kumata,Simaroubaceae,Brucea,javanica,,Japan,,
27153,Gracillariidae,Eteoryctis,deversa,,Meyrick,Simaroubaceae,Brucea,javanica,,Japan,,
19554,Geometridae,Hypomecis,punctinalis,,Scopoli,Santalaceae,Buckleya,lanceolata,,Japan,,
102853,Pyralidae,Diaphania,perspectalis,,Walker,Buxaceae,Buxus,microphylla,,Japan,,
134720,Tortricidae,Lobesia,yasudai,,Bae & Komai,Compositae,Cacalia,hastata,,Japan,,
96201,Pieridae,Eurema,hecabe,,Linnaeus,Leguminosae (C),Caesalpinia,decapetala,,Japan,on leaves,
25990,Gracillariidae,Caloptilia,callicarpae,,Kumata,Verbenaceae,Callicarpa,,,Japan,,
25991,Gracillariidae,Caloptilia,callicarpae,,Kumata,Verbenaceae,Callicarpa,japonica,,Japan,,
25992,Gracillariidae,Caloptilia,callicarpae,,Kumata,Verbenaceae,Callicarpa,japonica,luxurians,Japan,,
72422,Noctuidae,Sugitania,lepida,,Butler,Theaceae,Camellia,,,Japan,,
25424,Gracillariidae,Acrocercops,distylii,,Kumata & Kuroko,Theaceae,Camellia,japonica,,Japan,,
13256,Geometridae,Alcis,angulifera,,Butler,Theaceae,Camellia,japonica,,Japan,,
13881,Geometridae,Apochima,juglansiaria,,Graeser,Theaceae,Camellia,japonica,,Japan,,
127542,Tortricidae,Archips,peratratus,,Yasuda,Theaceae,Camellia,japonica,,Japan,,
14434,Geometridae,Biston,robustus,,Butler,Theaceae,Camellia,japonica,,Japan,,
26500,Gracillariidae,Caloptilia,theivora,,Walsingham,Theaceae,Camellia,japonica,,Japan,,
15851,Geometridae,Descoreba,simplex,,Butler,Theaceae,Camellia,japonica,,Japan,,
16165,Geometridae,Ectropis,bistortata,,Goeze,Theaceae,Camellia,japonica,,Japan,,
134194,Tortricidae,Homona,magnanima,,Diakonoff,Theaceae,Camellia,japonica,,Japan,,
76879,Notodontidae,Mesophalera,sigmata,,Butler,Theaceae,Camellia,japonica,,Japan,,
21198,Geometridae,Myrteta,sericea,,Butler,Theaceae,Camellia,japonica,,Japan,,
21201,Geometridae,Myrteta,tinagmaria,,Guenée,Theaceae,Camellia,japonica,,Japan,,
21603,Geometridae,Odontopera,arida,,Butler,Theaceae,Camellia,japonica,,Japan,,
18996,Geometridae,Hemithea,aestivaria,,Hübner,Theaceae,Camellia,rusticana,,Japan,,
21971,Geometridae,Ourapteryx,obtusicauda,,Warren,Theaceae,Camellia,rusticana,,Japan,,
26501,Gracillariidae,Caloptilia,theivora,,Walsingham,Theaceae,Camellia,sasanqua,,Japan,,
125637,Tortricidae,Adoxophyes,sp.,,,Theaceae,Camellia,sinensis,,Japan,,
14037,Geometridae,Ascotis,selenaria,,Denis & Schiff.,Theaceae,Camellia,sinensis,,Japan,,
14429,Geometridae,Biston,robustum,,Butler,Theaceae,Camellia,sinensis,,Japan,,
14435,Geometridae,Biston,robustus,,Butler,Theaceae,Camellia,sinensis,,Japan,,
26503,Gracillariidae,Caloptilia,theivora,,Walsingham,Theaceae,Camellia,sinensis,,Japan,,
15904,Geometridae,Diplodesma,ussuriaria,,Bremer,Theaceae,Camellia,sinensis,,Japan,,
19136,Geometridae,Heterarmia,charon,,Butler,Theaceae,Camellia,sinensis,,Japan,,
134196,Tortricidae,Homona,magnanima,,Diakonoff,Theaceae,Camellia,sinensis,,Japan,,
20202,Geometridae,Jankowskia,fuscaria,,Leech,Theaceae,Camellia,sinensis,,Japan,,
20207,Geometridae,Jankowskia,pseudathleta,,Sato,Theaceae,Camellia,sinensis,,Japan,,
134508,Tortricidae,Lobesia,aeolopa,,Meyrick,Theaceae,Camellia,sinensis,,Japan,,
134560,Tortricidae,Lobesia,aeolopa,,Meyrick,Theaceae,Camellia,sinensis,,Japan,on leaves,
20826,Geometridae,Megabiston,plumosaria,,Leech,Theaceae,Camellia,sinensis,,Japan,,
98266,Psychidae,Megalophanes,viciella,,Denis & Schiff.,Theaceae,Camellia,sinensis,,Japan,,
21604,Geometridae,Odontopera,arida,,Butler,Theaceae,Camellia,sinensis,,Japan,,
21614,Geometridae,Odontopera,aurata,,Prout,Theaceae,Camellia,sinensis,,Japan,,
21650,Geometridae,Odontopera,obliquaria,,Moore,Theaceae,Camellia,sinensis,,Japan,,
41535,Lycaenidae,Jamides,bochus,,Stoll,Leguminosae (P),Canavalia,cathartica,,Japan,,
86632,Nymphalidae,Neptis,hylas,,Linnaeus,Leguminosae (P),Canavalia,cathartica,,Japan,,
41536,Lycaenidae,Jamides,bochus,,Stoll,Leguminosae (P),Canavalia,rosea,,Japan,,
41560,Lycaenidae,Jamides,bochus,,Stoll,Leguminosae (P),Canavalia,rosea,,Japan,on flowers/fruits,
125677,Tortricidae,Aethes,cnicana,,Westwood,Compositae,Carduus,,,Japan,,
82717,Nymphalidae,Erebia,ligea,,Linnaeus,Cyperaceae,Carex,,,Japan,,
82750,Nymphalidae,Erebia,niphonica,,Janson,Cyperaceae,Carex,,,Japan,,
31309,Hesperiidae,Hesperia,comma,,Linnaeus,Cyperaceae,Carex,,,Japan,,
87163,Nymphalidae,Oeneis,jutta,,Hübner,Cyperaceae,Carex,,,Japan,,
87476,Nymphalidae,Pararge,schrenkii,,Ménétriés,Cyperaceae,Carex,,,Japan,,
82751,Nymphalidae,Erebia,niphonica,,Janson,Cyperaceae,Carex,conica,,Japan,,
87465,Nymphalidae,Pararge,epimenides,,Ménétriés,Cyperaceae,Carex,dispalata,,Japan,,
87467,Nymphalidae,Pararge,epimenides,,Ménétriés,Cyperaceae,Carex,japonica,,Japan,,
87468,Nymphalidae,Pararge,epimenides,,Ménétriés,Cyperaceae,Carex,lanceolata,,Japan,,
82752,Nymphalidae,Erebia,niphonica,,Janson,Cyperaceae,Carex,multifolia,,Japan,,
87141,Nymphalidae,Oeneis,asamana,,Matsumura,Cyperaceae,Carex,oxyandra,,Japan,,
82753,Nymphalidae,Erebia,niphonica,,Janson,Cyperaceae,Carex,pisiformis,,Japan,,
82754,Nymphalidae,Erebia,niphonica,,Janson,Cyperaceae,Carex,reinii,,Japan,,
82755,Nymphalidae,Erebia,niphonica,,Janson,Cyperaceae,Carex,shimidzensis,,Japan,,
76002,Notodontidae,Cnethodonta,grisescens,,Staudinger,Corylaceae,Carpinus,,,Japan,,
76565,Notodontidae,Hagapteryx,admirabilis,,Staudinger,Corylaceae,Carpinus,,,Japan,,
76743,Notodontidae,Hexafrenum,leucodera,,Staudinger,Corylaceae,Carpinus,,,Japan,,
76751,Notodontidae,Himeropteryx,miraculosa,,Staudinger,Corylaceae,Carpinus,,,Japan,,
76857,Notodontidae,Lophocosma,atriplaga,,Staudinger,Corylaceae,Carpinus,,,Japan,,
77888,Notodontidae,Stauropus,fagi,,Linnaeus,Corylaceae,Carpinus,,,Japan,,
15677,Geometridae,Cryptochorina,amphidasyaria,,Oberthür,Corylaceae,Carpinus,cordata,,Japan,,
16917,Geometridae,Erannis,golda,,Butler,Corylaceae,Carpinus,cordata,,Japan,,
22193,Geometridae,Parectropis,extersaria,,Hübner,Corylaceae,Carpinus,cordata,,Japan,,
29026,Gracillariidae,Phyllonorycter,turugisana,,Kumata,Corylaceae,Carpinus,cordata,,Japan,,
124631,Tortricidae,Acleris,delicatana,,Christoph,Corylaceae,Carpinus,japonica,,Japan,,
13341,Geometridae,Alsophila,japonensis,,Warren,Corylaceae,Carpinus,japonica,,Japan,,
16441,Geometridae,Endropiodes,sp. B,,,Corylaceae,Carpinus,japonica,,Japan,,
19951,Geometridae,Inurois,punctigera,,Prout,Corylaceae,Carpinus,japonica,,Japan,,
20219,Geometridae,Jodis,lactearia,,Linnaeus,Corylaceae,Carpinus,japonica,,Japan,,
20241,Geometridae,Jodis,putata,,Linnaeus,Corylaceae,Carpinus,japonica,,Japan,,
20449,Geometridae,Larerannis,filipjevi,,Wehrli,Corylaceae,Carpinus,japonica,,Japan,,
22044,Geometridae,Pachyligia,dolosa,,Butler,Corylaceae,Carpinus,japonica,,Japan,,
77540,Notodontidae,Ptilophora,nohirae,,Matsumura,Corylaceae,Carpinus,japonica,,Japan,,
119174,Sesiidae,Synanthedon,tenue,,Butler,Corylaceae,Carpinus,japonica,,Japan,in trunks,
13342,Geometridae,Alsophila,japonensis,,Warren,Corylaceae,Carpinus,laxiflora,,Japan,,
15787,Geometridae,Cystidia,couaggaria,,Guenée,Corylaceae,Carpinus,laxiflora,,Japan,,
18997,Geometridae,Hemithea,aestivaria,,Hübner,Corylaceae,Carpinus,laxiflora,,Japan,,
19555,Geometridae,Hypomecis,punctinalis,,Scopoli,Corylaceae,Carpinus,laxiflora,,Japan,,
19952,Geometridae,Inurois,punctigera,,Prout,Corylaceae,Carpinus,laxiflora,,Japan,,
28085,Gracillariidae,Phyllonorycter,carpini,,Kumata,Corylaceae,Carpinus,laxiflora,,Japan,,
28430,Gracillariidae,Phyllonorycter,japonica,,Kumata,Corylaceae,Carpinus,laxiflora,,Japan,,
29027,Gracillariidae,Phyllonorycter,turugisana,,Kumata,Corylaceae,Carpinus,laxiflora,,Japan,,
22857,Geometridae,Planociampa,modesta,,Butler,Corylaceae,Carpinus,laxiflora,,Japan,,
24906,Geometridae,Wilemania,nitobei,,Nitobe,Corylaceae,Carpinus,laxiflora,,Japan,,
28380,Gracillariidae,Phyllonorycter,hikosana,,Kumata,Corylaceae,Carpinus,tschonoskii,,Japan,,
28431,Gracillariidae,Phyllonorycter,japonica,,Kumata,Corylaceae,Carpinus,tschonoskii,,Japan,,
118555,Sesiidae,Sesia,molybdoceps,,Hampson,Juglandaceae,Carya,illinoinensis,,Japan,in trunks,
118574,Sesiidae,Sesia,scribai,,Bartel,Juglandaceae,Carya,illinoinensis,,Japan,in trunks,
95119,Pieridae,Catopsilia,pyranthe,,Linnaeus,Leguminosae (C),Cassia,fistula,,Japan,,
96204,Pieridae,Eurema,hecabe,,Linnaeus,Leguminosae (C),Cassia,fistula,,Japan,on leaves,
127857,Tortricidae,Archips,xylosteana,,Linnaeus,Fagaceae,Castanea,,,Japan,,
45090,Lymantriidae,Calliteara,lunulata,,Butler,Fagaceae,Castanea,,,Japan,,
77889,Notodontidae,Stauropus,fagi,,Linnaeus,Fagaceae,Castanea,,,Japan,,
89638,Oecophoridae,Acria,ceramitis,,Meyrick,Fagaceae,Castanea,crenata,,Japan,on leaves,
13111,Geometridae,Acrodontis,kotshubeji,,Sheljuzhko,Fagaceae,Castanea,crenata,,Japan,on leaves,
13117,Geometridae,Acrodontis,sp. A,,,Fagaceae,Castanea,crenata,,Japan,,
110333,Saturniidae,Actias,artemis,,Bremer & Grey,Fagaceae,Castanea,crenata,,Japan,on leaves,
110338,Saturniidae,Actias,gnoma,,Butler,Fagaceae,Castanea,crenata,,Japan,on leaves,Y
125518,Tortricidae,Adoxophyes,orana,,Fischer v. Rösl.,Fagaceae,Castanea,crenata,,Japan,on leaves,
110641,Saturniidae,Aglia,tau,,Linnaeus,Fagaceae,Castanea,crenata,,Japan,on leaves,
8253,Drepanidae,Agnidra,scabiosa,,Butler,Fagaceae,Castanea,crenata,,Japan,on leaves,
13228,Geometridae,Agriopis,dira,,Butler,Fagaceae,Castanea,crenata,,Japan,on leaves,
13235,Geometridae,Agriopis,leucophaearia,,Denis & Schiff.,Fagaceae,Castanea,crenata,,Japan,,
100509,Pyralidae,Agrotera,nemoralis,,Scopoli,Fagaceae,Castanea,crenata,,Japan,on leaves,
13257,Geometridae,Alcis,angulifera,,Butler,Fagaceae,Castanea,crenata,,Japan,,
13277,Geometridae,Alcis,angulifera,,Butler,Fagaceae,Castanea,crenata,,Japan,on leaves,
54323,Noctuidae,Amphipyra,monolitha,,Guenée,Fagaceae,Castanea,crenata,,Japan,on leaves,
100665,Pyralidae,Anartula,melanophia,,Staudinger,Fagaceae,Castanea,crenata,,Japan,on leaves,
111070,Saturniidae,Antheraea,pernyi,,Guérin-Méneville,Fagaceae,Castanea,crenata,,Japan,on leaves,
111418,Saturniidae,Antheraea,yamamai,,Guérin-Méneville,Fagaceae,Castanea,crenata,,Japan,on leaves,
13882,Geometridae,Apochima,juglansiaria,,Graeser,Fagaceae,Castanea,crenata,,Japan,,
13896,Geometridae,Apochima,juglansiaria,,Graeser,Fagaceae,Castanea,crenata,,Japan,on leaves,
126791,Tortricidae,Archips,audax,,Razowski,Fagaceae,Castanea,crenata,,Japan,on leaves,
127005,Tortricidae,Archips,fuscocupreanus,,Walsingham,Fagaceae,Castanea,crenata,,Japan,,
127057,Tortricidae,Archips,fuscocupreanus,,Walsingham,Fagaceae,Castanea,crenata,,Japan,on leaves,
127901,Tortricidae,Archips,xylosteana,,Linnaeus,Fagaceae,Castanea,crenata,,Japan,on leaves,
14040,Geometridae,Ascotis,selenaria,,Denis & Schiff.,Fagaceae,Castanea,crenata,,Japan,,
14103,Geometridae,Ascotis,selenaria,,Denis & Schiff.,Fagaceae,Castanea,crenata,,Japan,on leaves,
35791,Limacodidae,Austrapoda,dentata,,Oberthür,Fagaceae,Castanea,crenata,,Japan,on leaves,
97585,Psychidae,Bambalina,sp.,,,Fagaceae,Castanea,crenata,,Japan,on leaves,
56747,Noctuidae,Bertula,spacoalis,,Walker,Fagaceae,Castanea,crenata,,Japan,on leaves,
14436,Geometridae,Biston,robustus,,Butler,Fagaceae,Castanea,crenata,,Japan,,
14459,Geometridae,Biston,robustus,,Butler,Fagaceae,Castanea,crenata,,Japan,on leaves,
101314,Pyralidae,Calguia,defiguralis,,Walker,Fagaceae,Castanea,crenata,,Japan,on leaves,
112712,Saturniidae,Caligula,japonica,,Moore,Fagaceae,Castanea,crenata,,Japan,on leaves,
112716,Saturniidae,Caligula,jonasii,,Butler,Fagaceae,Castanea,crenata,,Japan,on leaves,
45092,Lymantriidae,Calliteara,lunulata,,Butler,Fagaceae,Castanea,crenata,,Japan,on leaves,
45100,Lymantriidae,Calliteara,pseudabietis,,Butler,Fagaceae,Castanea,crenata,,Japan,on leaves,
26168,Gracillariidae,Caloptilia,mongolicae,,Kumata,Fagaceae,Castanea,crenata,,Japan,,
26173,Gracillariidae,Caloptilia,mongolicae,,Kumata,Fagaceae,Castanea,crenata,,Japan,on leaves,
26268,Gracillariidae,Caloptilia,querci,,Kumata,Fagaceae,Castanea,crenata,,Japan,,
26274,Gracillariidae,Caloptilia,querci,,Kumata,Fagaceae,Castanea,crenata,,Japan,on leaves,
26326,Gracillariidae,Caloptilia,sapporella,,Matsumura,Fagaceae,Castanea,crenata,,Japan,,
26333,Gracillariidae,Caloptilia,sapporella,,Matsumura,Fagaceae,Castanea,crenata,,Japan,on leaves,
39230,Lycaenidae,Celastrina,argiolus,,Linnaeus,Fagaceae,Castanea,crenata,,Japan,on leaves,Y
74667,Nolidae,Characoma,ruficirra,,Hampson,Fagaceae,Castanea,crenata,,Japan,in seeds,
74671,Nolidae,Characoma,ruficirra,,Hampson,Fagaceae,Castanea,crenata,,Japan,on leaves,
14861,Geometridae,Chlorissa,amphitritaria,,Oberthür,Fagaceae,Castanea,crenata,,Japan,,
14863,Geometridae,Chlorissa,amphitritaria,,Oberthür,Fagaceae,Castanea,crenata,,Japan,on leaves,
14865,Geometridae,Chlorissa,anadema,,Prout,Fagaceae,Castanea,crenata,,Japan,,
14868,Geometridae,Chlorissa,anadema,,Prout,Fagaceae,Castanea,crenata,,Japan,on leaves,
129083,Tortricidae,Choristoneura,longicellana,,Walsingham,Fagaceae,Castanea,crenata,,Japan,,
129107,Tortricidae,Choristoneura,longicellana,,Walsingham,Fagaceae,Castanea,crenata,,Japan,on leaves,
39500,Lycaenidae,Chrysozephyrus,aurorinus,,Oberthür,Fagaceae,Castanea,crenata,,Japan,on leaves,Y
45181,Lymantriidae,Cifuna,locuples,,Walker,Fagaceae,Castanea,crenata,,Japan,on leaves,Y
58332,Noctuidae,Clavipalpula,aurariae,,Oberthür,Fagaceae,Castanea,crenata,,Japan,on leaves,Y
15343,Geometridae,Cleora,insolita,,Butler,Fagaceae,Castanea,crenata,,Japan,on leaves,Y
15347,Geometridae,Cleora,leucophaea,,Butler,Fagaceae,Castanea,crenata,,Japan,,
15351,Geometridae,Cleora,leucophaea,,Butler,Fagaceae,Castanea,crenata,,Japan,on leaves,
5675,Coleophoridae,Coleophora,currucipennella,,Zeller,Fagaceae,Castanea,crenata,,Japan,on leaves,
15509,Geometridae,Colotois,pennaria,,Linnaeus,Fagaceae,Castanea,crenata,,Japan,,
15538,Geometridae,Colotois,pennaria,,Linnaeus,Fagaceae,Castanea,crenata,,Japan,on leaves,
15576,Geometridae,Comibaena,delicatior,,Warren,Fagaceae,Castanea,crenata,,Japan,on flowers,
15577,Geometridae,Comibaena,delicatior,,Warren,Fagaceae,Castanea,crenata,,Japan,on leaves,
15595,Geometridae,Comibaena,nigromacularia,,Leech,Fagaceae,Castanea,crenata,,Japan,,
5135,Carposinidae,Commatarcha,palaeosema,,Meyrick,Fagaceae,Castanea,crenata,,Japan,in branches/trunk,
58526,Noctuidae,Conistra,fletcheri,,Sugi,Fagaceae,Castanea,crenata,,Japan,on leaves,Y
102052,Pyralidae,Conogethes,punctiferalis,,Guenée,Fagaceae,Castanea,crenata,,Japan,on leaves,
58639,Noctuidae,Cosmia,camptostigma,,Ménétriés,Fagaceae,Castanea,crenata,,Japan,on leaves,
7473,Cossidae,Cossus,vicarius,,Walker,Fagaceae,Castanea,crenata,,Japan,in branches/trunk,
33369,Lasiocampidae,Cyclophragma,undans,,Walker,Fagaceae,Castanea,crenata,,Japan,on leaves,
33373,Lasiocampidae,Cyclophragma,yamadai,,Nagano,Fagaceae,Castanea,crenata,,Japan,on leaves,
130785,Tortricidae,Cydia,kurokoi,,Amsel,Fagaceae,Castanea,crenata,,Japan,,
130790,Tortricidae,Cydia,kurokoi,,Amsel,Fagaceae,Castanea,crenata,,Japan,in seeds,
102618,Pyralidae,Datanoides,fasciatus,,Butler,Fagaceae,Castanea,crenata,,Japan,on leaves,
15859,Geometridae,Descoreba,simplex,,Butler,Fagaceae,Castanea,crenata,,Japan,on leaves,
15905,Geometridae,Diplodesma,ussuriaria,,Bremer,Fagaceae,Castanea,crenata,,Japan,,
15908,Geometridae,Diplodesma,ussuriaria,,Bremer,Fagaceae,Castanea,crenata,,Japan,on leaves,
15911,Geometridae,Diplurodes,parvularia,,Leech,Fagaceae,Castanea,crenata,,Japan,on leaves,Y
90483,Oecophoridae,Diurnea,cupreifera,,Butler,Fagaceae,Castanea,crenata,,Japan,on leaves,
16274,Geometridae,Ectropis,crepuscularia,,Denis & Schiff.,Fagaceae,Castanea,crenata,,Japan,on leaves,Y
16299,Geometridae,Ectropis,excellens,,Butler,Fagaceae,Castanea,crenata,,Japan,,
16323,Geometridae,Ectropis,excellens,,Butler,Fagaceae,Castanea,crenata,,Japan,on flowers,
16324,Geometridae,Ectropis,excellens,,Butler,Fagaceae,Castanea,crenata,,Japan,on leaves,
16352,Geometridae,Ectropis,obliqua,,Prout,Fagaceae,Castanea,crenata,,Japan,,
16367,Geometridae,Ectropis,obliqua,,Prout,Fagaceae,Castanea,crenata,,Japan,in seeds,
16368,Geometridae,Ectropis,obliqua,,Prout,Fagaceae,Castanea,crenata,,Japan,on leaves,
29596,Hepialidae,Endoclita,excrescens,,Butler,Fagaceae,Castanea,crenata,,Japan,in branches/trunk,
29685,Hepialidae,Endoclita,sinensis,,Moore,Fagaceae,Castanea,crenata,,Japan,in branches/trunk,
16918,Geometridae,Erannis,golda,,Butler,Fagaceae,Castanea,crenata,,Japan,,
16943,Geometridae,Erannis,golda,,Djakonov,Fagaceae,Castanea,crenata,,Japan,on leaves,
132769,Tortricidae,Eucoenogenes,aestuosa,,Meyrick,Fagaceae,Castanea,crenata,,Japan,,
132771,Tortricidae,Eucoenogenes,aestuosa,,Meyrick,Fagaceae,Castanea,crenata,,Japan,in seeds,
97895,Psychidae,Eumeta,japonica,,Heylaerts,Fagaceae,Castanea,crenata,,Japan,on leaves,
97913,Psychidae,Eumeta,minuscula,,Butler,Fagaceae,Castanea,crenata,,Japan,on leaves,
46017,Lymantriidae,Euproctis,kanshireia,,Wileman,Fagaceae,Castanea,crenata,,Japan,on leaves,Y
46179,Lymantriidae,Euproctis,similis,,Fuessly,Fagaceae,Castanea,crenata,,Japan,on leaves,
46228,Lymantriidae,Euproctis,subflava,,Bremer,Fagaceae,Castanea,crenata,,Japan,on leaves,
60540,Noctuidae,Eupsilia,transversa,,Hufnagel,Fagaceae,Castanea,crenata,,Japan,on leaves,Y
104296,Pyralidae,Euzophera,batangensis,,Caradja,Fagaceae,Castanea,crenata,,Japan,in seeds,
104297,Pyralidae,Euzophera,batangensis,,Caradja,Fagaceae,Castanea,crenata,,Japan,on leaves,
76412,Notodontidae,Fentonia,ocypete,,Bremer,Fagaceae,Castanea,crenata,,Japan,on leaves,
33552,Lasiocampidae,Gastropacha,orientalis,,Sheljuzhko,Fagaceae,Castanea,crenata,,Japan,on leaves,
18737,Geometridae,Gelasma,protrusa,,Butler,Fagaceae,Castanea,crenata,,Japan,,
18740,Geometridae,Gelasma,protrusa,,Butler,Fagaceae,Castanea,crenata,,Japan,on leaves,
18748,Geometridae,Geometra,dieckmanni,,Graeser,Fagaceae,Castanea,crenata,,Japan,,
18753,Geometridae,Geometra,dieckmanni,,Graeser,Fagaceae,Castanea,crenata,,Japan,in seeds,
18754,Geometridae,Geometra,dieckmanni,,Graeser,Fagaceae,Castanea,crenata,,Japan,on leaves,
18778,Geometridae,Geometra,sponsaria,,Bremer,Fagaceae,Castanea,crenata,,Japan,on leaves,
18785,Geometridae,Geometra,valida,,Felder & Felder,Fagaceae,Castanea,crenata,,Japan,,
18790,Geometridae,Geometra,valida,,Felder & Rogenh.,Fagaceae,Castanea,crenata,,Japan,on leaves,
76584,Notodontidae,Harpyia,umbrosa,,Staudinger,Fagaceae,Castanea,crenata,,Japan,on leaves,
29485,Heliozelidae,Heliozela,castaneella,,Kuroko,Fagaceae,Castanea,crenata,,Japan,on leaves,
18999,Geometridae,Hemithea,aestivaria,,Hübner,Fagaceae,Castanea,crenata,,Japan,,
19045,Geometridae,Hemithea,aestivaria,,Hübner,Fagaceae,Castanea,crenata,,Japan,on flowers,
19047,Geometridae,Hemithea,aestivaria,,Hübner,Fagaceae,Castanea,crenata,,Japan,on leaves,
36410,Limacodidae,Heterogenea,asella,,Denis & Schiff.,Fagaceae,Castanea,crenata,,Japan,on leaves,
76744,Notodontidae,Hexafrenum,leucodera,,Staudinger,Fagaceae,Castanea,crenata,,Japan,,
76747,Notodontidae,Hexafrenum,leucodera,,Staudinger,Fagaceae,Castanea,crenata,,Japan,on leaves,
134242,Tortricidae,Homona,magnanima,,Diakonoff,Fagaceae,Castanea,crenata,,Japan,on leaves,
11573,Gelechiidae,Hypatima,sp. 4,,,Fagaceae,Castanea,crenata,,Japan,on leaves,
2374,Arctiidae,Hyphantria,cunea,,Drury,Fagaceae,Castanea,crenata,,Japan,on leaves,
19542,Geometridae,Hypomecis,lunifera,,Butler,Fagaceae,Castanea,crenata,,Japan,,
19543,Geometridae,Hypomecis,lunifera,,Butler,Fagaceae,Castanea,crenata,,Japan,on leaves,
19556,Geometridae,Hypomecis,punctinalis,,Scopoli,Fagaceae,Castanea,crenata,,Japan,,
19573,Geometridae,Hypomecis,punctinalis,,Scopoli,Fagaceae,Castanea,crenata,,Japan,on leaves,
19590,Geometridae,Hypomecis,roboraria,,Denis & Schiff.,Fagaceae,Castanea,crenata,,Japan,on leaves,Y
19953,Geometridae,Inurois,punctigera,,Prout,Fagaceae,Castanea,crenata,,Japan,,
19962,Geometridae,Inurois,punctigera,,Prout,Fagaceae,Castanea,crenata,,Japan,on leaves,
19977,Geometridae,Inurois,tenuis,,Butler,Fagaceae,Castanea,crenata,,Japan,on leaves,
20463,Geometridae,Larerannis,miracula,,Prout,Fagaceae,Castanea,crenata,,Japan,on leaves,
36468,Limacodidae,Latoia,consocia,,Walker,Fagaceae,Castanea,crenata,,Japan,on leaves,
36486,Limacodidae,Latoia,lepida,,Cramer,Fagaceae,Castanea,crenata,,Japan,on leaves,
36489,Limacodidae,Latoia,sinica,,Moore,Fagaceae,Castanea,crenata,,Japan,on leaves,
2451,Arctiidae,Lemyra,imparilis,,Butler,Fagaceae,Castanea,crenata,,Japan,on leaves,
2459,Arctiidae,Lemyra,infernalis,,Butler,Fagaceae,Castanea,crenata,,Japan,on leaves,
64850,Noctuidae,Lithophane,ustulata,,Butler,Fagaceae,Castanea,crenata,,Japan,on leaves,Y
64853,Noctuidae,Lithophane,venusta,,Leech,Fagaceae,Castanea,crenata,,Japan,on leaves,
64888,Noctuidae,Lophomilia,polybapta,,Butler,Fagaceae,Castanea,crenata,,Japan,on leaves,
46854,Lymantriidae,Lymantria,dispar,,Linnaeus,Fagaceae,Castanea,crenata,,Japan,on leaves,
46961,Lymantriidae,Lymantria,mathura,,Moore,Fagaceae,Castanea,crenata,,Japan,on leaves,
49066,Lyonetiidae,Lyonetia,castaneella,,Kuroko,Fagaceae,Castanea,crenata,,Japan,,
49068,Lyonetiidae,Lyonetia,castaneella,,Kuroko,Fagaceae,Castanea,crenata,,Japan,on leaves,
121779,Sphingidae,Marumba,sperchius,,Ménétriés,Fagaceae,Castanea,crenata,,Japan,on leaves,
20827,Geometridae,Megabiston,plumosaria,,Leech,Fagaceae,Castanea,crenata,,Japan,,
20839,Geometridae,Megabiston,plumosaria,,Leech,Fagaceae,Castanea,crenata,,Japan,on leaves,
75075,Nolidae,Meganola,fumosa,,Butler,Fagaceae,Castanea,crenata,,Japan,on leaves,
75086,Nolidae,Meganola,melancholica,,Wileman & West,Fagaceae,Castanea,crenata,,Japan,on flowers,
21009,Geometridae,Menophra,retractaria,,Moore,Fagaceae,Castanea,crenata,,Japan,,
21017,Geometridae,Menophra,senilis,,Butler,Fagaceae,Castanea,crenata,,Japan,on leaves,
36618,Limacodidae,Microleon,longipalpis,,Butler,Fagaceae,Castanea,crenata,,Japan,on leaves,
75112,Nolidae,Mimerastria,mandschuriana,,Oberthür,Fagaceae,Castanea,crenata,,Japan,on leaves,
21171,Geometridae,Mixochlora,vittata,,Moore,Fagaceae,Castanea,crenata,,Japan,,
21181,Geometridae,Mixochlora,vittata,,Moore,Fagaceae,Castanea,crenata,,Japan,on leaves,
66015,Noctuidae,Moma,alpium,,Osbeck,Fagaceae,Castanea,crenata,,Japan,on leaves,
36698,Limacodidae,Monema,flavescens,,Walker,Fagaceae,Castanea,crenata,,Japan,on leaves,
36740,Limacodidae,Narosoideus,flavidorsalis,,Staudinger,Fagaceae,Castanea,crenata,,Japan,on leaves,
21470,Geometridae,Neohipparchus,vallata,,Butler,Fagaceae,Castanea,crenata,,Japan,,
21475,Geometridae,Neohipparchus,vallata,,Butler,Fagaceae,Castanea,crenata,,Japan,on leaves,
76972,Notodontidae,Neopheosia,fasciata,,Moore,Fagaceae,Castanea,crenata,,Japan,on leaves,
8448,Drepanidae,Nordstromia,japonica,,Moore,Fagaceae,Castanea,crenata,,Japan,on leaves,
90986,Oecophoridae,Odites,issikii,,Takahashi,Fagaceae,Castanea,crenata,,Japan,on leaves,
90988,Oecophoridae,Odites,leucostola,,Meyrick,Fagaceae,Castanea,crenata,,Japan,on leaves,
90992,Oecophoridae,Odites,lividula,,Meyrick,Fagaceae,Castanea,crenata,,Japan,on leaves,
21605,Geometridae,Odontopera,arida,,Butler,Fagaceae,Castanea,crenata,,Japan,,
21612,Geometridae,Odontopera,arida,,Butler,Fagaceae,Castanea,crenata,,Japan,on leaves,
21615,Geometridae,Odontopera,aurata,,Prout,Fagaceae,Castanea,crenata,,Japan,,
21616,Geometridae,Odontopera,aurata,,Prout,Fagaceae,Castanea,crenata,,Japan,on leaves,
48293,Lymantriidae,Orgyia,thyellina,,Butler,Fagaceae,Castanea,crenata,,Japan,on leaves,
107263,Pyralidae,Orthaga,achatina,,Butler,Fagaceae,Castanea,crenata,,Japan,on leaves,
66881,Noctuidae,Orthosia,aoyamensis,,Matsumura,Fagaceae,Castanea,crenata,,Japan,on leaves,Y
66882,Noctuidae,Orthosia,carnipennis,,Butler,Fagaceae,Castanea,crenata,,Japan,on leaves,
66887,Noctuidae,Orthosia,cedermarki,,Bryk,Fagaceae,Castanea,crenata,,Japan,on leaves,Y
22032,Geometridae,Pachyerannis,obliquaria,,Motschulsky,Fagaceae,Castanea,crenata,,Japan,,
22036,Geometridae,Pachyerannis,obliquaria,,Motschulsky,Fagaceae,Castanea,crenata,,Japan,on leaves,
22045,Geometridae,Pachyligia,dolosa,,Butler,Fagaceae,Castanea,crenata,,Japan,,
22055,Geometridae,Pachyligia,dolosa,,Butler,Fagaceae,Castanea,crenata,,Japan,on leaves,
135940,Tortricidae,Pandemis,heparana,,Denis & Schiff.,Fagaceae,Castanea,crenata,,Japan,on leaves,
22153,Geometridae,Parabapta,clarissa,,Butler,Fagaceae,Castanea,crenata,,Japan,,
22156,Geometridae,Parabapta,clarissa,,Butler,Fagaceae,Castanea,crenata,,Japan,on leaves,
33182,Incurvariidae,Paraclemensia,incerta,,Christoph,Fagaceae,Castanea,crenata,,Japan,on leaves,
22165,Geometridae,Paradarisa,consonaria,,Hübner,Fagaceae,Castanea,crenata,,Japan,on leaves,Y
22196,Geometridae,Parectropis,extersaria,,Hübner,Fagaceae,Castanea,crenata,,Japan,on leaves,Y
77272,Notodontidae,Peridea,gigantea,,Butler,Fagaceae,Castanea,crenata,,Japan,,
77274,Notodontidae,Peridea,gigantea,,Butler,Fagaceae,Castanea,crenata,,Japan,on leaves,
77297,Notodontidae,Phalera,assimilis,,Bremer & Grey,Fagaceae,Castanea,crenata,,Japan,on leaves,
77400,Notodontidae,Phalera,takasagoensis,,Matsumura,Fagaceae,Castanea,crenata,,Japan,on leaves,Y
77406,Notodontidae,Phalerodonta,manleyi,,Leech,Fagaceae,Castanea,crenata,,Japan,on leaves,
22566,Geometridae,Phigalia,verecundaria,,Leech,Fagaceae,Castanea,crenata,,Japan,,
22573,Geometridae,Phigalia,verecundaria,,Leech,Fagaceae,Castanea,crenata,,Japan,on leaves,
37289,Limacodidae,Phrixolepia,sericea,,Butler,Fagaceae,Castanea,crenata,,Japan,on leaves,
22640,Geometridae,Phthonosema,tendinosaria,,Bremer,Fagaceae,Castanea,crenata,,Japan,,
22654,Geometridae,Phthonosema,tendinosaria,,Bremer,Fagaceae,Castanea,crenata,,Japan,on leaves,
27957,Gracillariidae,Phyllonorycter,acutissimae,,Kumata,Fagaceae,Castanea,crenata,,Japan,,
27963,Gracillariidae,Phyllonorycter,acutissimae,,Kumata,Fagaceae,Castanea,crenata,,Japan,on leaves,
28448,Gracillariidae,Phyllonorycter,kamijoi,,Kumata,Fagaceae,Castanea,crenata,,Japan,,
28736,Gracillariidae,Phyllonorycter,pygmaea,,Kumata,Fagaceae,Castanea,crenata,,Japan,,
28740,Gracillariidae,Phyllonorycter,pygmaea,,Kumata,Fagaceae,Castanea,crenata,,Japan,on leaves,
22759,Geometridae,Plagodis,dolabraria,,Linnaeus,Fagaceae,Castanea,crenata,,Japan,on leaves,
22853,Geometridae,Planociampa,antipala,,Prout,Fagaceae,Castanea,crenata,,Japan,on leaves,
22858,Geometridae,Planociampa,modesta,,Butler,Fagaceae,Castanea,crenata,,Japan,,
22863,Geometridae,Planociampa,modesta,,Butler,Fagaceae,Castanea,crenata,,Japan,on leaves,
108200,Pyralidae,Pleuroptya,balteata,,Fabricius,Fagaceae,Castanea,crenata,,Japan,on leaves,
75395,Nolidae,Pseudoips,fagana,,Fabricius,Fagaceae,Castanea,crenata,,Japan,on leaves,
77562,Notodontidae,Rabtala,cristata,,Butler,Fagaceae,Castanea,crenata,,Japan,on leaves,
77570,Notodontidae,Rabtala,splendida,,Oberthür,Fagaceae,Castanea,crenata,,Japan,on leaves,
43261,Lycaenidae,Rapala,arata,,Bremer,Fagaceae,Castanea,crenata,,Japan,on flowers,
116683,Saturniidae,Rhodinia,fugax,,Butler,Fagaceae,Castanea,crenata,,Japan,on leaves,
123278,Thyrididae,Rhodoneura,erecta,,Leech,Fagaceae,Castanea,crenata,,Japan,on leaves,
123286,Thyrididae,Rhodoneura,vittula,,Guenée,Fagaceae,Castanea,crenata,,Japan,on leaves,
118550,Sesiidae,Sesia,molybdoceps,,Hampson,Fagaceae,Castanea,crenata,,Japan,in branches/trunk,
118556,Sesiidae,Sesia,molybdoceps,,Hampson,Fagaceae,Castanea,crenata,,Japan,in trunks,
118567,Sesiidae,Sesia,rhynchioides,,Butler,Fagaceae,Castanea,crenata,,Japan,in branches/trunk,
118575,Sesiidae,Sesia,scribai,,Bartel,Fagaceae,Castanea,crenata,,Japan,in trunks,
43691,Lycaenidae,Shirozua,jonasi,,Janson,Fagaceae,Castanea,crenata,,Japan,on leaves,
29168,Gracillariidae,Spulerina,castaneae,,Kumata & Kuroko,Fagaceae,Castanea,crenata,,Japan,,
29170,Gracillariidae,Spulerina,castaneae,,Kumata & Kuroko,Fagaceae,Castanea,crenata,,Japan,on leaves,
77907,Notodontidae,Stauropus,fagi,,Linnaeus,Fagaceae,Castanea,crenata,,Japan,on leaves,
123303,Thyrididae,Striglina,cancellata,,Christoph,Fagaceae,Castanea,crenata,,Japan,on leaves,
138235,Tortricidae,Strophedra,nitidana,,Fabricius,Fagaceae,Castanea,crenata,,Japan,on leaves,
109466,Pyralidae,Sybrida,approximans,,Leech,Fagaceae,Castanea,crenata,,Japan,on leaves,
119024,Sesiidae,Synanthedon,quercus,,Matsumura,Fagaceae,Castanea,crenata,,Japan,in branches/trunk,
119031,Sesiidae,Synanthedon,quercus,,Matsumura,Fagaceae,Castanea,crenata,,Japan,in trunks,
119178,Sesiidae,Synanthedon,tenuis,,Butler,Fagaceae,Castanea,crenata,,Japan,in branches/trunk,
139801,Yponomeutidae,Thecobathra,anas,,Stringer,Fagaceae,Castanea,crenata,,Japan,on leaves,
72812,Noctuidae,Thyas,juno,,Dalman,Fagaceae,Castanea,crenata,,Japan,on leaves,
138646,Tortricidae,Ukamenia,sapporensis,,Matsumura,Fagaceae,Castanea,crenata,,Japan,,
24907,Geometridae,Wilemania,nitobei,,Nitobe,Fagaceae,Castanea,crenata,,Japan,,
24928,Geometridae,Wilemania,nitobei,,Nitobe,Fagaceae,Castanea,crenata,,Japan,on leaves,
25188,Geometridae,Zethenia,albonotaria,,Bremer,Fagaceae,Castanea,crenata,,Japan,,
25200,Geometridae,Zethenia,albonotaria,,Bremer,Fagaceae,Castanea,crenata,,Japan,on leaves,
130786,Tortricidae,Cydia,kurokoi,,Amsel,Fagaceae,Castanea,mollissima,,Japan,,
130788,Tortricidae,Cydia,kurokoi,,Amsel,Fagaceae,Castanea,seguinii,,Japan,,
127412,Tortricidae,Archips,nigricaudanus,,Walsingham,Fagaceae,Castanopsis,,,Japan,,
134333,Tortricidae,Homonopsis,illotana,,Kennel,Fagaceae,Castanopsis,,,Japan,,
25554,Gracillariidae,Acrocercops,mantica,,Meyrick,Fagaceae,Castanopsis,cuspidata,,Japan,,
25558,Gracillariidae,Acrocercops,mantica,,Meyrick,Fagaceae,Castanopsis,cuspidata,,Japan,on leaves,
25563,Gracillariidae,Acrocercops,melanoplecta,,Meyrick,Fagaceae,Castanopsis,cuspidata,,Japan,,
25568,Gracillariidae,Acrocercops,melanoplecta,,Meyrick,Fagaceae,Castanopsis,cuspidata,,Japan,on leaves,
26269,Gracillariidae,Caloptilia,querci,,Kumata,Fagaceae,Castanopsis,cuspidata,,Japan,,
26275,Gracillariidae,Caloptilia,querci,,Kumata,Fagaceae,Castanopsis,cuspidata,,Japan,on leaves,
39231,Lycaenidae,Celastrina,argiolus,,Linnaeus,Fagaceae,Castanopsis,cuspidata,,Japan,on leaves,
26941,Gracillariidae,Chrysocercops,castanopsidis,,Kumata & Kuroko,Fagaceae,Castanopsis,cuspidata,,Japan,,
26944,Gracillariidae,Chrysocercops,castanopsidis,,Kumata & Kuroko,Fagaceae,Castanopsis,cuspidata,,Japan,on leaves,
39533,Lycaenidae,Chrysozephyrus,hisamatsusanus,,Nagami & Ishiga,Fagaceae,Castanopsis,cuspidata,,Japan,on leaves,
15860,Geometridae,Descoreba,simplex,,Butler,Fagaceae,Castanopsis,cuspidata,,Japan,on leaves,
121780,Sphingidae,Marumba,sperchius,,Ménétriés,Fagaceae,Castanopsis,cuspidata,,Japan,on leaves,
42551,Lycaenidae,Narathura,japonica,,Murray,Fagaceae,Castanopsis,cuspidata,,Japan,on leaves,
91164,Oecophoridae,Pseudodoxia,achlyphanes,,Meyrick,Fagaceae,Castanopsis,cuspidata,,Japan,on leaves,
138256,Tortricidae,Strophedra,sp. A,,,Fagaceae,Castanopsis,cuspidata,,Japan,on leaves,
119025,Sesiidae,Synanthedon,quercus,,Matsumura,Fagaceae,Castanopsis,cuspidata,,Japan,in branches/trunk,
139798,Yponomeutidae,Thecobathra,anas,,Stringer,Fagaceae,Castanopsis,cuspidata,,Japan,,
44485,Lycaenidae,Udara,dilectus,,Moore,Fagaceae,Castanopsis,cuspidata,,Japan,on leaves,Y
25565,Gracillariidae,Acrocercops,melanoplecta,,Meyrick,Fagaceae,Castanopsis,hystrix,,Japan,,
25556,Gracillariidae,Acrocercops,mantica,,Meyrick,Fagaceae,Castanopsis,tribuloides,,Japan,,
87022,Nymphalidae,Nymphalis,californica,,Boisduval,Rhamnaceae,Ceanothus,,,Japan,,
15808,Geometridae,Cystidia,truncangulata,,Wehrli,Celastraceae,Celastrus,,,Japan,,
13068,Geometridae,Abraxas,latifasciata,,Warren,Celastraceae,Celastrus,orbiculatus,,Japan,,
13082,Geometridae,Abraxas,niphonibia,,Wehrli,Celastraceae,Celastrus,orbiculatus,,Japan,,
13118,Geometridae,Acrodontis,sp. A,,,Celastraceae,Celastrus,orbiculatus,,Japan,,
14412,Geometridae,Biston,recursaria,,Walker,Celastraceae,Celastrus,orbiculatus,,Japan,,
14437,Geometridae,Biston,robustus,,Butler,Celastraceae,Celastrus,orbiculatus,,Japan,,
15788,Geometridae,Cystidia,couaggaria,,Guenée,Celastraceae,Celastrus,orbiculatus,,Japan,,
15806,Geometridae,Cystidia,stratonice,,Stoll,Celastraceae,Celastrus,orbiculatus,,Japan,,
15809,Geometridae,Cystidia,truncangulata,,Wehrli,Celastraceae,Celastrus,orbiculatus,,Japan,,
18718,Geometridae,Gelasma,fuscofrons,,Inoue,Celastraceae,Celastrus,orbiculatus,,Japan,,
49243,Lyonetiidae,Proleucoptera,celastrella,,Kuroko,Celastraceae,Celastrus,orbiculatus,,Japan,,
23078,Geometridae,Proteostrenia,leda,,Butler,Celastraceae,Celastrus,orbiculatus,,Japan,,
139962,Yponomeutidae,Yponomeuta,sociatus,,Moriuti,Celastraceae,Celastrus,orbiculatus,,Japan,,
25162,Geometridae,Zanclidia,testacea,,Butler,Celastraceae,Celastrus,orbiculatus,,Japan,,
132375,Tortricidae,Epinotia,pentagonana,,Kennel,Ulmaceae,Celtis,,,Japan,,
84276,Nymphalidae,Hestina,japonica,,Felder,Ulmaceae,Celtis,,,Japan,,
87120,Nymphalidae,Nymphalis,xanthomelas,,Denis & Schiff.,Ulmaceae,Celtis,,,Japan,,
87121,Nymphalidae,Nymphalis,xanthomelas,,Denis & Schiff.,Ulmaceae,Celtis,,,Japan,,
87798,Nymphalidae,Polygonia,c-album,,Linnaeus,Ulmaceae,Celtis,,,Japan,,
88485,Nymphalidae,Sasakia,charonda,,Hewitson,Ulmaceae,Celtis,,,Japan,,
84267,Nymphalidae,Hestina,assimilis,,Linnaeus,Ulmaceae,Celtis,boninensis,,Japan,,
85694,Nymphalidae,Libythea,celtis,,Laicharting,Ulmaceae,Celtis,boninensis,,Japan,,
86636,Nymphalidae,Neptis,hylas,,Linnaeus,Ulmaceae,Celtis,boninensis,,Japan,,
19969,Geometridae,Inurois,tenuis,,Butler,Ulmaceae,Celtis,bungeana,,Japan,,
25999,Gracillariidae,Caloptilia,celidis,,Kumata,Ulmaceae,Celtis,jessoensis,,Japan,,
28063,Gracillariidae,Phyllonorycter,bifurcata,,Kumata,Ulmaceae,Celtis,jessoensis,,Japan,,
79274,Nymphalidae,Asterocampa,celtis,,Boisduval & LeC.,Ulmaceae,Celtis,laevigata,,Japan,,
79280,Nymphalidae,Asterocampa,celtis,,Boisduval & LeC.,Ulmaceae,Celtis,occidentalis,,Japan,,
79297,Nymphalidae,Asterocampa,clyton,,Boisduval & LeC.,Ulmaceae,Celtis,occidentalis,,Japan,,
79283,Nymphalidae,Asterocampa,celtis,,Boisduval & LeC.,Ulmaceae,Celtis,pallida,,Japan,,
79312,Nymphalidae,Asterocampa,leilia,,Edwards,Ulmaceae,Celtis,pallida,,Japan,,
82399,Nymphalidae,Doxocopa,sp.,,,Ulmaceae,Celtis,pallida,,Japan,,
13258,Geometridae,Alcis,angulifera,,Butler,Ulmaceae,Celtis,sinensis,,Japan,,
26000,Gracillariidae,Caloptilia,celidis,,Kumata,Ulmaceae,Celtis,sinensis,,Japan,,
84278,Nymphalidae,Hestina,japonica,,Felder,Ulmaceae,Celtis,sinensis,,Japan,,
19922,Geometridae,Inurois,fletcheri,,Inoue,Ulmaceae,Celtis,sinensis,,Japan,,
21567,Geometridae,Ninodes,splendens,,Butler,Ulmaceae,Celtis,sinensis,,Japan,,
87123,Nymphalidae,Nymphalis,xanthomelas,,Denis & Schiff.,Ulmaceae,Celtis,sinensis,,Japan,,
21957,Geometridae,Ourapteryx,nivea,,Butler,Ulmaceae,Celtis,sinensis,,Japan,,
28064,Gracillariidae,Phyllonorycter,bifurcata,,Kumata,Ulmaceae,Celtis,sinensis,,Japan,,
28097,Gracillariidae,Phyllonorycter,celtidis,,Kumata,Ulmaceae,Celtis,sinensis,,Japan,,
23169,Geometridae,Protoboarmia,simpliciaria,,Leech,Ulmaceae,Celtis,sinensis,,Japan,,
88487,Nymphalidae,Sasakia,charonda,,Hewitson,Ulmaceae,Celtis,sinensis,,Japan,,
25189,Geometridae,Zethenia,albonotaria,,Bremer,Ulmaceae,Celtis,sinensis,,Japan,,
21950,Geometridae,Ourapteryx,maculicaudaria,,Motschulsky,Cephalotaxaceae,Cephalotaxus,drupacea,,Japan,,
21958,Geometridae,Ourapteryx,nivea,,Butler,Cephalotaxaceae,Cephalotaxus,drupacea,,Japan,,
134711,Tortricidae,Lobesia,virulenta,,Bae & Komai,Insecta,Ceratovacuna (Z),nekoashi,,Japan,in Styrax galls,
20213,Geometridae,Jodis,argutaria,,Walker,Cercidiphyllaceae,Cercidiphyllum,japonicum,,Japan,,
77534,Notodontidae,Ptilodon,robusta,,Matsumura,Cercidiphyllaceae,Cercidiphyllum,japonicum,,Japan,,
29158,Gracillariidae,Spulerina,astaurota,,Meyrick,Rosaceae,Chaenomeles,,,Japan,,
14438,Geometridae,Biston,robustus,,Butler,Rosaceae,Chaenomeles,japonica,,Japan,,
21580,Geometridae,Nyssiodes,lefuarius,,Erschoff,Rosaceae,Chaenomeles,japonica,,Japan,,
134510,Tortricidae,Lobesia,aeolopa,,Meyrick,Rosaceae,Chaenomeles,sinensis,,Japan,,
118843,Sesiidae,Synanthedon,hector,,Butler,Rosaceae,Chaenomeles,sinensis,,Japan,in trunks,
13343,Geometridae,Alsophila,japonensis,,Warren,Rosaceae,Chaenomeles,speciosa,,Japan,,
15789,Geometridae,Cystidia,couaggaria,,Guenée,Rosaceae,Chaenomeles,speciosa,,Japan,,
133474,Tortricidae,Grapholita,dimorpha,,Komai,Rosaceae,Chaenomeles,speciosa,,Japan,,
133478,Tortricidae,Grapholita,dimorpha,,Komai,Rosaceae,Chaenomeles,speciosa,,Japan,on fruits,
19923,Geometridae,Inurois,fletcheri,,Inoue,Rosaceae,Chaenomeles,speciosa,,Japan,,
20828,Geometridae,Megabiston,plumosaria,,Leech,Rosaceae,Chaenomeles,speciosa,,Japan,,
13899,Geometridae,Apocleora,rimosa,,Butler,Cupressaceae,Chamaecyparis,obtusa,,Japan,,
44965,Lymantriidae,Calliteara,argentata,,Butler,Cupressaceae,Chamaecyparis,obtusa,,Japan,,
132220,Tortricidae,Epinotia,granitalis,,Butler,Cupressaceae,Chamaecyparis,obtusa,,Japan,,
22194,Geometridae,Parectropis,extersaria,,Hübner,Cupressaceae,Chamaecyparis,obtusa,,Japan,,
129691,Tortricidae,Cnephasia,cinereipalpana,,Razowski,Chenopodiaceae,Chenopodium,album,,Japan,,
117858,Scythrididae,Scythris,sinensis,,Felder,Chenopodiaceae,Chenopodium,album,,Japan,on,
126774,Tortricidae,Archips,asiaticus,,Walsingham,Chloranthaceae,Chloranthus,serratus,,Japan,,
128776,Tortricidae,Cerace,xanthocosma,,Diakonoff,Lauraceae,Cinnamomum,,,Japan,,
25993,Gracillariidae,Caloptilia,camphorae,,Kumata,Lauraceae,Cinnamomum,camphora,,Japan,,
27167,Gracillariidae,Gibbovalva,civica,,Meyrick,Lauraceae,Cinnamomum,camphora,,Japan,,
27184,Gracillariidae,Gibbovalva,quadrifasciata,,Stainton,Lauraceae,Cinnamomum,camphora,,Japan,,
134198,Tortricidae,Homona,magnanima,,Diakonoff,Lauraceae,Cinnamomum,camphora,,Japan,,
24652,Geometridae,Thalassodes,subquadraria,,Inoue,Lauraceae,Cinnamomum,camphora,,Japan,,
24828,Geometridae,Trigonoptila,latimarginaria,,Leech,Lauraceae,Cinnamomum,camphora,,Japan,,
27168,Gracillariidae,Gibbovalva,civica,,Meyrick,Lauraceae,Cinnamomum,daphnoides,,Japan,,
950,Arctiidae,Asura,dharma,,Moore,Lauraceae,Cinnamomum,japonicum,,Japan,,
27169,Gracillariidae,Gibbovalva,civica,,Meyrick,Lauraceae,Cinnamomum,japonicum,,Japan,,
27185,Gracillariidae,Gibbovalva,quadrifasciata,,Stainton,Lauraceae,Cinnamomum,japonicum,,Japan,,
137538,Tortricidae,Sorolopha,plinthograpta,,Meyrick,Lauraceae,Cinnamomum,japonicum,,Japan,,
27170,Gracillariidae,Gibbovalva,civica,,Meyrick,Lauraceae,Cinnamomum,sieboldii,,Japan,,
125678,Tortricidae,Aethes,cnicana,,Westwood,Compositae,Cirsium,,,Japan,,
81210,Nymphalidae,Cinclidia,phoebe,,Denis & Schiff.,Compositae,Cirsium,,,Japan,,
129692,Tortricidae,Cnephasia,cinereipalpana,,Razowski,Compositae,Cirsium,,,Japan,,
130104,Tortricidae,Cornicacoecia,lafauryana,,Ragonot,Compositae,Cirsium,,,Japan,,
42854,Lycaenidae,Plebejus,argus,,Linnaeus,Compositae,Cirsium,,,Japan,,
14041,Geometridae,Ascotis,selenaria,,Denis & Schiff.,Compositae,Cirsium,japonicum,,Japan,,
55352,Noctuidae,Apamea,aquila,,Donzel,Rutaceae,Citrus,,,Japan,,
127859,Tortricidae,Archips,xylosteana,,Linnaeus,Rutaceae,Citrus,,,Japan,,
14042,Geometridae,Ascotis,selenaria,,Denis & Schiff.,Rutaceae,Citrus,,,Japan,,
951,Arctiidae,Asura,dharma,,Moore,Rutaceae,Citrus,,,Japan,,
18348,Geometridae,Eupithecia,signigera,,Butler,Rutaceae,Citrus,,,Japan,,
90580,Oecophoridae,Exaeretia,culcitella,,Herrich-Schäffer,Rutaceae,Citrus,,,Japan,,
19000,Geometridae,Hemithea,aestivaria,,Hübner,Rutaceae,Citrus,,,Japan,,
2445,Arctiidae,Lemyra,imparilis,,Butler,Rutaceae,Citrus,,,Japan,,
134511,Tortricidae,Lobesia,aeolopa,,Meyrick,Rutaceae,Citrus,,,Japan,,
20829,Geometridae,Megabiston,plumosaria,,Leech,Rutaceae,Citrus,,,Japan,,
23274,Geometridae,Pylargosceles,steganioides,,Butler,Rutaceae,Citrus,,,Japan,,
125638,Tortricidae,Adoxophyes,sp.,,,Rutaceae,Citrus,unshiu,,Japan,,
97648,Psychidae,Chalioides,kondonis,,Kondo,Rutaceae,Citrus,unshiu,,Japan,,
134199,Tortricidae,Homona,magnanima,,Diakonoff,Rutaceae,Citrus,unshiu,,Japan,,
18990,Geometridae,Hemistola,veneta,,Butler,Ranunculaceae,Clematis,apiifolia,,Japan,,
127543,Tortricidae,Archips,peratratus,,Yasuda,Verbenaceae,Clerodendrum,trichotomum,,Japan,,
22629,Geometridae,Phthonosema,invenustaria,,Leech,Verbenaceae,Clerodendrum,trichotomum,,Japan,,
13883,Geometridae,Apochima,juglansiaria,,Graeser,Clethraceae,Clethra,barbinervis,,Japan,,
128777,Tortricidae,Cerace,xanthocosma,,Diakonoff,Clethraceae,Clethra,barbinervis,,Japan,,
20830,Geometridae,Megabiston,plumosaria,,Leech,Clethraceae,Clethra,barbinervis,,Japan,,
22630,Geometridae,Phthonosema,invenustaria,,Leech,Clethraceae,Clethra,barbinervis,,Japan,,
23713,Geometridae,Selenia,adustaria,,Leech,Clethraceae,Clethra,barbinervis,,Japan,,
24908,Geometridae,Wilemania,nitobei,,Nitobe,Clethraceae,Clethra,barbinervis,,Japan,,
25190,Geometridae,Zethenia,albonotaria,,Bremer,Clethraceae,Clethra,barbinervis,,Japan,,
952,Arctiidae,Asura,dharma,,Moore,Theaceae,Cleyera,japonica,,Japan,,
26123,Gracillariidae,Caloptilia,isochrysa,,Meyrick,Theaceae,Cleyera,japonica,,Japan,,
134200,Tortricidae,Homona,magnanima,,Diakonoff,Theaceae,Cleyera,japonica,,Japan,,
57170,Noctuidae,Calyptra,lata,,Butler,Menispermaceae,Cocculus,,,Japan,,
134513,Tortricidae,Lobesia,aeolopa,,Meyrick,Rubiaceae,Coffea,,,Japan,,
86136,Nymphalidae,Melanitis,phedima,,Cramer,Gramineae,Coix,,,Japan,,
89389,Nymphalidae,Vanessa,indica,,Herbst,Tiliaceae,Corchorus,capsularis,,Japan,,
14044,Geometridae,Ascotis,selenaria,,Denis & Schiff.,Compositae,Coreopsis,lanceolata,,Japan,,
16353,Geometridae,Ectropis,obliqua,,Prout,Coriariaceae,Coriaria,japonica,,Japan,,
138116,Tortricidae,Strepsicrates,coriariae,,Oku,Coriariaceae,Coriaria,japonica,,Japan,,
77890,Notodontidae,Stauropus,fagi,,Linnaeus,Cornaceae,Cornus,,,Japan,,
78055,Notodontidae,Zaranga,permagna,,Butler,Cornaceae,Cornus,,,Japan,,
13119,Geometridae,Acrodontis,sp. A,,,Cornaceae,Cornus,kousa,,Japan,,
133855,Tortricidae,Hedya,corni,,Oku,Cornaceae,Cornus,kousa,,Japan,,
130929,Tortricidae,Cydia,molesta,,Busck,Cornaceae,Cornus,tschonoskii,,Japan,in fruits,
57167,Noctuidae,Calyptra,hokkaido,,Wileman,Papaveraceae,Corydalis,pallida,,Japan,,
76003,Notodontidae,Cnethodonta,grisescens,,Staudinger,Corylaceae,Corylus,,,Japan,,
76566,Notodontidae,Hagapteryx,admirabilis,,Staudinger,Corylaceae,Corylus,,,Japan,,
76745,Notodontidae,Hexafrenum,leucodera,,Staudinger,Corylaceae,Corylus,,,Japan,,
135785,Tortricidae,Pandemis,corylana,,Fabricius,Corylaceae,Corylus,,,Japan,,
77891,Notodontidae,Stauropus,fagi,,Linnaeus,Corylaceae,Corylus,,,Japan,,
10765,Gelechiidae,Dichomeris,leptosaris,,Meyrick,Corylaceae,Corylus,heterophylla,,Japan,,
10766,Gelechiidae,Dichomeris,leptosaris,,Meyrick,Corylaceae,Corylus,heterophylla,heterophylla,Japan,,
28432,Gracillariidae,Phyllonorycter,japonica,,Kumata,Corylaceae,Corylus,heterophylla,,Japan,,
28965,Gracillariidae,Phyllonorycter,tenebriosa,,Kumata,Corylaceae,Corylus,heterophylla,,Japan,,
86777,Nymphalidae,Neptis,philyroides,,Staudinger,Corylaceae,Corylus,mandshurica,,Japan,,
13344,Geometridae,Alsophila,japonensis,,Warren,Corylaceae,Corylus,sieboldiana,,Japan,,
14439,Geometridae,Biston,robustus,,Butler,Corylaceae,Corylus,sieboldiana,,Japan,,
15852,Geometridae,Descoreba,simplex,,Butler,Corylaceae,Corylus,sieboldiana,,Japan,,
10767,Gelechiidae,Dichomeris,leptosaris,,Meyrick,Corylaceae,Corylus,sieboldiana,,Japan,,
16919,Geometridae,Erannis,golda,,Butler,Corylaceae,Corylus,sieboldiana,,Japan,,
19942,Geometridae,Inurois,fumosa,,Inoue,Corylaceae,Corylus,sieboldiana,,Japan,,
19970,Geometridae,Inurois,tenuis,,Butler,Corylaceae,Corylus,sieboldiana,,Japan,,
76858,Notodontidae,Lophocosma,atriplaga,,Staudinger,Corylaceae,Corylus,sieboldiana,,Japan,,
21173,Geometridae,Mixochlora,vittata,,Moore,Corylaceae,Corylus,sieboldiana,,Japan,,
24909,Geometridae,Wilemania,nitobei,,Nitobe,Corylaceae,Corylus,sieboldiana,,Japan,,
137192,Tortricidae,Rhopobota,unipunctana,,Haworth,Rosaceae,Crataegus,,,Japan,,
124600,Tortricidae,Acleris,cristana,,Denis & Schiff.,Rosaceae,Crataegus,cuneata,,Japan,,
28438,Gracillariidae,Phyllonorycter,jozanae,,Kumata,Rosaceae,Crataegus,jozana,,Japan,,
94830,Pieridae,Appias,lyncida,,Cramer,Capparaceae,Crateva,religiosa,,Japan,,
41539,Lycaenidae,Jamides,bochus,,Stoll,Leguminosae (P),Crotalaria,sessiliflora,,Japan,,
25203,Geometridae,Zethenia,rufescentaria,,Motschulsky,Taxodiaceae,Cryptomeria,,,Japan,,
127778,Tortricidae,Archips,semistructa,,Meyrick,Taxodiaceae,Cryptomeria,japonica,,Japan,,
44966,Lymantriidae,Calliteara,argentata,,Butler,Taxodiaceae,Cryptomeria,japonica,,Japan,,
132221,Tortricidae,Epinotia,granitalis,,Butler,Taxodiaceae,Cryptomeria,japonica,,Japan,,
134191,Tortricidae,Homona,issikii,,Yasuda,Taxodiaceae,Cryptomeria,japonica,,Japan,,
23170,Geometridae,Protoboarmia,simpliciaria,,Leech,Taxodiaceae,Cryptomeria,japonica,,Japan,,
25204,Geometridae,Zethenia,rufescentaria,,Motschulsky,Taxodiaceae,Cryptomeria,japonica,,Japan,,
126810,Tortricidae,Archips,breviplicanus,,Walsingham,Rosaceae,Cydonia,oblonga,,Japan,,
127007,Tortricidae,Archips,fuscocupreanus,,Walsingham,Rosaceae,Cydonia,oblonga,,Japan,,
13186,Geometridae,Agathia,carissima,,Butler,Asclepiadaceae,Cynanchum,wilfordii,,Japan,,
101307,Pyralidae,Calamotropha,shichito,,Marumo,Cyperaceae,Cyperus,serotinus,,Japan,,
14046,Geometridae,Ascotis,selenaria,,Denis & Schiff.,Leguminosae (P),Cytisus,scoparius,,Japan,,
21959,Geometridae,Ourapteryx,nivea,,Butler,Leguminosae (P),Cytisus,scoparius,,Japan,,
32747,Hesperiidae,Thymelicus,sylvatica,,Bremer,Gramineae,Dactylis,glomerata,,Japan,,
14047,Geometridae,Ascotis,selenaria,,Denis & Schiff.,Compositae,Dahlia,pinnata,,Japan,,
22641,Geometridae,Phthonosema,tendinosaria,,Bremer,Compositae,Dahlia,pinnata,,Japan,,
16166,Geometridae,Ectropis,bistortata,,Goeze,Daphniphyllaceae,Daphniphyllum,humile,,Japan,,
126845,Tortricidae,Archips,capsigerana,,Kennel,Daphniphyllaceae,Daphniphyllum,teysmannii,,Japan,,
127544,Tortricidae,Archips,peratratus,,Yasuda,Daphniphyllaceae,Daphniphyllum,teysmannii,,Japan,,
14048,Geometridae,Ascotis,selenaria,,Denis & Schiff.,Umbelliferae,Daucus,carota,,Japan,,
132295,Tortricidae,Epinotia,majorana,,Caradja,Umbelliferae,Daucus,carota,,Japan,,
132296,Tortricidae,Epinotia,majorana,,Caradja,Umbelliferae,Daucus,carota,sativa,Japan,,
5857,Coleophoridae,Coleophora,kurokoi,,Oku,Compositae,Dendranthema,,,Japan,,
14049,Geometridae,Ascotis,selenaria,,Denis & Schiff.,Compositae,Dendranthema,morifolium,,Japan,,
134518,Tortricidae,Lobesia,aeolopa,,Meyrick,Compositae,Dendranthema,morifolium,,Japan,,
24732,Geometridae,Thetidia,albocostaria,,Bremer,Compositae,Dendranthema,morifolium,,Japan,,
27220,Gracillariidae,Leucospilapteryx,omissella,,Stainton,Compositae,Dendranthema,ornatum,,Japan,,
41541,Lycaenidae,Jamides,bochus,,Stoll,Leguminosae (P),Derris,elliptica,,Japan,,
41543,Lycaenidae,Jamides,bochus,,Stoll,Leguminosae (P),Derris,trifoliata,,Japan,,
86639,Nymphalidae,Neptis,hylas,,Linnaeus,Leguminosae (P),Desmodium,caudatum,,Japan,,
42771,Lycaenidae,Pithecops,corvus,,Fruhstorfer,Leguminosae (P),Desmodium,caudatum,,Japan,on buds/flowers,
40553,Lycaenidae,Everes,lacturnus,,Godart,Leguminosae (P),Desmodium,heterocarpon,,Japan,in seeds,
86641,Nymphalidae,Neptis,hylas,,Linnaeus,Leguminosae (P),Desmodium,heterocarpon,,Japan,,
29081,Gracillariidae,Porphyrosela,alternata,,Kumata,Leguminosae (P),Desmodium,heterocarpon,,Japan,,
29115,Gracillariidae,Porphyrosela,dorinda,,Meyrick,Leguminosae (P),Desmodium,heterocarpon,,Japan,,
86643,Nymphalidae,Neptis,hylas,,Linnaeus,Leguminosae (P),Desmodium,laxum,laterale,Japan,,
42772,Lycaenidae,Pithecops,corvus,,Fruhstorfer,Leguminosae (P),Desmodium,laxum,leptopus,Japan,on buds/flowers,
86644,Nymphalidae,Neptis,hylas,,Linnaeus,Leguminosae (P),Desmodium,leptopus,,Japan,,
42778,Lycaenidae,Pithecops,fulgens,,Doherty,Leguminosae (P),Desmodium,oldhamii,,Japan,on flower buds,
133486,Tortricidae,Grapholita,exigua,,Kuznetsov,Leguminosae (P),Desmodium,podocarpum,,Japan,on leaves,
133572,Tortricidae,Grapholita,okui,,Komai,Leguminosae (P),Desmodium,podocarpum,,Japan,on leaves,
133573,Tortricidae,Grapholita,okui,,Komai,Leguminosae (P),Desmodium,podocarpum,,Japan,on leaves/shoots,
27196,Gracillariidae,Hyloconis,desmodii,,Kumata,Leguminosae (P),Desmodium,podocarpum,,Japan,,
86645,Nymphalidae,Neptis,hylas,,Linnaeus,Leguminosae (P),Desmodium,podocarpum,,Japan,,
86646,Nymphalidae,Neptis,hylas,,Linnaeus,Leguminosae (P),Desmodium,podocarpum,oxyphyllum,Japan,,
42779,Lycaenidae,Pithecops,fulgens,,Doherty,Leguminosae (P),Desmodium,podocarpum,,Japan,on flower buds,
78053,Notodontidae,Yamatoa,cinnamomea,,Leech,Leguminosae (P),Desmodium,podocarpum,,Japan,,
124474,Tortricidae,Acleris,askoldana,,Christoph,Hydrangeaceae,Deutzia,,,Japan,,
136381,Tortricidae,Phiaris,electana,,Kennel,Hydrangeaceae,Deutzia,,,Japan,,
135343,Tortricidae,Olethreutes,siderana,,Treitschke,Hydrangeaceae,Deutzia,crenata,,Japan,,
43256,Lycaenidae,Rapala,arata,,Bremer,Hydrangeaceae,Deutzia,crenata,,Japan,on buds/flowers,
124660,Tortricidae,Acleris,exsucana,,Kennel,Hydrangeaceae,Deutzia,scabra,,Japan,,
43257,Lycaenidae,Rapala,arata,,Bremer,Hydrangeaceae,Deutzia,sieboldiana,,Japan,on buds/flowers,
94383,Papilionidae,Parnassius,eversmanni,,Ménétriés,Papaveraceae,Dicentra,peregrina,,Japan,,
13259,Geometridae,Alcis,angulifera,,Butler,Caprifoliaceae,Diervilla,hortensis,,Japan,,
13678,Geometridae,Angerona,nigrisparsa,,Butler,Caprifoliaceae,Diervilla,hortensis,,Japan,,
13826,Geometridae,Apeira,syringaria,,Linnaeus,Caprifoliaceae,Diervilla,hortensis,,Japan,,
14050,Geometridae,Ascotis,selenaria,,Denis & Schiff.,Caprifoliaceae,Diervilla,hortensis,,Japan,,
16167,Geometridae,Ectropis,bistortata,,Goeze,Caprifoliaceae,Diervilla,hortensis,,Japan,,
16300,Geometridae,Ectropis,excellens,,Butler,Caprifoliaceae,Diervilla,hortensis,,Japan,,
16354,Geometridae,Ectropis,obliqua,,Prout,Caprifoliaceae,Diervilla,hortensis,,Japan,,
19004,Geometridae,Hemithea,aestivaria,,Hübner,Caprifoliaceae,Diervilla,hortensis,,Japan,,
19148,Geometridae,Heterolocha,stulta,,Butler,Caprifoliaceae,Diervilla,hortensis,,Japan,,
85545,Nymphalidae,Ladoga,camilla,,Linnaeus,Caprifoliaceae,Diervilla,hortensis,,Japan,,
21010,Geometridae,Menophra,retractaria,,Moore,Caprifoliaceae,Diervilla,hortensis,,Japan,,
21960,Geometridae,Ourapteryx,nivea,,Butler,Caprifoliaceae,Diervilla,hortensis,,Japan,,
21972,Geometridae,Ourapteryx,obtusicauda,,Warren,Caprifoliaceae,Diervilla,hortensis,,Japan,,
22631,Geometridae,Phthonosema,invenustaria,,Leech,Caprifoliaceae,Diervilla,hortensis,,Japan,,
22642,Geometridae,Phthonosema,tendinosaria,,Bremer,Caprifoliaceae,Diervilla,hortensis,,Japan,,
24254,Geometridae,Spilopera,debilis,,Butler,Caprifoliaceae,Diervilla,hortensis,,Japan,,
89567,Nymphalidae,Ypthima,motschulskyi,,Ménétriés,Gramineae,Digitaria,,,Japan,,
86527,Nymphalidae,Mycalesis,perseus,,Fabricius,Gramineae,Digitaria,ciliaris,,Japan,,
127545,Tortricidae,Archips,peratratus,,Yasuda,Dioscoreaceae,Dioscorea,,,Japan,,
127008,Tortricidae,Archips,fuscocupreanus,,Walsingham,Ebenaceae,Diospyros,kaki,,Japan,,
127415,Tortricidae,Archips,nigricaudanus,,Walsingham,Ebenaceae,Diospyros,kaki,,Japan,,
74575,Nolidae,Blenina,senex,,Butler,Ebenaceae,Diospyros,kaki,,Japan,,
129693,Tortricidae,Cnephasia,cinereipalpana,,Razowski,Ebenaceae,Diospyros,kaki,,Japan,,
134202,Tortricidae,Homona,magnanima,,Diakonoff,Ebenaceae,Diospyros,kaki,,Japan,,
19924,Geometridae,Inurois,fletcheri,,Inoue,Ebenaceae,Diospyros,kaki,,Japan,,
134520,Tortricidae,Lobesia,aeolopa,,Meyrick,Ebenaceae,Diospyros,kaki,,Japan,,
134561,Tortricidae,Lobesia,aeolopa,,Meyrick,Ebenaceae,Diospyros,kaki,,Japan,on leaves,
21011,Geometridae,Menophra,retractaria,,Moore,Ebenaceae,Diospyros,kaki,,Japan,,
22255,Geometridae,Percnia,giraffata,,Guenée,Ebenaceae,Diospyros,kaki,,Japan,,
108218,Pyralidae,Pleuroptya,chlorophanta,,Butler,Ebenaceae,Diospyros,kaki,,Japan,,
137622,Tortricidae,Sparganothis,matsudai,,Yasuda,Ebenaceae,Diospyros,kaki,,Japan,,
118844,Sesiidae,Synanthedon,hector,,Butler,Ebenaceae,Diospyros,kaki,,Japan,in trunks,
119167,Sesiidae,Synanthedon,tenue,,Butler,Ebenaceae,Diospyros,kaki,,Japan,,
119175,Sesiidae,Synanthedon,tenue,,Butler,Ebenaceae,Diospyros,kaki,,Japan,in trunks,
22256,Geometridae,Percnia,giraffata,,Guenée,Ebenaceae,Diospyros,lotus,,Japan,,
127110,Tortricidae,Archips,ingentanus,,Christoph,Convallariaceae,Disporum,smilacinum,,Japan,,
25425,Gracillariidae,Acrocercops,distylii,,Kumata & Kuroko,Hamamelidaceae,Distylium,racemosum,,Japan,,
37891,Lycaenidae,Acytolepis,puspa,,Horsfield,Hamamelidaceae,Distylium,racemosum,,Japan,on flower buds,
75225,Nolidae,Nola,innocua,,Butler,Hamamelidaceae,Distylium,racemosum,,Japan,,
26385,Gracillariidae,Caloptilia,soyella,,Deventer,Leguminosae (P),Dolichos,,,Japan,,
138650,Tortricidae,Ukamenia,sapporensis,,Matsumura,Insecta,Dryocosmus (Z),kuriphilus,,Japan,in galls,
10734,Gelechiidae,Dichomeris,hoplocrates,,Meyrick,Rosaceae,Duchesnea,chrysantha,,Japan,,
21581,Geometridae,Nyssiodes,lefuarius,,Erschoff,Rosaceae,Duchesnea,chrysantha,,Japan,,
40238,Lycaenidae,Euchrysops,cnejus,,Fabricius,Leguminosae (P),Dunbaria,villosa,,Japan,on buds/flowers/fruits,
125130,Tortricidae,Acleris,submaccana,,Filipjev,Betulaceae,Duschekia,maximowiczii,,Japan,,
13925,Geometridae,Aracima,muscosa,,Butler,Betulaceae,Duschekia,maximowiczii,,Japan,,
14566,Geometridae,Cabera,purus,,Butler,Betulaceae,Duschekia,maximowiczii,,Japan,,
26266,Gracillariidae,Caloptilia,pulverea,,Kumata,Betulaceae,Duschekia,maximowiczii,,Japan,,
84861,Nymphalidae,Junonia,almana,,Linnaeus,Acanthaceae,Dyschoriste,repens,,Japan,,
85191,Nymphalidae,Junonia,lemonias,,Linnaeus,Acanthaceae,Dyschoriste,repens,,Japan,,
9193,Ethmiidae,Ethmia,nigroapicella,,Saalmüller,Boraginaceae,Ehretia,buxifolia,,Japan,,
9195,Ethmiidae,Ethmia,nigroapicella,,Saalmüller,Boraginaceae,Ehretia,dicksonii,,Japan,,
27108,Gracillariidae,Dialectica,geometra,,Meyrick,Boraginaceae,Ehretia,microphylla,,Japan,,
27112,Gracillariidae,Dialectica,japonica,,Kumata & Kuroko,Boraginaceae,Ehretia,ovalifolia,,Japan,,
126523,Tortricidae,Apotomis,basipunctana,,Walsingham,Elaeagnaceae,Elaeagnus,,,Japan,,
126572,Tortricidae,Apotomis,lacteifascies,,Walsingham,Elaeagnaceae,Elaeagnus,,,Japan,,
126811,Tortricidae,Archips,breviplicanus,,Walsingham,Elaeagnaceae,Elaeagnus,,,Japan,,
127779,Tortricidae,Archips,semistructa,,Meyrick,Elaeagnaceae,Elaeagnus,,,Japan,,
134334,Tortricidae,Homonopsis,illotana,,Kennel,Elaeagnaceae,Elaeagnus,,,Japan,,
136986,Tortricidae,Pseudohedya,gradana,,Christoph,Elaeagnaceae,Elaeagnus,,,Japan,,
19557,Geometridae,Hypomecis,punctinalis,,Scopoli,Elaeagnaceae,Elaeagnus,umbellata,,Japan,,
24045,Geometridae,Semiothisa,normata,,Alphéraky,Elaeagnaceae,Elaeagnus,umbellata,,Japan,,
1,Roeslerstammiidae,Agriothera,,,,Elaeocarpaceae,Elaeocarpus,,,Japan,in and on leaves,
131238,Tortricidae,Dactylioglypha,tonica,,Meyrick,Elaeocarpaceae,Elaeocarpus,japonicus,,Japan,,
131239,Tortricidae,Dactylioglypha,tonica,,Meyrick,Elaeocarpaceae,Elaeocarpus,sylvestris,,Japan,,
76398,Notodontidae,Epodonta,lineata,,Oberthür,Araliaceae,Eleutherococcus,septemlobum,,Japan,,
14051,Geometridae,Ascotis,selenaria,,Denis & Schiff.,Araliaceae,Eleutherococcus,sieboldianus,,Japan,,
15906,Geometridae,Diplodesma,ussuriaria,,Bremer,Araliaceae,Eleutherococcus,sieboldianus,,Japan,,
20257,Geometridae,Jodis,urosticta,,Prout,Ericaceae,Elliottia,paniculata,,Japan,,
21973,Geometridae,Ourapteryx,obtusicauda,,Warren,Ericaceae,Elliottia,paniculata,,Japan,,
22805,Geometridae,Plagodis,pulveraria,,Linnaeus,Ericaceae,Elliottia,paniculata,,Japan,,
25191,Geometridae,Zethenia,albonotaria,,Bremer,Ericaceae,Elliottia,paniculata,,Japan,,
28291,Gracillariidae,Phyllonorycter,engelhardiae,,Kumata,Juglandaceae,Engelhardtia,spicata,,Japan,,
29067,Gracillariidae,Phyllonorycter,yamadai,,Kumata,Juglandaceae,Engelhardtia,spicata,,Japan,,
13040,Geometridae,Abraxas,grossulariata,,Linnaeus,Ericaceae,Enkianthus,campanulatus,,Japan,,
125269,Tortricidae,Acleris,yasudai,,Razowski,Ericaceae,Enkianthus,campanulatus,,Japan,,
125270,Tortricidae,Acleris,yasudai,,Razowski,Ericaceae,Enkianthus,campanulatus,sikokianus,Japan,,
38939,Lycaenidae,Callophrys,ferrea,,Butler,Ericaceae,Enkianthus,japonicus,,Japan,on flowers/fruits/leaves,
23714,Geometridae,Selenia,adustaria,,Leech,Ericaceae,Enkianthus,japonicus,,Japan,,
86649,Nymphalidae,Neptis,hylas,,Linnaeus,Leguminosae (M),Entada,phaseoloides,,Japan,,
26156,Gracillariidae,Caloptilia,magnifica,moriokensis,Kumata,Berberidaceae,Epimedium,grandiflorum,thunbergianum,Japan,,
129924,Tortricidae,Cochylidia,heydeniana,,Herrich-Schäffer,Compositae,Erigeron,,,Japan,,
127010,Tortricidae,Archips,fuscocupreanus,,Walsingham,Compositae,Erigeron,annuus,,Japan,,
14052,Geometridae,Ascotis,selenaria,,Denis & Schiff.,Compositae,Erigeron,annuus,,Japan,,
129694,Tortricidae,Cnephasia,cinereipalpana,,Razowski,Compositae,Erigeron,annuus,,Japan,,
16301,Geometridae,Ectropis,excellens,,Butler,Compositae,Erigeron,annuus,,Japan,,
10886,Gelechiidae,Dichomeris,ochthophora,,Meyrick,Rosaceae,Eriobotrya,japonica,,Japan,,
134521,Tortricidae,Lobesia,aeolopa,,Meyrick,Rosaceae,Eriobotrya,japonica,,Japan,,
134562,Tortricidae,Lobesia,aeolopa,,Meyrick,Rosaceae,Eriobotrya,japonica,,Japan,on leaves,
13042,Geometridae,Abraxas,grossulariata,,Linnaeus,Celastraceae,Euonymus,alata,,Japan,,
13069,Geometridae,Abraxas,latifasciata,,Warren,Celastraceae,Euonymus,alata,,Japan,,
13073,Geometridae,Abraxas,miranda,,Butler,Celastraceae,Euonymus,alata,,Japan,,
13120,Geometridae,Acrodontis,sp. A,,,Celastraceae,Euonymus,alata,,Japan,,
14584,Geometridae,Calicha,ornataria,,Leech,Celastraceae,Euonymus,alata,,Japan,,
20493,Geometridae,Ligdia,japonaria,,Leech,Celastraceae,Euonymus,alata,,Japan,,
21135,Geometridae,Microcalicha,fumosaria,,Leech,Celastraceae,Euonymus,alata,,Japan,,
21143,Geometridae,Microcalicha,sordida,,Butler,Celastraceae,Euonymus,alata,,Japan,,
49244,Lyonetiidae,Proleucoptera,celastrella,,Kuroko,Celastraceae,Euonymus,alata,,Japan,,
23079,Geometridae,Proteostrenia,leda,,Butler,Celastraceae,Euonymus,alata,,Japan,,
23196,Geometridae,Pseuderannis,lomozemia,,Prout,Celastraceae,Euonymus,alata,,Japan,,
139848,Yponomeutidae,Yponomeuta,kanaiella,,Matsumura,Celastraceae,Euonymus,alata,,Japan,,
139867,Yponomeutidae,Yponomeuta,menkeni,,Gersh. & Ulenb.,Celastraceae,Euonymus,alata,,Japan,,
139970,Yponomeutidae,Yponomeuta,yanagawana,,Matsumura,Celastraceae,Euonymus,alata,,Japan,,
139971,Yponomeutidae,Yponomeuta,yanagawana,,Matsumura,Celastraceae,Euonymus,europaea,,Japan,,
13075,Geometridae,Abraxas,miranda,,Butler,Celastraceae,Euonymus,fortunei,radicans,Japan,,
13121,Geometridae,Acrodontis,sp. A,,,Celastraceae,Euonymus,fortunei,radicans,Japan,,
139814,Yponomeutidae,Yponomeuta,bipunctellus,,Matsumura,Celastraceae,Euonymus,fortunei,,Japan,,
139863,Yponomeutidae,Yponomeuta,mayumivorella,,Matsumura,Celastraceae,Euonymus,fortunei,,Japan,,
139865,Yponomeutidae,Yponomeuta,meguronis,,Matsumura,Celastraceae,Euonymus,fortunei,,Japan,,
13076,Geometridae,Abraxas,miranda,,Butler,Celastraceae,Euonymus,japonica,,Japan,,
14413,Geometridae,Biston,recursaria,,Walker,Celastraceae,Euonymus,japonica,,Japan,,
14440,Geometridae,Biston,robustus,,Butler,Celastraceae,Euonymus,japonica,,Japan,,
19137,Geometridae,Heterarmia,charon,,Butler,Celastraceae,Euonymus,japonica,,Japan,,
134203,Tortricidae,Homona,magnanima,,Diakonoff,Celastraceae,Euonymus,japonica,,Japan,,
21136,Geometridae,Microcalicha,fumosaria,,Leech,Celastraceae,Euonymus,japonica,,Japan,,
139866,Yponomeutidae,Yponomeuta,meguronis,,Matsumura,Celastraceae,Euonymus,japonica,,Japan,,
139972,Yponomeutidae,Yponomeuta,yanagawana,,Matsumura,Celastraceae,Euonymus,japonica,,Japan,,
13070,Geometridae,Abraxas,latifasciata,,Warren,Celastraceae,Euonymus,macroptera,,Japan,,
23080,Geometridae,Proteostrenia,leda,,Butler,Celastraceae,Euonymus,macroptera,,Japan,,
139963,Yponomeutidae,Yponomeuta,spodocrossa,,Meyrick,Celastraceae,Euonymus,macroptera,,Japan,,
13029,Geometridae,Abraxas,fulvobasalis,,Warren,Celastraceae,Euonymus,melananthus,,Japan,,
14414,Geometridae,Biston,recursaria,,Walker,Celastraceae,Euonymus,oxyphylla,,Japan,,
20494,Geometridae,Ligdia,japonaria,,Leech,Celastraceae,Euonymus,oxyphylla,,Japan,,
21137,Geometridae,Microcalicha,fumosaria,,Leech,Celastraceae,Euonymus,oxyphylla,,Japan,,
22632,Geometridae,Phthonosema,invenustaria,,Leech,Celastraceae,Euonymus,oxyphylla,,Japan,,
49246,Lyonetiidae,Proleucoptera,oxyphyllella,,Kuroko,Celastraceae,Euonymus,oxyphylla,,Japan,,
23081,Geometridae,Proteostrenia,leda,,Butler,Celastraceae,Euonymus,oxyphylla,,Japan,,
139873,Yponomeutidae,Yponomeuta,montanatus,,Moriuti,Celastraceae,Euonymus,oxyphylla,,Japan,,
13030,Geometridae,Abraxas,fulvobasalis,,Warren,Celastraceae,Euonymus,sieboldiana,,Japan,,
13043,Geometridae,Abraxas,grossulariata,,Linnaeus,Celastraceae,Euonymus,sieboldiana,,Japan,,
13071,Geometridae,Abraxas,latifasciata,,Warren,Celastraceae,Euonymus,sieboldiana,,Japan,,
14415,Geometridae,Biston,recursaria,,Walker,Celastraceae,Euonymus,sieboldiana,,Japan,,
14585,Geometridae,Calicha,ornataria,,Leech,Celastraceae,Euonymus,sieboldiana,,Japan,,
15790,Geometridae,Cystidia,couaggaria,,Guenée,Celastraceae,Euonymus,sieboldiana,,Japan,,
15810,Geometridae,Cystidia,truncangulata,,Wehrli,Celastraceae,Euonymus,sieboldiana,,Japan,,
21138,Geometridae,Microcalicha,fumosaria,,Leech,Celastraceae,Euonymus,sieboldiana,,Japan,,
23082,Geometridae,Proteostrenia,leda,,Butler,Celastraceae,Euonymus,sieboldiana,,Japan,,
139864,Yponomeutidae,Yponomeuta,mayumivorella,,Matsumura,Celastraceae,Euonymus,sieboldiana,,Japan,,
139868,Yponomeutidae,Yponomeuta,menkeni,,Gersh. & Ulenb.,Celastraceae,Euonymus,sieboldiana,,Japan,,
139884,Yponomeutidae,Yponomeuta,osakae,,Moriuti,Celastraceae,Euonymus,sieboldiana,,Japan,,
139964,Yponomeutidae,Yponomeuta,spodocrossa,,Meyrick,Celastraceae,Euonymus,sieboldiana,,Japan,,
133742,Tortricidae,Gynnidomorpha,permixtana,,Denis & Schiff.,Scrophulariaceae,Euphrasia,,,Japan,,
15853,Geometridae,Descoreba,simplex,,Butler,Eupteleaceae,Euptelea,polyandra,,Japan,,
16067,Geometridae,Ectropis,aigneri,,Prout,Eupteleaceae,Euptelea,polyandra,,Japan,,
16168,Geometridae,Ectropis,bistortata,,Goeze,Eupteleaceae,Euptelea,polyandra,,Japan,,
16302,Geometridae,Ectropis,excellens,,Butler,Eupteleaceae,Euptelea,polyandra,,Japan,,
75257,Nolidae,Nola,nami,,Inoue,Eupteleaceae,Euptelea,polyandra,,Japan,,
23246,Geometridae,Psyra,bluethgeni,,Püngeler,Eupteleaceae,Euptelea,polyandra,,Japan,,
25849,Gracillariidae,Borboryctis,euryae,,Kumata & Kuroko,Theaceae,Eurya,,,Japan,,
25850,Gracillariidae,Borboryctis,euryae,,Kumata & Kuroko,Theaceae,Eurya,emarginata,,Japan,,
49116,Lyonetiidae,Lyonetia,euryella,,Kuroko,Theaceae,Eurya,emarginata,,Japan,,
13260,Geometridae,Alcis,angulifera,,Butler,Theaceae,Eurya,japonica,,Japan,,
14441,Geometridae,Biston,robustus,,Butler,Theaceae,Eurya,japonica,,Japan,,
25851,Gracillariidae,Borboryctis,euryae,,Kumata & Kuroko,Theaceae,Eurya,japonica,,Japan,,
26138,Gracillariidae,Caloptilia,kadsurae,,Kumata,Theaceae,Eurya,japonica,,Japan,,
15054,Geometridae,Chloromachia,infracta,,Wileman,Theaceae,Eurya,japonica,,Japan,,
15624,Geometridae,Comostola,subtiliaria,,Bremer,Theaceae,Eurya,japonica,,Japan,,
76315,Notodontidae,Disparia,variegata,,Wileman,Theaceae,Eurya,japonica,,Japan,,
16169,Geometridae,Ectropis,bistortata,,Goeze,Theaceae,Eurya,japonica,,Japan,,
16303,Geometridae,Ectropis,excellens,,Butler,Theaceae,Eurya,japonica,,Japan,,
46130,Lymantriidae,Euproctis,pulverea,,Leech,Theaceae,Eurya,japonica,,Japan,,
49117,Lyonetiidae,Lyonetia,euryella,,Kuroko,Theaceae,Eurya,japonica,,Japan,,
21961,Geometridae,Ourapteryx,nivea,,Butler,Theaceae,Eurya,japonica,,Japan,,
27250,Gracillariidae,Macarostola,japonica,,Kumata,Staphyleaceae,Euscaphis,japonica,,Japan,,
14055,Geometridae,Ascotis,selenaria,,Denis & Schiff.,Polygonaceae,Fagopyrum,esculentum,,Japan,,
76004,Notodontidae,Cnethodonta,grisescens,,Staudinger,Fagaceae,Fagus,,,Japan,,
77284,Notodontidae,Peridea,moltrechti,,Oberthür,Fagaceae,Fagus,,,Japan,,
77445,Notodontidae,Pheosiopsis,olivacea,,Matsumura,Fagaceae,Fagus,,,Japan,,
77549,Notodontidae,Quadricalcarifera,perdix,,Moore,Fagaceae,Fagus,,,Japan,,
77557,Notodontidae,Quadricalcarifera,punctatella,,Motschulsky,Fagaceae,Fagus,,,Japan,,
13025,Geometridae,Abaciscus,albipunctata,,Inoue,Fagaceae,Fagus,crenata,,Japan,on leaves,
124449,Tortricidae,Acleris,aestuosa,,Yasuda,Fagaceae,Fagus,crenata,,Japan,,
124450,Tortricidae,Acleris,aestuosa,,Yasuda,Fagaceae,Fagus,crenata,,Japan,on leaves,
125016,Tortricidae,Acleris,phantastica,,Razowski & Yas.,Fagaceae,Fagus,crenata,,Japan,on leaves,
13112,Geometridae,Acrodontis,kotshubeji,,Sheljuzhko,Fagaceae,Fagus,crenata,,Japan,on leaves,
110642,Saturniidae,Aglia,tau,,Linnaeus,Fagaceae,Fagus,crenata,,Japan,on leaves,
13229,Geometridae,Agriopis,dira,,Butler,Fagaceae,Fagus,crenata,,Japan,on leaves,
100510,Pyralidae,Agrotera,nemoralis,,Scopoli,Fagaceae,Fagus,crenata,,Japan,on leaves,
13345,Geometridae,Alsophila,japonensis,,Warren,Fagaceae,Fagus,crenata,,Japan,,
13365,Geometridae,Alsophila,japonensis,,Warren,Fagaceae,Fagus,crenata,,Japan,on leaves,
54442,Noctuidae,Amphipyra,schrenckii,,Ménétriés,Fagaceae,Fagus,crenata,,Japan,on leaves,
111071,Saturniidae,Antheraea,pernyi,,Guérin-Méneville,Fagaceae,Fagus,crenata,,Japan,on leaves,
38292,Lycaenidae,Antigius,attilia,,Bremer,Fagaceae,Fagus,crenata,,Japan,on leaves,
127845,Tortricidae,Archips,viola,,Falkovitsh,Fagaceae,Fagus,crenata,,Japan,on leaves,
44768,Lymantriidae,Arctornis,chichibense,,Matsumura,Fagaceae,Fagus,crenata,,Japan,on leaves,
44784,Lymantriidae,Arctornis,l-nigrum,,Müller,Fagaceae,Fagus,crenata,,Japan,on leaves,
14311,Geometridae,Biston,betularia,,Linnaeus,Fagaceae,Fagus,crenata,,Japan,on leaves,
56802,Noctuidae,Brachionycha,nubeculosa,,Esper,Fagaceae,Fagus,crenata,,Japan,on leaves,
14557,Geometridae,Cabera,exanthemata,,Scopoli,Fagaceae,Fagus,crenata,,Japan,on leaves,
45093,Lymantriidae,Calliteara,lunulata,,Butler,Fagaceae,Fagus,crenata,,Japan,on leaves,
45101,Lymantriidae,Calliteara,pseudabietis,,Butler,Fagaceae,Fagus,crenata,,Japan,on leaves,
57366,Noctuidae,Catocala,connexa,,Butler,Fagaceae,Fagus,crenata,,Japan,on leaves,
57607,Noctuidae,Catocala,nubila,,Butler,Fagaceae,Fagus,crenata,,Japan,on leaves,
57973,Noctuidae,Chasminodes,nervosa,,Butler,Fagaceae,Fagus,crenata,,Japan,on leaves,
57974,Noctuidae,Chasminodes,unipuncta,,Sugi,Fagaceae,Fagus,crenata,,Japan,on leaves,
39479,Lycaenidae,Chrysozephyrus,ataxus,,Westwood,Fagaceae,Fagus,crenata,,Japan,on leaves,
39501,Lycaenidae,Chrysozephyrus,aurorinus,,Oberthür,Fagaceae,Fagus,crenata,,Japan,on leaves,Y
39534,Lycaenidae,Chrysozephyrus,hisamatsusanus,,Nagami & Ishiga,Fagaceae,Fagus,crenata,,Japan,on leaves,
39576,Lycaenidae,Chrysozephyrus,smaragdinus,,Bremer,Fagaceae,Fagus,crenata,,Japan,on leaves,Y
129590,Tortricidae,Clepsis,rurinana,,Linnaeus,Fagaceae,Fagus,crenata,,Japan,on leaves,
76011,Notodontidae,Cnethodonta,japonica,,Sugi,Fagaceae,Fagus,crenata,,Japan,on leaves,
5676,Coleophoridae,Coleophora,currucipennella,,Zeller,Fagaceae,Fagus,crenata,,Japan,on leaves,
91860,Pantheidae,Colocasia,jezoensis,,Matsumura,Fagaceae,Fagus,crenata,,Japan,on leaves,
15510,Geometridae,Colotois,pennaria,,Linnaeus,Fagaceae,Fagus,crenata,,Japan,,
15539,Geometridae,Colotois,pennaria,,Linnaeus,Fagaceae,Fagus,crenata,,Japan,on leaves,
15546,Geometridae,Comibaena,amoenaria,,Oberthür,Fagaceae,Fagus,crenata,,Japan,on leaves,Y
58657,Noctuidae,Cosmia,pyralina,,Denis & Schiff.,Fagaceae,Fagus,crenata,,Japan,on leaves,
7459,Cossidae,Cossus,cossus,,Linnaeus,Fagaceae,Fagus,crenata,,Japan,in branches/trunk,
7474,Cossidae,Cossus,vicarius,,Walker,Fagaceae,Fagus,crenata,,Japan,in branches/trunk,
15678,Geometridae,Cryptochorina,amphidasyaria,,Oberthür,Fagaceae,Fagus,crenata,,Japan,,
15683,Geometridae,Cryptochorina,amphidasyaria,,Oberthür,Fagaceae,Fagus,crenata,,Japan,on leaves,
16383,Geometridae,Electrophaes,corylata,,Thunberg,Fagaceae,Fagus,crenata,,Japan,on leaves,
59808,Noctuidae,Enargia,flavata,,Wileman & West,Fagaceae,Fagus,crenata,,Japan,on leaves,
16458,Geometridae,Ennomos,autumnaria,,Werneburg,Fagaceae,Fagus,crenata,,Japan,on leaves,
16920,Geometridae,Erannis,golda,,Butler,Fagaceae,Fagus,crenata,,Japan,,
16944,Geometridae,Erannis,golda,,Djakonov,Fagaceae,Fagus,crenata,,Japan,on leaves,
76400,Notodontidae,Eriodonta,amagisana,,Marumo,Fagaceae,Fagus,crenata,,Japan,on leaves,Y
40560,Lycaenidae,Favonius,cognatus,,Staudinger,Fagaceae,Fagus,crenata,,Japan,on leaves,Y
40623,Lycaenidae,Favonius,saphirinus,,Staudinger,Fagaceae,Fagus,crenata,,Japan,on leaves,Y
76413,Notodontidae,Fentonia,ocypete,,Bremer,Fagaceae,Fagus,crenata,,Japan,on leaves,
18776,Geometridae,Geometra,papilionaria,,Linnaeus,Fagaceae,Fagus,crenata,,Japan,on leaves,
76585,Notodontidae,Harpyia,umbrosa,,Staudinger,Fagaceae,Fagus,crenata,,Japan,on leaves,
19096,Geometridae,Hesperumia,babai,,Sato,Fagaceae,Fagus,crenata,,Japan,on leaves,Y
19911,Geometridae,Idiotephria,amelia,,Butler,Fagaceae,Fagus,crenata,,Japan,on leaves,
19946,Geometridae,Inurois,fumosa,,Inoue,Fagaceae,Fagus,crenata,,Japan,on leaves,
19954,Geometridae,Inurois,punctigera,,Prout,Fagaceae,Fagus,crenata,,Japan,,
19963,Geometridae,Inurois,punctigera,,Prout,Fagaceae,Fagus,crenata,,Japan,on leaves,
20472,Geometridae,Larerannis,orthogrammaria,,Wehrli,Fagaceae,Fagus,crenata,,Japan,on leaves,
134670,Tortricidae,Lobesia,reliquana,,Hübner,Fagaceae,Fagus,crenata,,Japan,on leaves,
76861,Notodontidae,Lophontosia,pryeri,,Butler,Fagaceae,Fagus,crenata,,Japan,on leaves,
46994,Lymantriidae,Lymantria,monacha,,Linnaeus,Fagaceae,Fagus,crenata,,Japan,on leaves,
66016,Noctuidae,Moma,alpium,,Osbeck,Fagaceae,Fagus,crenata,,Japan,on leaves,
8445,Drepanidae,Nordstromia,grisearia,,Staudinger,Fagaceae,Fagus,crenata,,Japan,on leaves,
47110,Lymantriidae,Numenes,albofascia,,Leech,Fagaceae,Fagus,crenata,,Japan,on leaves,
21647,Geometridae,Odontopera,bidentata,,Clerck,Fagaceae,Fagus,crenata,,Japan,on leaves,
66572,Noctuidae,Oglasa,bifidalis,,Leech,Fagaceae,Fagus,crenata,,Japan,on leaves,
67215,Noctuidae,Orthosia,paromoea,,Hampson,Fagaceae,Fagus,crenata,,Japan,on leaves,
22166,Geometridae,Paradarisa,consonaria,,Hübner,Fagaceae,Fagus,crenata,,Japan,on leaves,
136124,Tortricidae,Parapammene,sp. E,,,Fagaceae,Fagus,crenata,,Japan,,
8481,Drepanidae,Parapsestis,albida,,Suzuki,Fagaceae,Fagus,crenata,,Japan,on leaves,
77285,Notodontidae,Peridea,moltrechti,,Oberthür,Fagaceae,Fagus,crenata,,Japan,on leaves,
77376,Notodontidae,Phalera,minor,,Nagano,Fagaceae,Fagus,crenata,,Japan,on leaves,
77446,Notodontidae,Pheosiopsis,olivacea,,Matsumura,Fagaceae,Fagus,crenata,,Japan,on leaves,
22655,Geometridae,Phthonosema,tendinosaria,,Bremer,Fagaceae,Fagus,crenata,,Japan,on leaves,
28296,Gracillariidae,Phyllonorycter,fagifolia,,Kumata,Fagaceae,Fagus,crenata,,Japan,,
28297,Gracillariidae,Phyllonorycter,fagifolia,,Kumata,Fagaceae,Fagus,crenata,,Japan,on leaves,
48441,Lymantriidae,Pida,niphonis,,Butler,Fagaceae,Fagus,crenata,,Japan,on leaves,
23193,Geometridae,Pseuderannis,amplipennis,,Inoue,Fagaceae,Fagus,crenata,,Japan,on leaves,
75397,Nolidae,Pseudoips,fagana,,Fabricius,Fagaceae,Fagus,crenata,,Japan,on leaves,
136991,Tortricidae,Pseudopammene,fagivora,,Komai,Fagaceae,Fagus,crenata,,Japan,,
136992,Tortricidae,Pseudopammene,fagivora,,Komai,Fagaceae,Fagus,crenata,,Japan,in seeds,
136993,Tortricidae,Pseudopammene,fagivora,,Komai,Fagaceae,Fagus,crenata,,Japan,on nuts,
77524,Notodontidae,Ptilodon,jezoensis,,Matsumura,Fagaceae,Fagus,crenata,,Japan,,
77528,Notodontidae,Ptilodon,jezoensis,,Matsumura,Fagaceae,Fagus,crenata,,Japan,on leaves,
77554,Notodontidae,Quadricalcarifera,pryeri,,Leech,Fagaceae,Fagus,crenata,,Japan,on leaves,
77558,Notodontidae,Quadricalcarifera,punctatella,,Motschulsky,Fagaceae,Fagus,crenata,,Japan,on leaves,
43232,Lycaenidae,Quercusia,fujisana,,Matsumura,Fagaceae,Fagus,crenata,,Japan,on leaves,
43244,Lycaenidae,Quercusia,fujisanus,,Matsumura,Fagaceae,Fagus,crenata,,Japan,on buds,
137129,Tortricidae,Rhopalovalva,amabilis,,Oku,Fagaceae,Fagus,crenata,,Japan,,
137130,Tortricidae,Rhopalovalva,amabilis,,Oku,Fagaceae,Fagus,crenata,,Japan,on leaves,
43703,Lycaenidae,Sibataniozephyrus,fujisanus,,Matsumura,Fagaceae,Fagus,crenata,,Japan,on buds/leaves,
77881,Notodontidae,Spatalia,jezoensis,,Wileman & South,Fagaceae,Fagus,crenata,,Japan,,
77882,Notodontidae,Spatalia,jezoensis,,Wileman & South,Fagaceae,Fagus,crenata,,Japan,on leaves,
71233,Noctuidae,Spodoptera,exigua,,Hübner,Fagaceae,Fagus,crenata,,Japan,on leaves,
44061,Lycaenidae,Strymonidia,w-album,,Knoch,Fagaceae,Fagus,crenata,,Japan,on leaves,
72696,Noctuidae,Sypnoides,hercules,,Butler,Fagaceae,Fagus,crenata,,Japan,on leaves,
77983,Notodontidae,Takadonta,takamukui,,Matsumura,Fagaceae,Fagus,crenata,,Japan,on leaves,
48825,Lymantriidae,Topomesoides,jonasii,,Butler,Fagaceae,Fagus,crenata,,Japan,on leaves,
24809,Geometridae,Trichopteryx,fastuosa,,Inoue,Fagaceae,Fagus,crenata,,Japan,on leaves,
73449,Noctuidae,Trisateles,emortualis,,Denis & Schiff.,Fagaceae,Fagus,crenata,,Japan,on leaves,
24910,Geometridae,Wilemania,nitobei,,Nitobe,Fagaceae,Fagus,crenata,,Japan,,
24929,Geometridae,Wilemania,nitobei,,Nitobe,Fagaceae,Fagus,crenata,,Japan,on leaves,
140035,Yponomeutidae,Ypsolopha,parenthesella,,Linnaeus,Fagaceae,Fagus,crenata,,Japan,on leaves,
8131,Cossidae,Zeuzera,multistrigata,,Moore,Fagaceae,Fagus,crenata,,Japan,in branches/trunk,
13044,Geometridae,Abraxas,grossulariata,,Linnaeus,Fagaceae,Fagus,japonica,,Japan,,
13064,Geometridae,Abraxas,grossulariata,,Linnaeus,Fagaceae,Fagus,japonica,,Japan,on leaves,
13346,Geometridae,Alsophila,japonensis,,Warren,Fagaceae,Fagus,japonica,,Japan,,
13366,Geometridae,Alsophila,japonensis,,Warren,Fagaceae,Fagus,japonica,,Japan,on leaves,
44769,Lymantriidae,Arctornis,chichibense,,Matsumura,Fagaceae,Fagus,japonica,,Japan,on leaves,
57608,Noctuidae,Catocala,nubila,,Butler,Fagaceae,Fagus,japonica,,Japan,on leaves,
39480,Lycaenidae,Chrysozephyrus,ataxus,,Westwood,Fagaceae,Fagus,japonica,,Japan,on leaves,Y
76012,Notodontidae,Cnethodonta,japonica,,Sugi,Fagaceae,Fagus,japonica,,Japan,on leaves,
15511,Geometridae,Colotois,pennaria,,Linnaeus,Fagaceae,Fagus,japonica,,Japan,,
15540,Geometridae,Colotois,pennaria,,Linnaeus,Fagaceae,Fagus,japonica,,Japan,on leaves,
16304,Geometridae,Ectropis,excellens,,Butler,Fagaceae,Fagus,japonica,,Japan,,
16325,Geometridae,Ectropis,excellens,,Butler,Fagaceae,Fagus,japonica,,Japan,on leaves,
16945,Geometridae,Erannis,golda,,Djakonov,Fagaceae,Fagus,japonica,,Japan,on leaves,
17107,Geometridae,Esakiopteryx,volitans,,Butler,Fagaceae,Fagus,japonica,,Japan,on leaves,
17108,Geometridae,Esakiopteryx,volitans,,Butler,Fagaceae,Fagus,japonica,,Japan,on leaves,Y
40561,Lycaenidae,Favonius,cognatus,,Staudinger,Fagaceae,Fagus,japonica,,Japan,on leaves,Y
76414,Notodontidae,Fentonia,ocypete,,Bremer,Fagaceae,Fagus,japonica,,Japan,on leaves,
8446,Drepanidae,Nordstromia,grisearia,,Staudinger,Fagaceae,Fagus,japonica,,Japan,on leaves,
66573,Noctuidae,Oglasa,bifidalis,,Leech,Fagaceae,Fagus,japonica,,Japan,on leaves,
21811,Geometridae,Operophtera,brumata,,Linnaeus,Fagaceae,Fagus,japonica,,Japan,on leaves,
21863,Geometridae,Operophtera,relegata,,Prout,Fagaceae,Fagus,japonica,,Japan,on leaves,
77286,Notodontidae,Peridea,moltrechti,,Oberthür,Fagaceae,Fagus,japonica,,Japan,on leaves,
77447,Notodontidae,Pheosiopsis,olivacea,,Matsumura,Fagaceae,Fagus,japonica,,Japan,on leaves,
77559,Notodontidae,Quadricalcarifera,punctatella,,Motschulsky,Fagaceae,Fagus,japonica,,Japan,on leaves,
43233,Lycaenidae,Quercusia,fujisana,,Matsumura,Fagaceae,Fagus,japonica,,Japan,on leaves,
43245,Lycaenidae,Quercusia,fujisanus,,Matsumura,Fagaceae,Fagus,japonica,,Japan,on buds,
43704,Lycaenidae,Sibataniozephyrus,fujisanus,,Matsumura,Fagaceae,Fagus,japonica,,Japan,on buds/leaves,
77883,Notodontidae,Spatalia,jezoensis,,Wileman & South,Fagaceae,Fagus,japonica,,Japan,on leaves,
77984,Notodontidae,Takadonta,takamukui,,Matsumura,Fagaceae,Fagus,japonica,,Japan,on leaves,
24810,Geometridae,Trichopteryx,fastuosa,,Inoue,Fagaceae,Fagus,japonica,,Japan,on leaves,Y
24813,Geometridae,Trichopteryx,microloba,,Inoue,Fagaceae,Fagus,japonica,,Japan,on leaves,Y
42855,Lycaenidae,Plebejus,argus,,Linnaeus,Polygonaceae,Fallopia,,,Japan,,
15579,Geometridae,Comibaena,diluta,,Warren,Compositae,Farfugium,japonicum,,Japan,,
15598,Geometridae,Comibaena,obsoletaria,,Leech,Compositae,Farfugium,japonicum,,Japan,,
25462,Gracillariidae,Acrocercops,ficuvorella,,Yazaki,Moraceae,Ficus,,,Japan,,
101679,Pyralidae,Cirrhochrista,brizoalis,,Walker,Moraceae,Ficus,,,Japan,,
81684,Nymphalidae,Cyrestis,thyodamas,,Boisduval,Moraceae,Ficus,,,Japan,,
27335,Gracillariidae,Melanocercops,ficuvorella,,Yazaki,Moraceae,Ficus,carica,,Japan,,
81688,Nymphalidae,Cyrestis,thyodamas,,Boisduval,Moraceae,Ficus,erecta,,Japan,,
27336,Gracillariidae,Melanocercops,ficuvorella,,Yazaki,Moraceae,Ficus,erecta,,Japan,,
81690,Nymphalidae,Cyrestis,thyodamas,,Boisduval,Moraceae,Ficus,microcarpa,,Japan,,
27342,Gracillariidae,Melanocercops,phractopa,,Meyrick,Moraceae,Ficus,microcarpa,,Japan,,
27337,Gracillariidae,Melanocercops,ficuvorella,,Yazaki,Moraceae,Ficus,nipponica,,Japan,,
27338,Gracillariidae,Melanocercops,ficuvorella,,Yazaki,Moraceae,Ficus,pumila,,Japan,,
81695,Nymphalidae,Cyrestis,thyodamas,,Boisduval,Moraceae,Ficus,septica,,Japan,,
27339,Gracillariidae,Melanocercops,ficuvorella,,Yazaki,Moraceae,Ficus,virgata,,Japan,,
79835,Nymphalidae,Brenthis,ino,,Rottemburg,Rosaceae,Filipendula,,,Japan,,
135344,Tortricidae,Olethreutes,siderana,,Treitschke,Rosaceae,Filipendula,multijuga,,Japan,,
107617,Pyralidae,Palpita,nigropunctalis,,Bremer,Sterculiaceae,Firmiana,,,Japan,,
43698,Lycaenidae,Shirozua,jonasi,,Janson,Insecta,Formicidae (Z),,,Japan,on regurgitation,
14442,Geometridae,Biston,robustus,,Butler,Oleaceae,Forsythia,suspensa,,Japan,,
135367,Tortricidae,Olethreutes,transversana,,Christoph,Rosaceae,Fragaria,,,Japan,,
126813,Tortricidae,Archips,breviplicanus,,Walsingham,Rosaceae,Fragaria,X ananassa,,Japan,,
127012,Tortricidae,Archips,fuscocupreanus,,Walsingham,Rosaceae,Fragaria,X ananassa,,Japan,,
127781,Tortricidae,Archips,semistructa,,Meyrick,Rosaceae,Fragaria,X ananassa,,Japan,,
129452,Tortricidae,Clepsis,imitator,,Walsingham,Rosaceae,Fragaria,X ananassa,,Japan,,
129695,Tortricidae,Cnephasia,cinereipalpana,,Razowski,Rosaceae,Fragaria,X ananassa,,Japan,,
130107,Tortricidae,Cornicacoecia,lafauryana,,Ragonot,Rosaceae,Fragaria,X ananassa,,Japan,,
135749,Tortricidae,Pandemis,chlorograpta,,Meyrick,Rosaceae,Fragaria,X ananassa,,Japan,,
137028,Tortricidae,Ptycholoma,circumclusana,,Christoph,Rosaceae,Fragaria,X ananassa,,Japan,,
22204,Geometridae,Parepione,grata,,Butler,Rhamnaceae,Frangula,crenata,,Japan,,
22643,Geometridae,Phthonosema,tendinosaria,,Bremer,Rhamnaceae,Frangula,crenata,,Japan,,
26525,Gracillariidae,Caloptilia,ussuriella,,Ermolaev,Oleaceae,Fraxinus,,,Japan,,
16448,Geometridae,Ennomos,autumnaria,,Werneburg,Oleaceae,Fraxinus,,,Japan,,
135788,Tortricidae,Pandemis,corylana,,Fabricius,Oleaceae,Fraxinus,,,Japan,,
44520,Lycaenidae,Ussuriana,michaelis,michaelis,Oberthür,Oleaceae,Fraxinus,,,Japan,,
25926,Gracillariidae,Caloptilia,arsenievi,,Ermolaev,Oleaceae,Fraxinus,americana,,Japan,,
26527,Gracillariidae,Caloptilia,ussuriella,,Ermolaev,Oleaceae,Fraxinus,americana,,Japan,,
25894,Gracillariidae,Caloptilia,albicapitata,,Issiki,Oleaceae,Fraxinus,chinensis,rhynchophylla,Japan,,
25927,Gracillariidae,Caloptilia,arsenievi,,Ermolaev,Oleaceae,Fraxinus,chinensis,rhynchophylla,Japan,,
26034,Gracillariidae,Caloptilia,cuculipennella,,Hübner,Oleaceae,Fraxinus,chinensis,rhynchophylla,Japan,,
26528,Gracillariidae,Caloptilia,ussuriella,,Ermolaev,Oleaceae,Fraxinus,chinensis,rhynchophylla,Japan,,
39614,Lycaenidae,Coreana,raphaelis,,Oberthür,Oleaceae,Fraxinus,chinensis,rhynchophylla,Japan,on buds,
44522,Lycaenidae,Ussuriana,stygiana,,Butler,Oleaceae,Fraxinus,chinensis,rhynchophylla,Japan,,
44528,Lycaenidae,Ussuriana,stygiana,,Butler,Oleaceae,Fraxinus,chinensis,rhynchophylla,Japan,on leaves,
13045,Geometridae,Abraxas,grossulariata,,Linnaeus,Oleaceae,Fraxinus,lanuginosa,,Japan,,
126814,Tortricidae,Archips,breviplicanus,,Walsingham,Oleaceae,Fraxinus,lanuginosa,,Japan,,
15512,Geometridae,Colotois,pennaria,,Linnaeus,Oleaceae,Fraxinus,lanuginosa,,Japan,,
39615,Lycaenidae,Coreana,raphaelis,,Oberthür,Oleaceae,Fraxinus,lanuginosa,,Japan,on buds,
44523,Lycaenidae,Ussuriana,stygiana,,Butler,Oleaceae,Fraxinus,lanuginosa,,Japan,,
44529,Lycaenidae,Ussuriana,stygiana,,Butler,Oleaceae,Fraxinus,lanuginosa,,Japan,on leaves,
44524,Lycaenidae,Ussuriana,stygiana,,Butler,Oleaceae,Fraxinus,longicuspis,,Japan,,
24911,Geometridae,Wilemania,nitobei,,Nitobe,Oleaceae,Fraxinus,longicuspis,,Japan,,
25895,Gracillariidae,Caloptilia,albicapitata,,Issiki,Oleaceae,Fraxinus,mandschurica,,Japan,,
25928,Gracillariidae,Caloptilia,arsenievi,,Ermolaev,Oleaceae,Fraxinus,mandschurica,,Japan,,
26035,Gracillariidae,Caloptilia,cuculipennella,,Hübner,Oleaceae,Fraxinus,mandschurica,,Japan,,
26529,Gracillariidae,Caloptilia,ussuriella,,Ermolaev,Oleaceae,Fraxinus,mandschurica,,Japan,,
39616,Lycaenidae,Coreana,raphaelis,,Oberthür,Oleaceae,Fraxinus,mandschurica,,Japan,on buds,
131452,Tortricidae,Doloploca,praeviella,,Erschoff,Oleaceae,Fraxinus,mandschurica,,Japan,,
20653,Geometridae,Lycia,hirtaria,,Clerck,Oleaceae,Fraxinus,mandschurica,,Japan,,
107618,Pyralidae,Palpita,nigropunctalis,,Bremer,Oleaceae,Fraxinus,mandschurica,,Japan,,
137160,Tortricidae,Rhopobota,naevana,,Hübner,Oleaceae,Fraxinus,mandschurica,,Japan,,
44525,Lycaenidae,Ussuriana,stygiana,,Butler,Oleaceae,Fraxinus,mandschurica,,Japan,,
44530,Lycaenidae,Ussuriana,stygiana,,Butler,Oleaceae,Fraxinus,mandschurica,,Japan,on leaves,
137133,Tortricidae,Rhopalovalva,pulchra,,Butler,Oleaceae,Fraxinus,mandshurica,,Japan,,
25930,Gracillariidae,Caloptilia,arsenievi,,Ermolaev,Oleaceae,Fraxinus,pennsylvanica,,Japan,,
26530,Gracillariidae,Caloptilia,ussuriella,,Ermolaev,Oleaceae,Fraxinus,pennsylvanica,,Japan,,
44526,Lycaenidae,Ussuriana,stygiana,,Butler,Oleaceae,Fraxinus,platypoda,,Japan,,
23247,Geometridae,Psyra,bluethgeni,,Püngeler,Oleaceae,Fraxinus,sieboldiana,,Japan,,
44527,Lycaenidae,Ussuriana,stygiana,,Butler,Oleaceae,Fraxinus,sieboldiana,,Japan,,
38606,Lycaenidae,Artipe,eryx,,Linnaeus,Rubiaceae,Gardenia,jasminoides,,Japan,on flowers/nuts,
29244,Gracillariidae,Systoloneura,geometropis,,Meyrick,Rubiaceae,Gardenia,jasminoides,,Japan,,
133743,Tortricidae,Gynnidomorpha,permixtana,,Denis & Schiff.,Gentianaceae,Gentiana,,,Japan,,
14057,Geometridae,Ascotis,selenaria,,Denis & Schiff.,Ginkgoaceae,Ginkgo,biloba,,Japan,,
16305,Geometridae,Ectropis,excellens,,Butler,Ginkgoaceae,Ginkgo,biloba,,Japan,,
79363,Nymphalidae,Athyma,perius,,Linnaeus,Euphorbiaceae,Glochidion,eriocarpum,,Japan,,
79365,Nymphalidae,Athyma,perius,,Linnaeus,Euphorbiaceae,Glochidion,lanceolarium,,Japan,,
79367,Nymphalidae,Athyma,perius,,Linnaeus,Euphorbiaceae,Glochidion,lanceolatum,,Japan,,
25998,Gracillariidae,Caloptilia,cecidophora,,Kumata,Euphorbiaceae,Glochidion,obovatum,,Japan,,
134204,Tortricidae,Homona,magnanima,,Diakonoff,Euphorbiaceae,Glochidion,obovatum,,Japan,,
79372,Nymphalidae,Athyma,perius,,Linnaeus,Euphorbiaceae,Glochidion,velutinum,,Japan,,
26323,Gracillariidae,Caloptilia,ryukyuensis,,Kumata,Euphorbiaceae,Glochidion,zeylanicum,,Japan,,
134522,Tortricidae,Lobesia,aeolopa,,Meyrick,Euphorbiaceae,Glochidion,zeylanicum,,Japan,,
134563,Tortricidae,Lobesia,aeolopa,,Meyrick,Euphorbiaceae,Glochidion,zeylanicum,,Japan,on leaves,
86829,Nymphalidae,Neptis,sappho,,Pallas,Leguminosae (P),Glycine,,,Japan,,
127014,Tortricidae,Archips,fuscocupreanus,,Walsingham,Leguminosae (P),Glycine,max,,Japan,,
14058,Geometridae,Ascotis,selenaria,,Denis & Schiff.,Leguminosae (P),Glycine,max,,Japan,,
26387,Gracillariidae,Caloptilia,soyella,,Deventer,Leguminosae (P),Glycine,max,,Japan,,
129663,Tortricidae,Cnephasia,asseclana,,Denis & Schiff.,Leguminosae (P),Glycine,max,,Japan,,
16170,Geometridae,Ectropis,bistortata,,Goeze,Leguminosae (P),Glycine,max,,Japan,,
16355,Geometridae,Ectropis,obliqua,,Prout,Leguminosae (P),Glycine,max,,Japan,,
134205,Tortricidae,Homona,magnanima,,Diakonoff,Leguminosae (P),Glycine,max,,Japan,,
134858,Tortricidae,Matsumuraeses,ussuriensis,,Caradja,Leguminosae (P),Glycine,max,,Japan,,
134863,Tortricidae,Matsumuraeses,vicina,,Kuznetsov,Leguminosae (P),Glycine,max,,Japan,,
49174,Lyonetiidae,Microthauma,glycinella,,Kuroko,Leguminosae (P),Glycine,max,,Japan,,
86652,Nymphalidae,Neptis,hylas,,Linnaeus,Leguminosae (P),Glycine,max,,Japan,,
135368,Tortricidae,Olethreutes,transversana,,Christoph,Leguminosae (P),Glycine,max,,Japan,,
134856,Tortricidae,Matsumuraeses,phaseoli,,Matsumura,Leguminosae (P),Glycine,soja,,Japan,on,
118247,Sesiidae,Macroscelesia,japona,,Hampson,Cucurbitaceae,Gynostemma,pentaphyllum,,Japan,in stems,
76005,Notodontidae,Cnethodonta,grisescens,,Staudinger,Hamamelidaceae,Hamamelis,,,Japan,,
15513,Geometridae,Colotois,pennaria,,Linnaeus,Hamamelidaceae,Hamamelis,japonica,,Japan,,
16306,Geometridae,Ectropis,excellens,,Butler,Hamamelidaceae,Hamamelis,japonica,,Japan,,
16921,Geometridae,Erannis,golda,,Butler,Hamamelidaceae,Hamamelis,japonica,,Japan,,
76512,Notodontidae,Gangaridopsis,citrina,,Wileman,Hamamelidaceae,Hamamelis,japonica,,Japan,,
41480,Lycaenidae,Iratsume,orsedice,,Butler,Hamamelidaceae,Hamamelis,japonica,,Japan,,
41482,Lycaenidae,Iratsume,orsedice,,Butler,Hamamelidaceae,Hamamelis,japonica,,Japan,on leaves,
23715,Geometridae,Selenia,adustaria,,Leech,Hamamelidaceae,Hamamelis,japonica,,Japan,,
138647,Tortricidae,Ukamenia,sapporensis,,Matsumura,Hamamelidaceae,Hamamelis,japonica,,Japan,,
24912,Geometridae,Wilemania,nitobei,,Nitobe,Hamamelidaceae,Hamamelis,japonica,,Japan,,
133193,Tortricidae,Eupoecilia,ambiguella,,Hübner,Araliaceae,Hedera,,,Japan,,
41519,Lycaenidae,Jamides,alecto,,Felder,Zingiberaceae,Hedychium,coronarium,,Japan,on flower buds,
42148,Lycaenidae,Lycaeides,cleobis,,Bremer,Leguminosae (P),Hedysarum,vicioides,,Japan,,
14060,Geometridae,Ascotis,selenaria,,Denis & Schiff.,Compositae,Helichrysum,bracteatum,,Japan,,
26091,Gracillariidae,Caloptilia,heliciae,,Kumata,Proteaceae,Helicia,cochinchinensis,,Japan,,
22633,Geometridae,Phthonosema,invenustaria,,Leech,Helwingiaceae,Helwingia,japonica,,Japan,,
129696,Tortricidae,Cnephasia,cinereipalpana,,Razowski,Umbelliferae,Heracleum,moellendorffii,,Japan,,
132297,Tortricidae,Epinotia,majorana,,Caradja,Umbelliferae,Heracleum,moellendorffii,,Japan,,
129697,Tortricidae,Cnephasia,cinereipalpana,,Razowski,Umbelliferae,Heracleum,moellendorfii,,Japan,,
54821,Noctuidae,Anomis,commoda,,Butler,Malvaceae,Hibiscus,,,Japan,,
128751,Tortricidae,Celypha,lacunana,,Denis & Schiff.,Malvaceae,Hibiscus,syriacus,,Japan,,
16307,Geometridae,Ectropis,excellens,,Butler,Compositae,Hieracium,umbellatum,,Japan,,
43688,Lycaenidae,Shirozua,jonasi,,Janson,Insecta,Homoptera (Z),,,Japan,,
43690,Lycaenidae,Shirozua,jonasi,,Janson,Insecta,Homoptera (Z),,,Japan,on honeydew,
126776,Tortricidae,Archips,asiaticus,,Walsingham,Saururaceae,Houttuynia,cordata,,Japan,,
127111,Tortricidae,Archips,ingentanus,,Christoph,Saururaceae,Houttuynia,cordata,,Japan,,
13903,Geometridae,Apopetelia,chlorophnodes,,Wehrli,Rhamnaceae,Hovenia,dulcis,,Japan,,
13904,Geometridae,Apopetelia,morosa,,Butler,Rhamnaceae,Hovenia,dulcis,,Japan,,
14173,Geometridae,Astygisa,chlororphnodes,,Wehrli,Rhamnaceae,Hovenia,dulcis,,Japan,,
16064,Geometridae,Ecpetelia,albifrontaria,,Leech,Rhamnaceae,Hovenia,dulcis,,Japan,,
21012,Geometridae,Menophra,retractaria,,Moore,Rhamnaceae,Hovenia,dulcis,,Japan,,
21962,Geometridae,Ourapteryx,nivea,,Butler,Rhamnaceae,Hovenia,dulcis,,Japan,,
22434,Geometridae,Petelia,rivulosa,,Butler,Rhamnaceae,Hovenia,dulcis,,Japan,,
84776,Nymphalidae,Inachis,io,,Linnaeus,Cannabaceae,Humulus,,,Japan,,
87805,Nymphalidae,Polygonia,c-album,,Linnaeus,Cannabaceae,Humulus,,,Japan,,
87853,Nymphalidae,Polygonia,c-aureum,,Linnaeus,Cannabaceae,Humulus,,,Japan,,
89391,Nymphalidae,Vanessa,indica,,Herbst,Cannabaceae,Humulus,,,Japan,,
87854,Nymphalidae,Polygonia,c-aureum,lunulata,Linnaeus,Cannabaceae,Humulus,japonicus,,Japan,,
44421,Lycaenidae,Tongeia,fischeri,,Eversmann,Lycopodiaceae,Huperzia,X erubescens,,Japan,on leaves,
20258,Geometridae,Jodis,urosticta,,Prout,Hydrangeaceae,Hydrangea,macrophylla,macrophylla,Japan,,
134721,Tortricidae,Lobesia,yasudai,,Bae & Komai,Hydrangeaceae,Hydrangea,paniculata,,Japan,,
134725,Tortricidae,Lobesia,yasudai,,Bae & Komai,Hydrangeaceae,Hydrangea,paniculata,,Japan,on leaves,
39,Adelidae,Nemophora,bifasciatella,,Issiki,Hydrangeaceae,Hydrangea,paniculata,,Japan,,
135218,Tortricidae,Olethreutes,hydrangeana,,Kuznetsov,Hydrangeaceae,Hydrangea,petiolaris,,Japan,,
84869,Nymphalidae,Junonia,almana,,Linnaeus,Acanthaceae,Hygrophila,salicifolia,,Japan,,
85478,Nymphalidae,Kallima,inachus,,Boisduval,Acanthaceae,Hygrophila,salicifolia,,Japan,,
25192,Geometridae,Zethenia,albonotaria,,Bremer,Guttiferae,Hypericum,,,Japan,,
26562,Gracillariidae,Calybites,aureola,,Kumata,Guttiferae,Hypericum,erectum,,Japan,,
22250,Geometridae,Peratophyga,hyalinata,,Kollar,Guttiferae,Hypericum,patulum,,Japan,,
137198,Tortricidae,Rhopobota,unipunctana,,Haworth,Aquifoliaceae,Ilex,,,Japan,,
13261,Geometridae,Alcis,angulifera,,Butler,Aquifoliaceae,Ilex,crenata,,Japan,,
14443,Geometridae,Biston,robustus,,Butler,Aquifoliaceae,Ilex,crenata,,Japan,,
15673,Geometridae,Crypsicometa,incertaria,,Leech,Aquifoliaceae,Ilex,crenata,,Japan,,
16171,Geometridae,Ectropis,bistortata,,Goeze,Aquifoliaceae,Ilex,crenata,,Japan,,
16308,Geometridae,Ectropis,excellens,,Butler,Aquifoliaceae,Ilex,crenata,,Japan,,
20208,Geometridae,Jankowskia,pseudathleta,,Sato,Aquifoliaceae,Ilex,crenata,,Japan,,
21573,Geometridae,Nothomiza,formosa,,Butler,Aquifoliaceae,Ilex,crenata,,Japan,,
21963,Geometridae,Ourapteryx,nivea,,Butler,Aquifoliaceae,Ilex,crenata,,Japan,,
22896,Geometridae,Plesiomorpha,flaviceps,,Butler,Aquifoliaceae,Ilex,crenata,,Japan,,
22900,Geometridae,Plesiomorpha,punctilinearia,,Leech,Aquifoliaceae,Ilex,crenata,,Japan,,
23197,Geometridae,Pseuderannis,lomozemia,,Prout,Aquifoliaceae,Ilex,crenata,,Japan,,
24440,Geometridae,Synegia,esther,,Butler,Aquifoliaceae,Ilex,crenata,,Japan,,
24443,Geometridae,Synegia,hadassa,,Butler,Aquifoliaceae,Ilex,crenata,,Japan,,
24446,Geometridae,Synegia,ichinosawana,,Matsumura,Aquifoliaceae,Ilex,crenata,,Japan,,
134526,Tortricidae,Lobesia,aeolopa,,Meyrick,Aquifoliaceae,Ilex,integerrima,,Japan,,
16172,Geometridae,Ectropis,bistortata,,Goeze,Aquifoliaceae,Ilex,macropoda,,Japan,,
21574,Geometridae,Nothomiza,formosa,,Butler,Aquifoliaceae,Ilex,macropoda,,Japan,,
22897,Geometridae,Plesiomorpha,flaviceps,,Butler,Aquifoliaceae,Ilex,macropoda,,Japan,,
23413,Geometridae,Rhynchobapta,cervinaria,,Moore,Aquifoliaceae,Ilex,macropoda,,Japan,,
24444,Geometridae,Synegia,hadassa,,Butler,Aquifoliaceae,Ilex,macropoda,,Japan,,
24447,Geometridae,Synegia,ichinosawana,,Matsumura,Aquifoliaceae,Ilex,macropoda,,Japan,,
24451,Geometridae,Synegia,limitatoides,,Inoue,Aquifoliaceae,Ilex,macropoda,,Japan,,
21575,Geometridae,Nothomiza,formosa,,Butler,Aquifoliaceae,Ilex,nipponica,,Japan,,
22898,Geometridae,Plesiomorpha,flaviceps,,Butler,Aquifoliaceae,Ilex,nipponica,,Japan,,
23414,Geometridae,Rhynchobapta,cervinaria,,Moore,Aquifoliaceae,Ilex,nipponica,,Japan,,
125017,Tortricidae,Acleris,platynotana,,Walsingham,Aquifoliaceae,Ilex,pedunculosa,,Japan,,
128778,Tortricidae,Cerace,xanthocosma,,Diakonoff,Aquifoliaceae,Ilex,pedunculosa,,Japan,,
21576,Geometridae,Nothomiza,formosa,,Butler,Aquifoliaceae,Ilex,pedunculosa,,Japan,,
22899,Geometridae,Plesiomorpha,flaviceps,,Butler,Aquifoliaceae,Ilex,pedunculosa,,Japan,,
24445,Geometridae,Synegia,hadassa,,Butler,Aquifoliaceae,Ilex,pedunculosa,,Japan,,
138353,Tortricidae,Terricula,violetana,,Kawabe,Aquifoliaceae,Ilex,pedunculosa,,Japan,,
24441,Geometridae,Synegia,esther,,Butler,Aquifoliaceae,Ilex,rotunda,,Japan,,
26104,Gracillariidae,Caloptilia,illicii,,Kumata,Illiciaceae,Illicium,tashiroi,,Japan,,
136779,Tortricidae,Pristerognatha,penthinana,,Guenée,Balsaminaceae,Impatiens,,,Japan,in stems,
86529,Nymphalidae,Mycalesis,perseus,,Fabricius,Gramineae,Imperata,cylindrica,,Japan,,
87471,Nymphalidae,Pararge,epimenides,,Ménétriés,Gramineae,Imperata,cylindrica,,Japan,,
10737,Gelechiidae,Dichomeris,horoglypta,,Meyrick,Leguminosae (P),Indigofera,pseudotinctoria,,Japan,,
42145,Lycaenidae,Lycaeides,argyrognomon,,Bergsträsser,Leguminosae (P),Indigofera,pseudotinctoria,,Japan,on flowers/leaves,
29273,Gracillariidae,Telamoptilia,prosacta,,Meyrick,Convolvulaceae,Ipomoea,,,Japan,,
29277,Gracillariidae,Telamoptilia,prosacta,,Meyrick,Convolvulaceae,Ipomoea,batatas,,Japan,,
42308,Lycaenidae,Maculinea,arionides,,Staudinger,Labiatae,Isodon,kameba,,Japan,on flowers,
13884,Geometridae,Apochima,juglansiaria,,Graeser,Juglandaceae,Juglans,,,Japan,,
127016,Tortricidae,Archips,fuscocupreanus,,Walsingham,Juglandaceae,Juglans,,,Japan,,
76006,Notodontidae,Cnethodonta,grisescens,,Staudinger,Juglandaceae,Juglans,,,Japan,,
25755,Gracillariidae,Acrocercops,transecta,,Meyrick,Juglandaceae,Juglans,ailanthifolia,,Japan,,
38408,Lycaenidae,Araragi,enthea,,Janson,Juglandaceae,Juglans,ailanthifolia,,Japan,,
38413,Lycaenidae,Araragi,enthea,,Janson,Juglandaceae,Juglans,ailanthifolia,,Japan,on buds/leaves,
10954,Gelechiidae,Dichomeris,sparsella,,Christoph,Juglandaceae,Juglans,ailanthifolia,,Japan,,
134206,Tortricidae,Homona,magnanima,,Diakonoff,Juglandaceae,Juglans,ailanthifolia,,Japan,,
28440,Gracillariidae,Phyllonorycter,juglandis,,Kumata,Juglandaceae,Juglans,ailanthifolia,,Japan,,
28732,Gracillariidae,Phyllonorycter,pterocaryae,,Kumata,Juglandaceae,Juglans,ailantifolia,,Japan,,
13885,Geometridae,Apochima,juglansiaria,,Graeser,Juglandaceae,Juglans,mandschurica,,Japan,,
38414,Lycaenidae,Araragi,enthea,,Janson,Juglandaceae,Juglans,mandschurica,,Japan,on buds/leaves,
16356,Geometridae,Ectropis,obliqua,,Prout,Juglandaceae,Juglans,mandschurica,,Japan,,
16671,Geometridae,Epholca,arenosa,,Butler,Juglandaceae,Juglans,mandschurica,,Japan,,
18732,Geometridae,Gelasma,grandificaria,,Graeser,Juglandaceae,Juglans,mandschurica,,Japan,,
19006,Geometridae,Hemithea,aestivaria,,Hübner,Juglandaceae,Juglans,mandschurica,,Japan,,
19558,Geometridae,Hypomecis,punctinalis,,Scopoli,Juglandaceae,Juglans,mandschurica,,Japan,,
19955,Geometridae,Inurois,punctigera,,Prout,Juglandaceae,Juglans,mandschurica,,Japan,,
20831,Geometridae,Megabiston,plumosaria,,Leech,Juglandaceae,Juglans,mandschurica,,Japan,,
21869,Geometridae,Ophthalmitis,albosignaria,,Bremer & Grey,Juglandaceae,Juglans,mandschurica,,Japan,,
22046,Geometridae,Pachyligia,dolosa,,Butler,Juglandaceae,Juglans,mandschurica,,Japan,,
22457,Geometridae,Phanerothyris,sinearia,,Guenée,Juglandaceae,Juglans,mandschurica,,Japan,,
77865,Notodontidae,Shachia,circumscripta,,Butler,Juglandaceae,Juglans,mandschurica,,Japan,,
78050,Notodontidae,Uropyia,meticulodina,,Oberthür,Juglandaceae,Juglans,mandschurica,,Japan,,
25759,Gracillariidae,Acrocercops,transecta,,Meyrick,Juglandaceae,Juglans,regia,,Japan,,
128453,Tortricidae,Bactra,festa,,Diakonoff,Juncaceae,Juncus,,,Japan,,
128454,Tortricidae,Bactra,furfurana,,Haworth,Juncaceae,Juncus,,,Japan,,
137932,Tortricidae,Spilonota,honesta,,Meyrick,Juncaceae,Juncus,,,Japan,,
70141,Noctuidae,Senta,flammea,,Curtis,Juncaceae,Juncus,effusus,decipiens,Japan,,
48408,Lymantriidae,Parocneria,furva,,Leech,Cupressaceae,Juniperus,,,Japan,,
85329,Nymphalidae,Junonia,orithya,,Linnaeus,Acanthaceae,Justicia,procumbens,,Japan,,
26139,Gracillariidae,Caloptilia,kadsurae,,Kumata,Schisandraceae,Kadsura,japonica,,Japan,,
14825,Geometridae,Chariaspilates,formosaria,,Eversmann,Compositae,Kalimeris,yomena,,Japan,,
43699,Lycaenidae,Shirozua,jonasi,,Janson,Insecta,Kermes (Z),miyasakii,,Japan,on scale insects,
13122,Geometridae,Acrodontis,sp. A,,,Rosaceae,Kerria,japonica,,Japan,,
26389,Gracillariidae,Caloptilia,soyella,,Deventer,Leguminosae (P),Kummerowia,,,Japan,,
23997,Geometridae,Semiothisa,hebesata,,Walker,Leguminosae (P),Kummerowia,striata,,Japan,,
41809,Lycaenidae,Lampides,boeticus,,Linnaeus,Leguminosae (P),Lablab,purpureus,,Japan,on flowers/fruits,
43689,Lycaenidae,Shirozua,jonasi,,Janson,Insecta,Lachnus (Z),tropicalis,,Japan,on aphids,
58945,Noctuidae,Cucullia,fraterna,,Butler,Compositae,Lactuca,,,Japan,,
123222,Thyrididae,Herdonia,margarita,,Inoue,Lythraceae,Lagerstroemia,indica,,Japan,in twigs,
28660,Gracillariidae,Phyllonorycter,oreas,,Kumata,Anacardiaceae,Lannea,,,Japan,,
78721,Nymphalidae,Aglais,urticae,,Linnaeus,Urticaceae,Laportea,,,Japan,,
79121,Nymphalidae,Araschnia,levana,,Linnaeus,Urticaceae,Laportea,,,Japan,,
5995,Coleophoridae,Coleophora,obducta,,Meyrick,Pinaceae,Larix,,,Japan,,
46886,Lymantriidae,Lymantria,fumida,,Butler,Pinaceae,Larix,,,Japan,,
137928,Tortricidae,Spilonota,eremitana,,Moriuti,Pinaceae,Larix,,,Japan,,
131674,Tortricidae,Enarmonia,albicana,,Motschulsky,Pinaceae,Larix,gmelini,,Japan,,
13692,Geometridae,Angerona,prunaria,,Linnaeus,Pinaceae,Larix,kaempferi,,Japan,,
127125,Tortricidae,Archips,issikii,,Yasuda,Pinaceae,Larix,kaempferi,,Japan,,
15835,Geometridae,Deileptenia,ribeata,,Clerck,Pinaceae,Larix,kaempferi,,Japan,,
16878,Geometridae,Erannis,defoliaria,,Clerck,Pinaceae,Larix,kaempferi,,Japan,,
61390,Noctuidae,Feralia,montana,,Sugi,Pinaceae,Larix,kaempferi,,Japan,,
19007,Geometridae,Hemithea,aestivaria,,Hübner,Pinaceae,Larix,kaempferi,,Japan,,
134207,Tortricidae,Homona,magnanima,,Diakonoff,Pinaceae,Larix,kaempferi,,Japan,,
19583,Geometridae,Hypomecis,roboraria,,Denis & Schiff.,Pinaceae,Larix,kaempferi,,Japan,,
20242,Geometridae,Jodis,putata,,Linnaeus,Pinaceae,Larix,kaempferi,,Japan,,
134714,Tortricidae,Lobesia,virulenta,,Bae & Komai,Pinaceae,Larix,kaempferi,,Japan,on leaves,
137082,Tortricidae,Ptycholomoides,aeriferana,,Herrich-Schäffer,Pinaceae,Larix,kaempferi,,Japan,,
137111,Tortricidae,Retinia,monopunctata,,Oku,Pinaceae,Larix,kaempferi,,Japan,,
23943,Geometridae,Semiothisa,fuscaria,,Leech,Pinaceae,Larix,kaempferi,,Japan,,
29172,Gracillariidae,Spulerina,corticicola,,Kumata,Pinaceae,Larix,kaempferi,,Japan,,
25205,Geometridae,Zethenia,rufescentaria,,Motschulsky,Pinaceae,Larix,kaempferi,,Japan,,
127126,Tortricidae,Archips,issikii,,Yasuda,Pinaceae,Larix,leptolepis,,Japan,,
131574,Tortricidae,Eana,argentana,,Clerck,Pinaceae,Larix,leptolepis,,Japan,,
131675,Tortricidae,Enarmonia,albicana,,Motschulsky,Pinaceae,Larix,leptolepis,,Japan,,
134708,Tortricidae,Lobesia,virulenta,,Bae & Komai,Pinaceae,Larix,leptolepis,,Japan,,
137083,Tortricidae,Ptycholomoides,aeriferana,,Herrich-Schäffer,Pinaceae,Larix,leptolepis,,Japan,,
21582,Geometridae,Nyssiodes,lefuarius,,Erschoff,Leguminosae (P),Lathyrus,japonicus,,Japan,,
21583,Geometridae,Nyssiodes,lefuarius,,Erschoff,Leguminosae (P),Lathyrus,palustris,,Japan,,
123714,Tineidae,Morophagoides,moriutii,,Robinson,Fungi,Lentinus,edodes,,Japan,,
130108,Tortricidae,Cornicacoecia,lafauryana,,Ragonot,Leguminosae (P),Lespedeza,,,Japan,,
10770,Gelechiidae,Dichomeris,lespedezae,,Park,Leguminosae (P),Lespedeza,,,Japan,,
40504,Lycaenidae,Everes,argiades,,Pallas,Leguminosae (P),Lespedeza,,,Japan,on buds/leaves,
65005,Noctuidae,Lygephila,vulcanea,,Butler,Leguminosae (P),Lespedeza,,,Japan,,
77060,Notodontidae,Neostauropus,basalis,,Moore,Leguminosae (P),Lespedeza,,,Japan,,
86831,Nymphalidae,Neptis,sappho,,Pallas,Leguminosae (P),Lespedeza,,,Japan,,
77492,Notodontidae,Pterostoma,sinicum,,Moore,Leguminosae (P),Lespedeza,,,Japan,,
78054,Notodontidae,Yamatoa,cinnamomea,,Leech,Leguminosae (P),Lespedeza,,,Japan,,
126107,Tortricidae,Ancylis,mandarinana,,Walsingham,Leguminosae (P),Lespedeza,bicolor,,Japan,,
13886,Geometridae,Apochima,juglansiaria,,Graeser,Leguminosae (P),Lespedeza,bicolor,,Japan,,
14062,Geometridae,Ascotis,selenaria,,Denis & Schiff.,Leguminosae (P),Lespedeza,bicolor,,Japan,,
14866,Geometridae,Chlorissa,anadema,,Prout,Leguminosae (P),Lespedeza,bicolor,,Japan,,
26925,Gracillariidae,Chrysaster,hagicola,,Kumata,Leguminosae (P),Lespedeza,bicolor,,Japan,,
15596,Geometridae,Comibaena,nigromacularia,,Leech,Leguminosae (P),Lespedeza,bicolor,,Japan,,
15599,Geometridae,Comibaena,procumbaria,,Pryer,Leguminosae (P),Lespedeza,bicolor,,Japan,,
76344,Notodontidae,Eguria,ornata,,Oberthür,Leguminosae (P),Lespedeza,bicolor,,Japan,,
96218,Pieridae,Eurema,hecabe,,Linnaeus,Leguminosae (P),Lespedeza,bicolor,,Japan,on leaves,
19077,Geometridae,Hemithea,marina,,Butler,Leguminosae (P),Lespedeza,bicolor,,Japan,,
27197,Gracillariidae,Hyloconis,lespedezae,,Kumata,Leguminosae (P),Lespedeza,bicolor,,Japan,,
22689,Geometridae,Pingasa,pseudoterpnaria,,Guenée,Leguminosae (P),Lespedeza,bicolor,,Japan,,
77530,Notodontidae,Ptilodon,kuwayamae,,Matsumura,Leguminosae (P),Lespedeza,bicolor,,Japan,,
23998,Geometridae,Semiothisa,hebesata,,Walker,Leguminosae (P),Lespedeza,bicolor,,Japan,,
29177,Gracillariidae,Spulerina,dissotoma,,Meyrick,Leguminosae (P),Lespedeza,bicolor,,Japan,,
96219,Pieridae,Eurema,hecabe,,Linnaeus,Leguminosae (P),Lespedeza,buergeri,,Japan,on leaves,
96220,Pieridae,Eurema,hecabe,,Linnaeus,Leguminosae (P),Lespedeza,cuneata,,Japan,on leaves,
23999,Geometridae,Semiothisa,hebesata,,Walker,Leguminosae (P),Lespedeza,cuneata,,Japan,,
26390,Gracillariidae,Caloptilia,soyella,,Deventer,Leguminosae (P),Lespedeza,cyrtobotrya,,Japan,,
26926,Gracillariidae,Chrysaster,hagicola,,Kumata,Leguminosae (P),Lespedeza,cyrtobotrya,,Japan,,
15600,Geometridae,Comibaena,procumbaria,,Pryer,Leguminosae (P),Lespedeza,cyrtobotrya,,Japan,,
10913,Gelechiidae,Dichomeris,quercicola,,Meyrick,Leguminosae (P),Lespedeza,cyrtobotrya,,Japan,,
96221,Pieridae,Eurema,hecabe,,Linnaeus,Leguminosae (P),Lespedeza,cyrtobotrya,,Japan,on leaves,
29178,Gracillariidae,Spulerina,dissotoma,,Meyrick,Leguminosae (P),Lespedeza,cyrtobotrya,,Japan,,
96223,Pieridae,Eurema,hecabe,,Linnaeus,Leguminosae (P),Lespedeza,thunbergii,,Japan,on leaves,
96224,Pieridae,Eurema,hecabe,,Linnaeus,Leguminosae (P),Lespedeza,virgata,,Japan,on leaves,
26147,Gracillariidae,Caloptilia,leucothoes,,Kumata,Ericaceae,Leucothoe,grayana,,Japan,,
20259,Geometridae,Jodis,urosticta,,Prout,Ericaceae,Leucothoe,grayana,,Japan,,
21013,Geometridae,Menophra,retractaria,,Moore,Ericaceae,Leucothoe,grayana,,Japan,,
23417,Geometridae,Sabaria,paupera,,Butler,Ericaceae,Leucothoe,grayana,,Japan,,
38611,Lycaenidae,Artopoetes,pryeri,,Murray,Oleaceae,Ligustrum,,,Japan,,
134209,Tortricidae,Homona,magnanima,,Diakonoff,Oleaceae,Ligustrum,japonicum,,Japan,,
21235,Geometridae,Naxa,seriaria,,Motschulsky,Oleaceae,Ligustrum,japonicum,,Japan,,
13827,Geometridae,Apeira,syringaria,,Linnaeus,Oleaceae,Ligustrum,obtusifolium,,Japan,,
26131,Gracillariidae,Caloptilia,japonica,,Kumata,Oleaceae,Ligustrum,obtusifolium,,Japan,,
18708,Geometridae,Garaeus,specularis,,Moore,Oleaceae,Ligustrum,obtusifolium,,Japan,,
19009,Geometridae,Hemithea,aestivaria,,Hübner,Oleaceae,Ligustrum,obtusifolium,,Japan,,
19496,Geometridae,Hyperapeira,parva,,Hedemann,Oleaceae,Ligustrum,obtusifolium,,Japan,,
21236,Geometridae,Naxa,seriaria,,Motschulsky,Oleaceae,Ligustrum,obtusifolium,,Japan,,
26132,Gracillariidae,Caloptilia,japonica,,Kumata,Oleaceae,Ligustrum,tschonoskii,,Japan,,
18709,Geometridae,Garaeus,specularis,,Moore,Oleaceae,Ligustrum,tschonoskii,,Japan,,
18982,Geometridae,Hemistola,dijuncta,,Walker,Oleaceae,Ligustrum,tschonoskii,,Japan,,
134986,Tortricidae,Minutargyrotoza,calvicaput,,Walsingham,Oleaceae,Ligustrum,tschonoskii,,Japan,,
22634,Geometridae,Phthonosema,invenustaria,,Leech,Oleaceae,Ligustrum,tschonoskii,,Japan,,
140112,Yponomeutidae,Zelleria,japonicella,,Moriuti,Oleaceae,Ligustrum,tschonoskii,,Japan,,
15620,Geometridae,Comostola,rubripunctata,,Warren,Oleaceae,Ligustrum,tsusimense,,Japan,,
85509,Nymphalidae,Kaniska,canace,,Linnaeus,Liliaceae,Lilium,,,Japan,,
134368,Tortricidae,Hysterosia,pistrinana,,Erschoff,Liliaceae,Lilium,auratum,,Japan,,
134528,Tortricidae,Lobesia,aeolopa,,Meyrick,Lauraceae,Lindera,,,Japan,,
22252,Geometridae,Percnia,albinigrata,,Warren,Lauraceae,Lindera,citriodora,,Japan,,
15897,Geometridae,Dindica,virescens,,Butler,Lauraceae,Lindera,glauca,,Japan,,
22253,Geometridae,Percnia,albinigrata,,Warren,Lauraceae,Lindera,glauca,,Japan,,
15898,Geometridae,Dindica,virescens,,Butler,Lauraceae,Lindera,obtusiloba,,Japan,,
22254,Geometridae,Percnia,albinigrata,,Warren,Lauraceae,Lindera,obtusiloba,,Japan,,
13262,Geometridae,Alcis,angulifera,,Butler,Lauraceae,Lindera,praecox,,Japan,,
25994,Gracillariidae,Caloptilia,camphorae,,Kumata,Lauraceae,Lindera,praecox,,Japan,,
15638,Geometridae,Corymica,specularia,,Moore,Lauraceae,Lindera,praecox,,Japan,,
15899,Geometridae,Dindica,virescens,,Butler,Lauraceae,Lindera,praecox,,Japan,,
15971,Geometridae,Duliophyle,agitata,,Butler,Lauraceae,Lindera,praecox,,Japan,,
16174,Geometridae,Ectropis,bistortata,,Goeze,Lauraceae,Lindera,praecox,,Japan,,
16385,Geometridae,Elphos,insueta,,Butler,Lauraceae,Lindera,praecox,,Japan,,
16922,Geometridae,Erannis,golda,,Butler,Lauraceae,Lindera,praecox,,Japan,,
21014,Geometridae,Menophra,retractaria,,Moore,Lauraceae,Lindera,praecox,,Japan,,
21974,Geometridae,Ourapteryx,obtusicauda,,Warren,Lauraceae,Lindera,praecox,,Japan,,
23248,Geometridae,Psyra,bluethgeni,,Püngeler,Lauraceae,Lindera,praecox,,Japan,,
23282,Geometridae,Racotis,petrosa,,Butler,Lauraceae,Lindera,praecox,,Japan,,
24938,Geometridae,Xandrames,dholaria,,Moore,Lauraceae,Lindera,praecox,,Japan,,
24940,Geometridae,Xandrames,latiferaria,,Walker,Lauraceae,Lindera,praecox,,Japan,,
13263,Geometridae,Alcis,angulifera,,Butler,Lauraceae,Lindera,umbellata,,Japan,,
15900,Geometridae,Dindica,virescens,,Butler,Lauraceae,Lindera,umbellata,,Japan,,
16357,Geometridae,Ectropis,obliqua,,Prout,Lauraceae,Lindera,umbellata,,Japan,,
16386,Geometridae,Elphos,insueta,,Butler,Lauraceae,Lindera,umbellata,,Japan,,
19559,Geometridae,Hypomecis,punctinalis,,Scopoli,Lauraceae,Lindera,umbellata,,Japan,,
21870,Geometridae,Ophthalmitis,albosignaria,,Bremer & Grey,Lauraceae,Lindera,umbellata,,Japan,,
23283,Geometridae,Racotis,petrosa,,Butler,Lauraceae,Lindera,umbellata,,Japan,,
25193,Geometridae,Zethenia,albonotaria,,Bremer,Lauraceae,Lindera,umbellata,,Japan,,
84870,Nymphalidae,Junonia,almana,,Linnaeus,Scrophulariaceae,Lindernia,antipoda,,Japan,,
84873,Nymphalidae,Junonia,almana,,Linnaeus,Scrophulariaceae,Lindernia,ciliata,,Japan,,
125299,Tortricidae,Acroclita,nigrovenana,,Kuznetsov,Sapindaceae,Litchi,chinensis,,Japan,,
138056,Tortricidae,Statherotis,discana,,Felder & Rogenh.,Sapindaceae,Litchi,chinensis,,Japan,,
26942,Gracillariidae,Chrysocercops,castanopsidis,,Kumata & Kuroko,Fagaceae,Lithocarpus,,,Japan,,
10872,Gelechiidae,Dichomeris,oceanis,,Meyrick,Fagaceae,Lithocarpus,,,Japan,,
37895,Lycaenidae,Acytolepis,puspa,,Horsfield,Fagaceae,Lithocarpus,edulis,,Japan,on leaves,
111419,Saturniidae,Antheraea,yamamai,,Guérin-Méneville,Fagaceae,Lithocarpus,edulis,,Japan,on leaves,
127548,Tortricidae,Archips,peratratus,,Yasuda,Fagaceae,Lithocarpus,edulis,,Japan,on leaves,
38469,Lycaenidae,Arhopala,bazalus,,Hewitson,Fagaceae,Lithocarpus,edulis,,Japan,,
38474,Lycaenidae,Arhopala,bazalus,turbata,Butler,Fagaceae,Lithocarpus,edulis,,Japan,,
26381,Gracillariidae,Caloptilia,solaris,,Kumata,Fagaceae,Lithocarpus,edulis,,Japan,,
128786,Tortricidae,Cerace,xanthocosma,,Diakonoff,Fagaceae,Lithocarpus,edulis,,Japan,on leaves,
74672,Nolidae,Characoma,ruficirra,,Hampson,Fagaceae,Lithocarpus,edulis,,Japan,on leaves,
39481,Lycaenidae,Chrysozephyrus,ataxus,,Westwood,Fagaceae,Lithocarpus,edulis,,Japan,on leaves,
15547,Geometridae,Comibaena,amoenaria,,Oberthür,Fagaceae,Lithocarpus,edulis,,Japan,on leaves,Y
27083,Gracillariidae,Cryptolectica,pasaniae,,Kumata & Kuroko,Fagaceae,Lithocarpus,edulis,,Japan,,
27085,Gracillariidae,Cryptolectica,pasaniae,,Kumata & Kuroko,Fagaceae,Lithocarpus,edulis,,Japan,on leaves,
15861,Geometridae,Descoreba,simplex,,Butler,Fagaceae,Lithocarpus,edulis,,Japan,on leaves,
97896,Psychidae,Eumeta,japonica,,Heylaerts,Fagaceae,Lithocarpus,edulis,,Japan,on leaves,
97917,Psychidae,Eumeta,minuscula,,Butler,Fagaceae,Lithocarpus,edulis,,Japan,on leaves,
134243,Tortricidae,Homona,magnanima,,Diakonoff,Fagaceae,Lithocarpus,edulis,,Japan,on leaves,
74994,Nolidae,Hylophilodes,tsukusensis,,Nagano,Fagaceae,Lithocarpus,edulis,,Japan,on leaves,
21182,Geometridae,Mixochlora,vittata,,Moore,Fagaceae,Lithocarpus,edulis,,Japan,on leaves,
42545,Lycaenidae,Narathura,bazalus,,Hewitson,Fagaceae,Lithocarpus,edulis,,Japan,on leaves,
38470,Lycaenidae,Arhopala,bazalus,,Hewitson,Fagaceae,Lithocarpus,glaber,,Japan,,
26943,Gracillariidae,Chrysocercops,castanopsidis,,Kumata & Kuroko,Fagaceae,Lithocarpus,glaber,,Japan,,
26945,Gracillariidae,Chrysocercops,castanopsidis,,Kumata & Kuroko,Fagaceae,Lithocarpus,glaber,,Japan,on leaves,
39502,Lycaenidae,Chrysozephyrus,aurorinus,,Oberthür,Fagaceae,Lithocarpus,glaber,,Japan,on leaves,Y
42546,Lycaenidae,Narathura,bazalus,,Hewitson,Fagaceae,Lithocarpus,glaber,,Japan,on leaves,
42552,Lycaenidae,Narathura,japonica,,Murray,Fagaceae,Lithocarpus,glaber,,Japan,on leaves,
25995,Gracillariidae,Caloptilia,camphorae,,Kumata,Lauraceae,Litsea,coreana,coreana,Japan,,
27187,Gracillariidae,Gibbovalva,quadrifasciata,,Stainton,Lauraceae,Litsea,japonica,,Japan,,
133196,Tortricidae,Eupoecilia,ambiguella,,Hübner,Caprifoliaceae,Lonicera,,,Japan,,
85546,Nymphalidae,Ladoga,camilla,,Linnaeus,Caprifoliaceae,Lonicera,,,Japan,,
85547,Nymphalidae,Ladoga,camilla,,Linnaeus,Caprifoliaceae,Lonicera,alpigena,,Japan,,
85548,Nymphalidae,Ladoga,camilla,,Linnaeus,Caprifoliaceae,Lonicera,caerulea,,Japan,,
135750,Tortricidae,Pandemis,chlorograpta,,Meyrick,Caprifoliaceae,Lonicera,gracilipes,,Japan,,
16309,Geometridae,Ectropis,excellens,,Butler,Caprifoliaceae,Lonicera,japonica,,Japan,,
16358,Geometridae,Ectropis,obliqua,,Prout,Caprifoliaceae,Lonicera,japonica,,Japan,,
19142,Geometridae,Heterolocha,aristonaria,,Walker,Caprifoliaceae,Lonicera,japonica,,Japan,,
85553,Nymphalidae,Ladoga,camilla,,Linnaeus,Caprifoliaceae,Lonicera,japonica,,Japan,,
134605,Tortricidae,Lobesia,coccophaga,,Falkovitsh,Caprifoliaceae,Lonicera,japonica,,Japan,,
134606,Tortricidae,Lobesia,coccophaga,,Falkovitsh,Caprifoliaceae,Lonicera,japonica,,Japan,on leaves,
28498,Gracillariidae,Phyllonorycter,lonicerae,,Kumata,Caprifoliaceae,Lonicera,japonica,,Japan,,
8873,Elachistidae,Whitebreadia,andoi,,Kuroko,Caprifoliaceae,Lonicera,japonica,,Japan,in leaves,
85555,Nymphalidae,Ladoga,camilla,,Linnaeus,Caprifoliaceae,Lonicera,maximowiczii,,Japan,,
19143,Geometridae,Heterolocha,aristonaria,,Walker,Caprifoliaceae,Lonicera,morrowii,,Japan,,
85556,Nymphalidae,Ladoga,camilla,,Linnaeus,Caprifoliaceae,Lonicera,morrowii,,Japan,,
85560,Nymphalidae,Ladoga,camilla,,Linnaeus,Caprifoliaceae,Lonicera,sempervirens,,Japan,,
21584,Geometridae,Nyssiodes,lefuarius,,Erschoff,Leguminosae (P),Lotus,corniculatus,,Japan,,
44704,Lycaenidae,Zizina,otis,,Fabricius,Leguminosae (P),Lotus,corniculatus,,Japan,on leaves,
125019,Tortricidae,Acleris,platynotana,,Walsingham,Ericaceae,Lyonia,ovalifolia,,Japan,,
25761,Gracillariidae,Acrocercops,transecta,,Meyrick,Ericaceae,Lyonia,ovalifolia,,Japan,,
128779,Tortricidae,Cerace,xanthocosma,,Diakonoff,Ericaceae,Lyonia,ovalifolia,,Japan,,
134335,Tortricidae,Homonopsis,illotana,,Kennel,Ericaceae,Lyonia,ovalifolia,,Japan,,
22635,Geometridae,Phthonosema,invenustaria,,Leech,Ericaceae,Lyonia,ovalifolia,,Japan,,
28516,Gracillariidae,Phyllonorycter,lyoniae,,Kumata,Ericaceae,Lyonia,ovalifolia,,Japan,,
28675,Gracillariidae,Phyllonorycter,ovalifoliae,,Kumata,Ericaceae,Lyonia,ovalifolia,,Japan,,
16310,Geometridae,Ectropis,excellens,,Butler,Primulaceae,Lysimachia,clethroides,,Japan,,
42512,Lycaenidae,Nacaduba,kurava,,Moore,Primulaceae,Lysimachia,mauritiana,,Japan,,
26569,Gracillariidae,Calybites,phasianipennella,,Hübner,Primulaceae,Lysimachia,vulgaris,,Japan,,
77493,Notodontidae,Pterostoma,sinicum,,Moore,Leguminosae (P),Maackia,amurensis,,Japan,,
41545,Lycaenidae,Jamides,bochus,,Stoll,Leguminosae (P),Macroptilium,atropurpureum,,Japan,,
126846,Tortricidae,Archips,capsigerana,,Kennel,Myrsinaceae,Maesa,japonica,,Japan,,
42513,Lycaenidae,Nacaduba,kurava,,Moore,Myrsinaceae,Maesa,tenera,,Japan,,
42516,Lycaenidae,Nacaduba,kurava,,Moore,Myrsinaceae,Maesa,tenera,,Japan,on buds/leaves,
128780,Tortricidae,Cerace,xanthocosma,,Diakonoff,Magnoliaceae,Magnolia,grandiflora,,Japan,,
27180,Gracillariidae,Gibbovalva,magnoliae,,Kumata & Kuroko,Magnoliaceae,Magnolia,heptapetala,,Japan,,
23288,Geometridae,Ramobia,basifuscaria,,Leech,Magnoliaceae,Magnolia,heptapetala,,Japan,,
24497,Geometridae,Terpna,superans,,Butler,Magnoliaceae,Magnolia,heptapetala,,Japan,,
27181,Gracillariidae,Gibbovalva,magnoliae,,Kumata & Kuroko,Magnoliaceae,Magnolia,hypoleuca,,Japan,,
26157,Gracillariidae,Caloptilia,magnoliae,,Kumata,Magnoliaceae,Magnolia,kobus,,Japan,,
27179,Gracillariidae,Gibbovalva,kobusi,,Kumata & Kuroko,Magnoliaceae,Magnolia,kobus,,Japan,,
24498,Geometridae,Terpna,superans,,Butler,Magnoliaceae,Magnolia,liliflora,,Japan,,
24499,Geometridae,Terpna,superans,,Butler,Magnoliaceae,Magnolia,tomentosa,,Japan,,
46116,Lymantriidae,Euproctis,piperita,,Oberthür,Euphorbiaceae,Mallotus,,,Japan,,
14066,Geometridae,Ascotis,selenaria,,Denis & Schiff.,Euphorbiaceae,Mallotus,japonicus,,Japan,,
15601,Geometridae,Comibaena,procumbaria,,Pryer,Euphorbiaceae,Mallotus,japonicus,,Japan,,
27099,Gracillariidae,Deoptilia,heptadeta,,Meyrick,Euphorbiaceae,Mallotus,japonicus,,Japan,,
42329,Lycaenidae,Megisba,malaya,,Horsfield,Euphorbiaceae,Mallotus,japonicus,,Japan,on flower buds,
42330,Lycaenidae,Megisba,malaya,,Horsfield,Euphorbiaceae,Mallotus,paniculatus,,Japan,on flower buds,
5111,Carposinidae,Carposina,sasakii,,Matsumura,Rosaceae,Malus,,,Japan,,
76007,Notodontidae,Cnethodonta,grisescens,,Staudinger,Rosaceae,Malus,,,Japan,,
77350,Notodontidae,Phalera,flavescens,,Bremer & Grey,Rosaceae,Malus,,,Japan,,
22644,Geometridae,Phthonosema,tendinosaria,,Bremer,Rosaceae,Malus,,,Japan,,
28786,Gracillariidae,Phyllonorycter,ringoniella,,Matsumura,Rosaceae,Malus,,,Japan,,
137164,Tortricidae,Rhopobota,naevana,,Hübner,Rosaceae,Malus,,,Japan,,
137204,Tortricidae,Rhopobota,unipunctana,,Haworth,Rosaceae,Malus,,,Japan,,
77894,Notodontidae,Stauropus,fagi,,Linnaeus,Rosaceae,Malus,,,Japan,,
28890,Gracillariidae,Phyllonorycter,sorbicola,,Kumata,Rosaceae,Malus,asiatica,,Japan,,
126816,Tortricidae,Archips,breviplicanus,,Walsingham,Rosaceae,Malus,baccata,,Japan,,
126959,Tortricidae,Archips,endoi,,Yasuda,Rosaceae,Malus,baccata,,Japan,,
127017,Tortricidae,Archips,fuscocupreanus,,Walsingham,Rosaceae,Malus,baccata,,Japan,,
25867,Gracillariidae,Callisto,multimaculata,,Matsumura,Rosaceae,Malus,baccata,,Japan,,
128798,Tortricidae,Choristoneura,adumbratana,,Walsingham,Rosaceae,Malus,baccata,,Japan,,
129454,Tortricidae,Clepsis,imitator,,Walsingham,Rosaceae,Malus,baccata,,Japan,,
135751,Tortricidae,Pandemis,chlorograpta,,Meyrick,Rosaceae,Malus,baccata,,Japan,,
28787,Gracillariidae,Phyllonorycter,ringoniella,,Matsumura,Rosaceae,Malus,baccata,,Japan,,
19925,Geometridae,Inurois,fletcheri,,Inoue,Rosaceae,Malus,halliana,,Japan,,
21874,Geometridae,Ophthalmitis,irrorataria,,Bremer & Grey,Rosaceae,Malus,halliana,,Japan,,
124603,Tortricidae,Acleris,cristana,,Denis & Schiff.,Rosaceae,Malus,pumila,,Japan,,
125000,Tortricidae,Acleris,paradiseana,,Walsingham,Rosaceae,Malus,pumila,,Japan,,
52350,Noctuidae,Acronicta,intermedia,,Warren,Rosaceae,Malus,pumila,,Japan,,
13264,Geometridae,Alcis,angulifera,,Butler,Rosaceae,Malus,pumila,,Japan,,
13347,Geometridae,Alsophila,japonensis,,Warren,Rosaceae,Malus,pumila,,Japan,,
13679,Geometridae,Angerona,nigrisparsa,,Butler,Rosaceae,Malus,pumila,,Japan,,
13877,Geometridae,Apochima,excavata,,Dyar,Rosaceae,Malus,pumila,,Japan,,
13887,Geometridae,Apochima,juglansiaria,,Graeser,Rosaceae,Malus,pumila,,Japan,,
126778,Tortricidae,Archips,asiaticus,,Walsingham,Rosaceae,Malus,pumila,,Japan,,
126818,Tortricidae,Archips,breviplicanus,,Walsingham,Rosaceae,Malus,pumila,,Japan,,
126961,Tortricidae,Archips,endoi,,Yasuda,Rosaceae,Malus,pumila,,Japan,,
127019,Tortricidae,Archips,fuscocupreanus,,Walsingham,Rosaceae,Malus,pumila,,Japan,,
127112,Tortricidae,Archips,ingentanus,,Christoph,Rosaceae,Malus,pumila,,Japan,,
127418,Tortricidae,Archips,nigricaudanus,,Walsingham,Rosaceae,Malus,pumila,,Japan,,
127867,Tortricidae,Archips,xylosteana,,Linnaeus,Rosaceae,Malus,pumila,,Japan,,
14069,Geometridae,Ascotis,selenaria,,Denis & Schiff.,Rosaceae,Malus,pumila,,Japan,,
14444,Geometridae,Biston,robustus,,Butler,Rosaceae,Malus,pumila,,Japan,,
14513,Geometridae,Biston,thoracicaria,,Oberthür,Rosaceae,Malus,pumila,,Japan,,
26551,Gracillariidae,Caloptilia,zachrysa,,Meyrick,Rosaceae,Malus,pumila,,Japan,,
14862,Geometridae,Chlorissa,amphitritaria,,Oberthür,Rosaceae,Malus,pumila,,Japan,,
5360,Choreutidae,Choreutis,vinosa,,Diakonoff,Rosaceae,Malus,pumila,,Japan,,
128800,Tortricidae,Choristoneura,adumbratana,,Walsingham,Rosaceae,Malus,pumila,,Japan,,
129087,Tortricidae,Choristoneura,longicellana,,Walsingham,Rosaceae,Malus,pumila,,Japan,,
15340,Geometridae,Cleora,insolita,,Butler,Rosaceae,Malus,pumila,,Japan,,
15348,Geometridae,Cleora,leucophaea,,Butler,Rosaceae,Malus,pumila,,Japan,,
129456,Tortricidae,Clepsis,imitator,,Walsingham,Rosaceae,Malus,pumila,,Japan,,
129698,Tortricidae,Cnephasia,cinereipalpana,,Razowski,Rosaceae,Malus,pumila,,Japan,,
15516,Geometridae,Colotois,pennaria,,Linnaeus,Rosaceae,Malus,pumila,,Japan,,
130109,Tortricidae,Cornicacoecia,lafauryana,,Ragonot,Rosaceae,Malus,pumila,,Japan,,
15686,Geometridae,Culcula,panterinaria,,Bremer & Grey,Rosaceae,Malus,pumila,,Japan,,
15712,Geometridae,Cusiala,stipitaria,,Oberthür,Rosaceae,Malus,pumila,,Japan,,
15791,Geometridae,Cystidia,couaggaria,,Guenée,Rosaceae,Malus,pumila,,Japan,,
15854,Geometridae,Descoreba,simplex,,Butler,Rosaceae,Malus,pumila,,Japan,,
10966,Gelechiidae,Dichomeris,tostella,,Stringer,Rosaceae,Malus,pumila,,Japan,,
16065,Geometridae,Ectephrina,semilutea,,Lederer,Rosaceae,Malus,pumila,,Japan,,
16311,Geometridae,Ectropis,excellens,,Butler,Rosaceae,Malus,pumila,,Japan,,
16359,Geometridae,Ectropis,obliqua,,Prout,Rosaceae,Malus,pumila,,Japan,,
16450,Geometridae,Ennomos,autumnaria,,Werneburg,Rosaceae,Malus,pumila,,Japan,,
16923,Geometridae,Erannis,golda,,Butler,Rosaceae,Malus,pumila,,Japan,,
19012,Geometridae,Hemithea,aestivaria,,Hübner,Rosaceae,Malus,pumila,,Japan,,
134210,Tortricidae,Homona,magnanima,,Diakonoff,Rosaceae,Malus,pumila,,Japan,,
134327,Tortricidae,Homonopsis,foederatana,,Kennel,Rosaceae,Malus,pumila,,Japan,,
134336,Tortricidae,Homonopsis,illotana,,Kennel,Rosaceae,Malus,pumila,,Japan,,
19560,Geometridae,Hypomecis,punctinalis,,Scopoli,Rosaceae,Malus,pumila,,Japan,,
19586,Geometridae,Hypomecis,roboraria,,Denis & Schiff.,Rosaceae,Malus,pumila,,Japan,,
140280,Zygaenidae,Illiberis,sinensis,,Walker,Rosaceae,Malus,pumila,,Japan,,
19926,Geometridae,Inurois,fletcheri,,Inoue,Rosaceae,Malus,pumila,,Japan,,
19971,Geometridae,Inurois,tenuis,,Butler,Rosaceae,Malus,pumila,,Japan,,
20458,Geometridae,Larerannis,miracula,,Prout,Rosaceae,Malus,pumila,,Japan,,
2446,Arctiidae,Lemyra,imparilis,,Butler,Rosaceae,Malus,pumila,,Japan,,
2458,Arctiidae,Lemyra,infernalis,,Butler,Rosaceae,Malus,pumila,,Japan,,
20584,Geometridae,Lomographa,subspersata,,Wehrli,Rosaceae,Malus,pumila,,Japan,,
20655,Geometridae,Lycia,hirtaria,,Clerck,Rosaceae,Malus,pumila,,Japan,,
20819,Geometridae,Medasina,nikkonis,,Butler,Rosaceae,Malus,pumila,,Japan,,
21875,Geometridae,Ophthalmitis,irrorataria,,Bremer & Grey,Rosaceae,Malus,pumila,,Japan,,
48289,Lymantriidae,Orgyia,thyellina,,Butler,Rosaceae,Malus,pumila,,Japan,,
135752,Tortricidae,Pandemis,chlorograpta,,Meyrick,Rosaceae,Malus,pumila,,Japan,,
135765,Tortricidae,Pandemis,cinnamomeana,,Treitschke,Rosaceae,Malus,pumila,,Japan,,
22488,Geometridae,Phigalia,sinuosaria,,Leech,Rosaceae,Malus,pumila,,Japan,,
22567,Geometridae,Phigalia,verecundaria,,Leech,Rosaceae,Malus,pumila,,Japan,,
22645,Geometridae,Phthonosema,tendinosaria,,Bremer,Rosaceae,Malus,pumila,,Japan,,
28790,Gracillariidae,Phyllonorycter,ringoniella,,Matsumura,Rosaceae,Malus,pumila,,Japan,,
28795,Gracillariidae,Phyllonorycter,ringoniella,,Matsumura,Rosaceae,Malus,pumila,,Japan,in leaves,
28891,Gracillariidae,Phyllonorycter,sorbicola,,Kumata,Rosaceae,Malus,pumila,,Japan,,
22859,Geometridae,Planociampa,modesta,,Butler,Rosaceae,Malus,pumila,,Japan,,
23076,Geometridae,Protalcis,concinnata,,Wileman,Rosaceae,Malus,pumila,,Japan,,
137029,Tortricidae,Ptycholoma,circumclusana,,Christoph,Rosaceae,Malus,pumila,,Japan,,
23776,Geometridae,Selenia,tetralunaria,,Hufnagel,Rosaceae,Malus,pumila,,Japan,,
29159,Gracillariidae,Spulerina,astaurota,,Meyrick,Rosaceae,Malus,pumila,,Japan,,
118845,Sesiidae,Synanthedon,hector,,Butler,Rosaceae,Malus,pumila,,Japan,in trunks,
138588,Tortricidae,Tortrix,sinapina,,Butler,Rosaceae,Malus,pumila,,Japan,,
24913,Geometridae,Wilemania,nitobei,,Nitobe,Rosaceae,Malus,pumila,,Japan,,
25194,Geometridae,Zethenia,albonotaria,,Bremer,Rosaceae,Malus,pumila,,Japan,,
13680,Geometridae,Angerona,nigrisparsa,,Butler,Rosaceae,Malus,sieboldii,,Japan,,
5113,Carposinidae,Carposina,sasakii,,Matsumura,Rosaceae,Malus,sieboldii,,Japan,,
15517,Geometridae,Colotois,pennaria,,Linnaeus,Rosaceae,Malus,sieboldii,,Japan,,
15626,Geometridae,Comostola,subtiliaria,,Bremer,Rosaceae,Malus,sieboldii,,Japan,,
15792,Geometridae,Cystidia,couaggaria,,Guenée,Rosaceae,Malus,sieboldii,,Japan,,
15855,Geometridae,Descoreba,simplex,,Butler,Rosaceae,Malus,sieboldii,,Japan,,
133089,Tortricidae,Eudemis,profundana,,Denis & Schiff.,Rosaceae,Malus,sieboldii,,Japan,,
18795,Geometridae,Gigantalcis,flavolinearia,,Leech,Rosaceae,Malus,sieboldii,,Japan,,
19013,Geometridae,Hemithea,aestivaria,,Hübner,Rosaceae,Malus,sieboldii,,Japan,,
76761,Notodontidae,Hupodonta,corticalis,,Butler,Rosaceae,Malus,sieboldii,,Japan,,
20459,Geometridae,Larerannis,miracula,,Prout,Rosaceae,Malus,sieboldii,,Japan,,
20578,Geometridae,Lomographa,simplicior,,Butler,Rosaceae,Malus,sieboldii,,Japan,,
20588,Geometridae,Lomographa,temerata,,Denis & Schiff.,Rosaceae,Malus,sieboldii,,Japan,,
21197,Geometridae,Myrteta,punctata,,Warren,Rosaceae,Malus,sieboldii,,Japan,,
21876,Geometridae,Ophthalmitis,irrorataria,,Bremer & Grey,Rosaceae,Malus,sieboldii,,Japan,,
77247,Notodontidae,Peridea,aliena,,Staudinger,Rosaceae,Malus,sieboldii,,Japan,,
28793,Gracillariidae,Phyllonorycter,ringoniella,,Matsumura,Rosaceae,Malus,sieboldii,,Japan,,
23190,Geometridae,Pseudepione,magnaria,,Wileman,Rosaceae,Malus,sieboldii,,Japan,,
23249,Geometridae,Psyra,bluethgeni,,Püngeler,Rosaceae,Malus,sieboldii,,Japan,,
137167,Tortricidae,Rhopobota,naevana,,Hübner,Rosaceae,Malus,sieboldii,,Japan,,
29160,Gracillariidae,Spulerina,astaurota,,Meyrick,Rosaceae,Malus,sieboldii,,Japan,,
29161,Gracillariidae,Spulerina,astaurota,,Meyrick,Rosaceae,Malus,sieboldii,zumi,Japan,,
24914,Geometridae,Wilemania,nitobei,,Nitobe,Rosaceae,Malus,sieboldii,,Japan,,
29162,Gracillariidae,Spulerina,astaurota,,Meyrick,Rosaceae,Malus,sylvestris,,Japan,,
21877,Geometridae,Ophthalmitis,irrorataria,,Bremer & Grey,Rosaceae,Malus,tschonoskii,,Japan,,
129699,Tortricidae,Cnephasia,cinereipalpana,,Razowski,Leguminosae (P),Medicago,sativa,,Japan,,
130111,Tortricidae,Cornicacoecia,lafauryana,,Ragonot,Leguminosae (P),Medicago,sativa,,Japan,,
15386,Geometridae,Cleora,repulsaria,,Walker,Meliaceae,Melia,azedarach,,Japan,,
134212,Tortricidae,Homona,magnanima,,Diakonoff,Meliaceae,Melia,azedarach,,Japan,,
134732,Tortricidae,Loboschiza,koenigiana,,Fabricius,Meliaceae,Melia,azedarach,,Japan,,
12021,Gelechiidae,Paralida,balanaspis,,Meyrick,Meliaceae,Melia,azedarach,,Japan,,
30476,Hesperiidae,Choaspes,benjaminii,,Guérin-Méneville,Meliosmaceae,Meliosma,hachijoensis,,Japan,,
30477,Hesperiidae,Choaspes,benjaminii,,Guérin-Méneville,Meliosmaceae,Meliosma,lepidota,,Japan,,
30479,Hesperiidae,Choaspes,benjaminii,,Guérin-Méneville,Meliosmaceae,Meliosma,myriantha,,Japan,,
82157,Nymphalidae,Dichorragia,nesimachus,,Boisduval,Meliosmaceae,Meliosma,myriantha,,Japan,,
15972,Geometridae,Duliophyle,agitata,,Butler,Meliosmaceae,Meliosma,myriantha,,Japan,,
15973,Geometridae,Duliophyle,majuscularia,,Leech,Meliosmaceae,Meliosma,myriantha,,Japan,,
16360,Geometridae,Ectropis,obliqua,,Prout,Meliosmaceae,Meliosma,myriantha,,Japan,,
21975,Geometridae,Ourapteryx,obtusicauda,,Warren,Meliosmaceae,Meliosma,myriantha,,Japan,,
30481,Hesperiidae,Choaspes,benjaminii,,Guérin-Méneville,Meliosmaceae,Meliosma,rhoifolia,,Japan,,
30483,Hesperiidae,Choaspes,benjaminii,,Guérin-Méneville,Meliosmaceae,Meliosma,rigida,,Japan,,
13681,Geometridae,Angerona,nigrisparsa,,Butler,Meliosmaceae,Meliosma,tenua,,Japan,,
30485,Hesperiidae,Choaspes,benjaminii,,Guérin-Méneville,Meliosmaceae,Meliosma,tenua,,Japan,,
82165,Nymphalidae,Dichorragia,nesimachus,,Boisduval,Meliosmaceae,Meliosma,tenua,,Japan,,
134532,Tortricidae,Lobesia,aeolopa,,Meyrick,Sterculiaceae,Melochia,odorata,,Japan,,
57171,Noctuidae,Calyptra,lata,,Butler,Menispermaceae,Menispermum,,,Japan,,
129700,Tortricidae,Cnephasia,cinereipalpana,,Razowski,Labiatae,Mentha,arvensis,,Japan,,
128752,Tortricidae,Celypha,lacunana,,Denis & Schiff.,Labiatae,Mentha,canadensis,,Japan,,
135369,Tortricidae,Olethreutes,transversana,,Christoph,Labiatae,Mentha,sachalinensis,,Japan,,
13048,Geometridae,Abraxas,grossulariata,,Linnaeus,Ericaceae,Menziesia,multiflora,,Japan,,
20260,Geometridae,Jodis,urosticta,,Prout,Ericaceae,Menziesia,multiflora,,Japan,,
22646,Geometridae,Phthonosema,tendinosaria,,Bremer,Ericaceae,Menziesia,multiflora,,Japan,,
23716,Geometridae,Selenia,adustaria,,Leech,Ericaceae,Menziesia,multiflora,,Japan,,
13187,Geometridae,Agathia,carissima,,Butler,Asclepiadaceae,Metaplexis,japonica,,Japan,,
104769,Pyralidae,Glyphodes,quadrimaculalis,,Bremer,Asclepiadaceae,Metaplexis,japonica,,Japan,on leaves,
134213,Tortricidae,Homona,magnanima,,Diakonoff,Taxodiaceae,Metasequoia,glyptostroboides,,Japan,,
27194,Gracillariidae,Gibbovalva,urbana,,Meyrick,Magnoliaceae,Michelia,compressa,,Japan,,
24500,Geometridae,Terpna,superans,,Butler,Magnoliaceae,Michelia,figo,,Japan,,
11426,Gelechiidae,Helcystogramma,delocosma,,Meyrick,Rutaceae,Micromelum,pubescens,,Japan,on,
86832,Nymphalidae,Neptis,sappho,,Pallas,Leguminosae (P),Millettia,,,Japan,,
86833,Nymphalidae,Neptis,sappho,,Pallas,Leguminosae (P),Millettia,japonica,,Japan,,
85660,Nymphalidae,Lethe,marginalis,,Motschulsky,Gramineae,Miscanthus,,,Japan,,
86139,Nymphalidae,Melanitis,phedima,,Cramer,Gramineae,Miscanthus,,,Japan,,
101744,Pyralidae,Cnaphalocrocis,latimarginalis,,Hampson,Gramineae,Miscanthus,sinensis,,Japan,,
61789,Noctuidae,Hecatera,confusa,,Sugi,Gramineae,Miscanthus,sinensis,,Japan,,
76887,Notodontidae,Mimopydna,pallida,,Butler,Gramineae,Miscanthus,sinensis,,Japan,,
86484,Nymphalidae,Mycalesis,gotama,,Moore,Gramineae,Miscanthus,sinensis,,Japan,,
86364,Nymphalidae,Minois,nagasawae,,Matsumura,Gramineae,Miscanthus,transmorrisonensis,,Japan,,
13878,Geometridae,Apochima,excavata,,Dyar,Moraceae,Morus,,,Japan,,
13888,Geometridae,Apochima,juglansiaria,,Graeser,Moraceae,Morus,,,Japan,,
126820,Tortricidae,Archips,breviplicanus,,Walsingham,Moraceae,Morus,,,Japan,,
127022,Tortricidae,Archips,fuscocupreanus,,Walsingham,Moraceae,Morus,,,Japan,,
127420,Tortricidae,Archips,nigricaudanus,,Walsingham,Moraceae,Morus,,,Japan,,
129090,Tortricidae,Choristoneura,longicellana,,Walsingham,Moraceae,Morus,,,Japan,,
104760,Pyralidae,Glyphodes,pryeri,,Butler,Moraceae,Morus,,,Japan,,
2447,Arctiidae,Lemyra,imparilis,,Butler,Moraceae,Morus,,,Japan,,
135262,Tortricidae,Olethreutes,mori,,Matsumura,Moraceae,Morus,,,Japan,on,
135263,Tortricidae,Olethreutes,morivora,,Matsumura,Moraceae,Morus,,,Japan,,
135266,Tortricidae,Olethreutes,morivora,,Matsumura,Moraceae,Morus,,,Japan,on,
48290,Lymantriidae,Orgyia,thyellina,,Butler,Moraceae,Morus,,,Japan,,
135257,Tortricidae,Olethreutes,mori,,Matsumura,Moraceae,Morus,alba,,Japan,,
13879,Geometridae,Apochima,excavata,,Dyar,Moraceae,Morus,bombycis,,Japan,,
127023,Tortricidae,Archips,fuscocupreanus,,Walsingham,Moraceae,Morus,bombycis,,Japan,,
14073,Geometridae,Ascotis,selenaria,,Denis & Schiff.,Moraceae,Morus,bombycis,,Japan,,
14516,Geometridae,Bizia,aexaria,,Walker,Moraceae,Morus,bombycis,,Japan,,
15689,Geometridae,Culpinia,diffusa,,Walker,Moraceae,Morus,bombycis,,Japan,,
19014,Geometridae,Hemithea,aestivaria,,Hübner,Moraceae,Morus,bombycis,,Japan,,
19561,Geometridae,Hypomecis,punctinalis,,Scopoli,Moraceae,Morus,bombycis,,Japan,,
20832,Geometridae,Megabiston,plumosaria,,Leech,Moraceae,Morus,bombycis,,Japan,,
21001,Geometridae,Menophra,atrilineata,,Butler,Moraceae,Morus,bombycis,,Japan,,
135259,Tortricidae,Olethreutes,mori,,Matsumura,Moraceae,Morus,bombycis,,Japan,,
21879,Geometridae,Ophthalmitis,irrorataria,,Bremer & Grey,Moraceae,Morus,bombycis,,Japan,,
24915,Geometridae,Wilemania,nitobei,,Nitobe,Moraceae,Morus,bombycis,,Japan,,
25195,Geometridae,Zethenia,albonotaria,,Bremer,Moraceae,Morus,bombycis,,Japan,,
135260,Tortricidae,Olethreutes,mori,,Matsumura,Moraceae,Morus,nigra,,Japan,,
135265,Tortricidae,Olethreutes,morivora,,Matsumura,Moraceae,Morus,nigra,,Japan,,
15690,Geometridae,Culpinia,diffusa,,Walker,Labiatae,Mosla,punctulata,,Japan,,
86660,Nymphalidae,Neptis,hylas,,Linnaeus,Leguminosae (P),Mucuna,macrocarpa,,Japan,,
32748,Hesperiidae,Thymelicus,sylvatica,,Bremer,Gramineae,Muhlenbergia,longistolon,,Japan,,
79392,Nymphalidae,Athyma,selenophora,,Kollar,Rubiaceae,Mussaenda,frondosa,,Japan,,
125639,Tortricidae,Adoxophyes,sp.,,,Myricaceae,Myrica,rubra,,Japan,,
15602,Geometridae,Comibaena,procumbaria,,Pryer,Myricaceae,Myrica,rubra,,Japan,,
16312,Geometridae,Ectropis,excellens,,Butler,Myricaceae,Myrica,rubra,,Japan,,
46131,Lymantriidae,Euproctis,pulverea,,Leech,Myricaceae,Myrica,rubra,,Japan,,
134215,Tortricidae,Homona,magnanima,,Diakonoff,Myricaceae,Myrica,rubra,,Japan,,
49132,Lyonetiidae,Lyonetia,myricella,,Kuroko,Myricaceae,Myrica,rubra,,Japan,,
42307,Lycaenidae,Maculinea,arionides,,Staudinger,Insecta,Myrmica (Z),rubra,,Japan,on ants,
42315,Lycaenidae,Maculinea,teleius,,Bergsträsser,Insecta,Myrmica (Z),ruginodes,,Japan,on flowers,
25845,Gracillariidae,Artifodina,strigulata,,Kumata,Myrsinaceae,Myrsine,capitellata,,Japan,,
127546,Tortricidae,Archips,peratratus,,Yasuda,Myrsinaceae,Myrsine,seguinii,,Japan,,
25844,Gracillariidae,Artifodina,japonica,,Kumata,Myrsinaceae,Myrsine,seguinii,,Japan,,
42514,Lycaenidae,Nacaduba,kurava,,Moore,Myrsinaceae,Myrsine,seguinii,,Japan,,
42517,Lycaenidae,Nacaduba,kurava,,Moore,Myrsinaceae,Myrsine,seguinii,,Japan,on buds/leaves,
134217,Tortricidae,Homona,magnanima,,Diakonoff,Berberidaceae,Nandina,domestica,,Japan,,
25975,Gracillariidae,Caloptilia,bipunctata,,Kumata,Lauraceae,Neolitsea,sericea,,Japan,,
27172,Gracillariidae,Gibbovalva,civica,,Meyrick,Lauraceae,Neolitsea,sericea,,Japan,,
129701,Tortricidae,Cnephasia,cinereipalpana,,Razowski,Solanaceae,Nicotiana,tabacum,,Japan,,
134219,Tortricidae,Homona,magnanima,,Diakonoff,Oleaceae,Olea,europaea,,Japan,,
86485,Nymphalidae,Mycalesis,gotama,,Moore,Gramineae,Oplismenus,,,Japan,,
89521,Nymphalidae,Ypthima,argus,,Butler,Gramineae,Oplismenus,,,Japan,,
86486,Nymphalidae,Mycalesis,gotama,,Moore,Gramineae,Oplismenus,compositus,,Japan,,
11431,Gelechiidae,Helcystogramma,fuscomarginatum,,Ueda,Gramineae,Oplismenus,undulatifolius,,Japan,,
89392,Nymphalidae,Vanessa,indica,,Herbst,Urticaceae,Oreocnide,frutescens,,Japan,,
96227,Pieridae,Eurema,hecabe,,Linnaeus,Leguminosae (P),Ormocarpum,cochinchinense,,Japan,on leaves,
86489,Nymphalidae,Mycalesis,gotama,,Moore,Gramineae,Oryza,,,Japan,,
107796,Pyralidae,Parapoynx,vittalis,,Bremer,Gramineae,Oryza,,,Japan,,
101434,Pyralidae,Chilo,christophi,,Bleszynski,Gramineae,Oryza,sativa,,Japan,,
106860,Pyralidae,Nymphula,ussuriensis,,Rebel,Gramineae,Oryza,sativa,,Japan,,
16175,Geometridae,Ectropis,bistortata,,Goeze,Osmundaceae,Osmunda,japonica,,Japan,,
28433,Gracillariidae,Phyllonorycter,japonica,,Kumata,Corylaceae,Ostrya,japonica,,Japan,,
28669,Gracillariidae,Phyllonorycter,ostryae,,Kumata,Corylaceae,Ostrya,japonica,,Japan,,
29028,Gracillariidae,Phyllonorycter,turugisana,,Kumata,Corylaceae,Ostrya,japonica,,Japan,,
43226,Lycaenidae,Pseudozizeeria,maha,,Kollar,Oxalidaceae,Oxalis,corniculata,,Japan,,
118316,Sesiidae,Nokona,pernix,,Leech,Rubiaceae,Paederia,scandens,,Japan,in stems,
134220,Tortricidae,Homona,magnanima,,Diakonoff,Paeoniaceae,Paeonia,suffruticosa,,Japan,,
126573,Tortricidae,Apotomis,lacteifascies,,Walsingham,Vitaceae,Parthenocissus,tricuspidata,,Japan,,
118317,Sesiidae,Nokona,pernix,,Leech,Vitaceae,Parthenocissus,tricuspidata,,Japan,in stems,
29188,Gracillariidae,Spulerina,parthenocissi,,Kumata & Kuroko,Vitaceae,Parthenocissus,tricuspidata,,Japan,,
86187,Nymphalidae,Melitaea,diamina,,Lang,Valerianaceae,Patrinia,scabiosifolia,,Japan,,
133744,Tortricidae,Gynnidomorpha,permixtana,,Denis & Schiff.,Scrophulariaceae,Pedicularis,,,Japan,,
133738,Tortricidae,Gynnidomorpha,minimana,,Caradja,Scrophulariaceae,Pedicularis,palustris,,Japan,,
14077,Geometridae,Ascotis,selenaria,,Denis & Schiff.,Labiatae,Perilla,frutescens,,Japan,,
134535,Tortricidae,Lobesia,aeolopa,,Meyrick,Labiatae,Perilla,frutescens,,Japan,,
26032,Gracillariidae,Caloptilia,crinotibialis,,Kumata,Lauraceae,Persea,japonica,,Japan,,
126847,Tortricidae,Archips,capsigerana,,Kennel,Lauraceae,Persea,thunbergii,,Japan,,
26237,Gracillariidae,Caloptilia,perseella,,Kumata,Lauraceae,Persea,thunbergii,,Japan,,
132044,Tortricidae,Epiblema,sugii,,Kawabe,Lauraceae,Persea,thunbergii,,Japan,,
27173,Gracillariidae,Gibbovalva,civica,,Meyrick,Lauraceae,Persea,thunbergii,,Japan,,
27191,Gracillariidae,Gibbovalva,quadrifasciata,,Stainton,Lauraceae,Persea,thunbergii,,Japan,,
137539,Tortricidae,Sorolopha,plinthograpta,,Meyrick,Lauraceae,Persea,thunbergii,,Japan,,
127114,Tortricidae,Archips,ingentanus,,Christoph,Compositae,Petasites,japonicus,,Japan,,
32749,Hesperiidae,Thymelicus,sylvatica,,Bremer,Gramineae,Phalaris,arundinacea,,Japan,,
127025,Tortricidae,Archips,fuscocupreanus,,Walsingham,Leguminosae (P),Phaseolus,,,Japan,,
129702,Tortricidae,Cnephasia,cinereipalpana,,Razowski,Leguminosae (P),Phaseolus,,,Japan,,
41561,Lycaenidae,Jamides,bochus,,Stoll,Leguminosae (P),Phaseolus,,,Japan,on flowers/fruits,
135753,Tortricidae,Pandemis,chlorograpta,,Meyrick,Leguminosae (P),Phaseolus,,,Japan,,
137030,Tortricidae,Ptycholoma,circumclusana,,Christoph,Leguminosae (P),Phaseolus,,,Japan,,
40239,Lycaenidae,Euchrysops,cnejus,,Fabricius,Leguminosae (P),Phaseolus,minimus,,Japan,on buds/flowers/fruits,
134854,Tortricidae,Matsumuraeses,phaseoli,,Matsumura,Leguminosae (P),Phaseolus,vulgaris,,Japan,in fruits,
86663,Nymphalidae,Neptis,hylas,,Linnaeus,Leguminosae (P),Phaseolus,vulgaris,,Japan,,
26553,Gracillariidae,Caloptilia,zachrysa,,Meyrick,Rosaceae,Photinia,glabra,,Japan,,
13265,Geometridae,Alcis,angulifera,,Butler,Rosaceae,Photinia,villosa,,Japan,,
13348,Geometridae,Alsophila,japonensis,,Warren,Rosaceae,Photinia,villosa,,Japan,,
15518,Geometridae,Colotois,pennaria,,Linnaeus,Rosaceae,Photinia,villosa,,Japan,,
15793,Geometridae,Cystidia,couaggaria,,Guenée,Rosaceae,Photinia,villosa,,Japan,,
16924,Geometridae,Erannis,golda,,Butler,Rosaceae,Photinia,villosa,,Japan,,
19015,Geometridae,Hemithea,aestivaria,,Hübner,Rosaceae,Photinia,villosa,,Japan,,
20217,Geometridae,Jodis,dentifascia,,Warren,Rosaceae,Photinia,villosa,,Japan,,
21880,Geometridae,Ophthalmitis,irrorataria,,Bremer & Grey,Rosaceae,Photinia,villosa,,Japan,,
77248,Notodontidae,Peridea,aliena,,Staudinger,Rosaceae,Photinia,villosa,,Japan,,
29065,Gracillariidae,Phyllonorycter,watanabei,,Kumata,Rosaceae,Photinia,villosa,,Japan,,
101435,Pyralidae,Chilo,christophi,,Bleszynski,Gramineae,Phragmites,australis,,Japan,,
84882,Nymphalidae,Junonia,almana,,Linnaeus,Verbenaceae,Phyla,nodiflora,,Japan,,
79376,Nymphalidae,Athyma,perius,,Linnaeus,Euphorbiaceae,Phyllanthus,,,Japan,,
6557,Cosmopterigidae,Cosmopterix,phyllostachysea,,Kuroko,Gramineae,Phyllostachys,heterocycla,,Japan,,
131227,Tortricidae,Cymolomia,hartigiana,,Saxesen,Pinaceae,Picea,,,Japan,,
132380,Tortricidae,Epinotia,piceicola,,Kuznetsov,Pinaceae,Picea,,,Japan,,
127590,Tortricidae,Archips,pulchra,,Butler,Pinaceae,Picea,abies,,Japan,,
132148,Tortricidae,Epinotia,cineracea,,Nasu,Pinaceae,Picea,abies,,Japan,,
134768,Tortricidae,Lozotaenia,coniferana,,Issiki,Pinaceae,Picea,abies,,Japan,,
135618,Tortricidae,Pammene,piceae,,Komai,Pinaceae,Picea,abies,,Japan,on needles,
137112,Tortricidae,Retinia,monopunctata,,Oku,Pinaceae,Picea,abies,,Japan,,
134328,Tortricidae,Homonopsis,foederatana,,Kennel,Pinaceae,Picea,engelmannii,,Japan,,
134769,Tortricidae,Lozotaenia,coniferana,,Issiki,Pinaceae,Picea,engelmannii,,Japan,,
135619,Tortricidae,Pammene,piceae,,Komai,Pinaceae,Picea,glehnii,,Japan,on needles,
137113,Tortricidae,Retinia,monopunctata,,Oku,Pinaceae,Picea,glehnii,,Japan,,
132192,Tortricidae,Epinotia,densiuncaria,,Kuznetsov,Pinaceae,Picea,jezoensis,,Japan,,
132381,Tortricidae,Epinotia,piceicola,,Kuznetsov,Pinaceae,Picea,jezoensis,,Japan,,
135754,Tortricidae,Pandemis,chlorograpta,,Meyrick,Pinaceae,Picea,jezoensis,,Japan,,
137114,Tortricidae,Retinia,monopunctata,,Oku,Pinaceae,Picea,jezoensis,,Japan,,
137115,Tortricidae,Retinia,monopunctata,,Oku,Pinaceae,Picea,polita,,Japan,,
126998,Tortricidae,Archips,fumosus,,Kodama,Pinaceae,Picea,pungens,,Japan,,
134770,Tortricidae,Lozotaenia,coniferana,,Issiki,Pinaceae,Picea,pungens,,Japan,,
27164,Gracillariidae,Eteoryctis,picrasmae,,Kumata & Kuroko,Simaroubaceae,Picrasma,quassioides,,Japan,,
13266,Geometridae,Alcis,angulifera,,Butler,Ericaceae,Pieris,japonica,,Japan,,
13950,Geometridae,Arichanna,jaguararia,,Guenée,Ericaceae,Pieris,japonica,,Japan,,
13952,Geometridae,Arichanna,melanaria,,Linnaeus,Ericaceae,Pieris,japonica,,Japan,,
953,Arctiidae,Asura,dharma,,Moore,Ericaceae,Pieris,japonica,,Japan,,
38940,Lycaenidae,Callophrys,ferrea,,Butler,Ericaceae,Pieris,japonica,,Japan,on flowers/fruits/leaves,
128783,Tortricidae,Cerace,xanthocosma,,Diakonoff,Ericaceae,Pieris,japonica,,Japan,,
131242,Tortricidae,Daemilus,fulva,,Filipjev,Ericaceae,Pieris,japonica,,Japan,,
16176,Geometridae,Ectropis,bistortata,,Goeze,Ericaceae,Pieris,japonica,,Japan,,
134222,Tortricidae,Homona,magnanima,,Diakonoff,Ericaceae,Pieris,japonica,,Japan,,
139733,Yponomeutidae,Saridoscelis,,,,Ericaceae,Pieris,japonica,,Japan,,
138354,Tortricidae,Terricula,violetana,,Kawabe,Urticaceae,Pilea,pumila,pumila,Japan,,
98720,Psychidae,Psyche,niphonica,,Hori,Pinaceae,Pinus,,,Japan,,
137097,Tortricidae,Retinia,cristata,,Walsingham,Pinaceae,Pinus,,,Japan,,
137315,Tortricidae,Rhyacionia,duplana,,Hübner,Pinaceae,Pinus,,,Japan,,
25206,Geometridae,Zethenia,rufescentaria,,Motschulsky,Pinaceae,Pinus,,,Japan,,
13267,Geometridae,Alcis,angulifera,,Butler,Pinaceae,Pinus,densiflora,,Japan,,
15794,Geometridae,Cystidia,couaggaria,,Guenée,Pinaceae,Pinus,densiflora,,Japan,,
132411,Tortricidae,Epinotia,rubiginosana,koraiensis,Falkovitsh,Pinaceae,Pinus,densiflora,,Japan,,
136508,Tortricidae,Piniphila,bifasciana,,Haworth,Pinaceae,Pinus,densiflora,,Japan,,
137096,Tortricidae,Retinia,coeruleostriana,,Caradja,Pinaceae,Pinus,densiflora,,Japan,,
137099,Tortricidae,Retinia,cristata,,Walsingham,Pinaceae,Pinus,densiflora,,Japan,,
23416,Geometridae,Rikiosatoa,grisea,,Butler,Pinaceae,Pinus,densiflora,,Japan,,
138388,Tortricidae,Thaumatographa,eremnotorna,,Diakonoff & Ar.,Pinaceae,Pinus,densiflora,,Japan,,
132412,Tortricidae,Epinotia,rubiginosana,koraiensis,Falkovitsh,Pinaceae,Pinus,koraiensis,,Japan,,
33382,Lasiocampidae,Dendrolimus,okinawanus,,Sonan,Pinaceae,Pinus,luchuensis,,Japan,,
137438,Tortricidae,Rhyacionia,washiyai,,Kono & Sawamoto,Pinaceae,Pinus,nigra,,Japan,,
29173,Gracillariidae,Spulerina,corticicola,,Kumata,Pinaceae,Pinus,parviflora,,Japan,,
29174,Gracillariidae,Spulerina,corticicola,,Kumata,Pinaceae,Pinus,pentaphylla,,Japan,,
132117,Tortricidae,Epinotia,bicolor,,Walsingham,Pinaceae,Pinus,pumila,,Japan,,
132382,Tortricidae,Epinotia,pinicola,,Kuznetsov,Pinaceae,Pinus,pumila,,Japan,,
24015,Geometridae,Semiothisa,liturata,,Clerck,Pinaceae,Pinus,pumila,,Japan,,
132413,Tortricidae,Epinotia,rubiginosana,koraiensis,Falkovitsh,Pinaceae,Pinus,strobus,,Japan,,
137117,Tortricidae,Retinia,monopunctata,,Oku,Pinaceae,Pinus,strobus,,Japan,,
29175,Gracillariidae,Spulerina,corticicola,,Kumata,Pinaceae,Pinus,strobus,,Japan,,
131229,Tortricidae,Cymolomia,hartigiana,,Saxesen,Pinaceae,Pinus,sylvestris,,Japan,,
137102,Tortricidae,Retinia,cristata,,Walsingham,Pinaceae,Pinus,thunbergiana,,Japan,,
137311,Tortricidae,Rhyacionia,dativa,,Heinrich,Pinaceae,Pinus,thunbergiana,,Japan,,
4963,Bucculatricidae,Bucculatrix,pyrivorella,,Kuroko,Leguminosae (P),Pisum,sativum,,Japan,,
41813,Lycaenidae,Lampides,boeticus,,Linnaeus,Leguminosae (P),Pisum,sativum,,Japan,on flowers/fruits,
134223,Tortricidae,Homona,magnanima,,Diakonoff,Pittosporaceae,Pittosporum,tobira,,Japan,,
6632,Cosmopterigidae,Homosaces,pelochares,,Meyrick,Lecythidaceae,Planchonia,valida,,Japan,on,
42380,Lycaenidae,Miletus,boisduvali,,Moore,Insecta,Planococcus (Z),lilacinus,,Japan,,
84884,Nymphalidae,Junonia,almana,,Linnaeus,Plantaginaceae,Plantago,major,pachyphylla,Japan,,
14514,Geometridae,Biston,thoracicaria,,Oberthür,Platanaceae,Platanus,orientalis,,Japan,,
25763,Gracillariidae,Acrocercops,transecta,,Meyrick,Juglandaceae,Platycarya,strobilacea,,Japan,,
16178,Geometridae,Ectropis,bistortata,,Goeze,Labiatae,Plectranthus,trichocarpus,,Japan,,
42309,Lycaenidae,Maculinea,arionides,,Staudinger,Labiatae,Plectranthus,trichocarpus,,Japan,on flowers,
134536,Tortricidae,Lobesia,aeolopa,,Meyrick,Compositae,Pluchea,indica,,Japan,,
86363,Nymphalidae,Minois,dryas,,Scopoli,Gramineae,Poa,,,Japan,,
131578,Tortricidae,Eana,argentana,,Clerck,Gramineae,Poa,pratensis,,Japan,,
87475,Nymphalidae,Pararge,epimenides,,Ménétriés,Gramineae,Poa,pratensis,,Japan,,
16863,Geometridae,Episteira,sp.,,,Podocarpaceae,Podocarpus,,,Japan,,
15603,Geometridae,Comibaena,procumbaria,,Pryer,Podocarpaceae,Podocarpus,macrophyllus,,Japan,,
16861,Geometridae,Episteira,eupena,,Prout,Podocarpaceae,Podocarpus,macrophyllus,,Japan,on leaves,
16862,Geometridae,Episteira,nigrilinearia,nigrilinearia,Leech,Podocarpaceae,Podocarpus,macrophyllus,,Japan,on leaves,
134224,Tortricidae,Homona,magnanima,,Diakonoff,Podocarpaceae,Podocarpus,macrophyllus,,Japan,,
134803,Tortricidae,Makivora,hagiyai,,Oku,Podocarpaceae,Podocarpus,macrophyllus,maki,Japan,,
21157,Geometridae,Milionia,basalis,,Walker,Podocarpaceae,Podocarpus,macrophyllus,,Japan,,
134226,Tortricidae,Homona,magnanima,,Diakonoff,Podocarpaceae,Podocarpus,nagi,,Japan,,
125640,Tortricidae,Adoxophyes,sp.,,,Polygonaceae,Polygonum,,,Japan,,
26573,Gracillariidae,Calybites,phasianipennella,,Hübner,Polygonaceae,Polygonum,cespitosum,longisetum,Japan,,
26589,Gracillariidae,Calybites,trimaculata,,Kumata,Polygonaceae,Polygonum,chinense,,Japan,,
13268,Geometridae,Alcis,angulifera,,Butler,Polygonaceae,Polygonum,cuspidatum,,Japan,,
16313,Geometridae,Ectropis,excellens,,Butler,Polygonaceae,Polygonum,cuspidatum,,Japan,,
134337,Tortricidae,Homonopsis,illotana,,Kennel,Polygonaceae,Polygonum,cuspidatum,,Japan,,
21015,Geometridae,Menophra,retractaria,,Moore,Polygonaceae,Polygonum,cuspidatum,,Japan,,
135755,Tortricidae,Pandemis,chlorograpta,,Meyrick,Polygonaceae,Polygonum,cuspidatum,,Japan,,
23250,Geometridae,Psyra,bluethgeni,,Püngeler,Polygonaceae,Polygonum,cuspidatum,,Japan,,
26574,Gracillariidae,Calybites,phasianipennella,,Hübner,Polygonaceae,Polygonum,filiforme,,Japan,,
26575,Gracillariidae,Calybites,phasianipennella,,Hübner,Polygonaceae,Polygonum,orientale,,Japan,,
107398,Pyralidae,Ostrinia,latipennis,,Warren,Polygonaceae,Polygonum,sachalinense,,Japan,,
26576,Gracillariidae,Calybites,phasianipennella,,Hübner,Polygonaceae,Polygonum,thunbergii,,Japan,,
11896,Gelechiidae,Monochroa,japonica,,Sakamaki,Polygonaceae,Polygonum,thunbergii,,Japan,,
59304,Noctuidae,Diomea,cremata,,Butler,Dryopteridaceae,Polystichum,,,Japan,,
63410,Noctuidae,Hypostrotia,cinerea,,Butler,Dryopteridaceae,Polystichum,,,Japan,,
41546,Lycaenidae,Jamides,bochus,,Stoll,Leguminosae (P),Pongamia,pinnata,,Japan,,
41562,Lycaenidae,Jamides,bochus,,Stoll,Leguminosae (P),Pongamia,pinnata,,Japan,on flowers/fruits,
79072,Nymphalidae,Apatura,ilia,,Denis & Schiff.,Salicaceae,Populus,,,Japan,,
75757,Notodontidae,Cerura,menciana,,Moore,Salicaceae,Populus,,,Japan,,
75782,Notodontidae,Cerura,vinula,,Linnaeus,Salicaceae,Populus,,,Japan,,
75841,Notodontidae,Clostera,anachoreta,,Denis & Schiff.,Salicaceae,Populus,,,Japan,,
75860,Notodontidae,Clostera,anastomosis,,Linnaeus,Salicaceae,Populus,,,Japan,,
75913,Notodontidae,Clostera,curtuloides,,Erschoff,Salicaceae,Populus,,,Japan,,
76478,Notodontidae,Furcula,infumata,,Staudinger,Salicaceae,Populus,,,Japan,,
76480,Notodontidae,Furcula,lanigera,,Butler,Salicaceae,Populus,,,Japan,,
33722,Lasiocampidae,Kunugia,undans,,Butler,Salicaceae,Populus,,,Japan,,
85765,Nymphalidae,Limenitis,populi,,Linnaeus,Salicaceae,Populus,,,Japan,,
76884,Notodontidae,Micromelalopha,troglodyta,,Graeser,Salicaceae,Populus,,,Japan,,
77122,Notodontidae,Notodonta,torva,,Hübner,Salicaceae,Populus,,,Japan,,
87125,Nymphalidae,Nymphalis,xanthomelas,,Denis & Schiff.,Salicaceae,Populus,,,Japan,,
137449,Tortricidae,Saliciphaga,acharis,,Butler,Salicaceae,Populus,,,Japan,,
137455,Tortricidae,Saliciphaga,caesia,,Falkovitsh,Salicaceae,Populus,,,Japan,,
20658,Geometridae,Lycia,hirtaria,,Clerck,Salicaceae,Populus,davidiana,,Japan,,
16925,Geometridae,Erannis,golda,,Butler,Salicaceae,Populus,maximowiczii,,Japan,,
85771,Nymphalidae,Limenitis,populi,,Linnaeus,Salicaceae,Populus,maximowiczii,,Japan,,
20659,Geometridae,Lycia,hirtaria,,Clerck,Salicaceae,Populus,maximowiczii,,Japan,,
136995,Tortricidae,Pseudosciaphila,branderiana,,Linnaeus,Salicaceae,Populus,maximowiczii,,Japan,,
124816,Tortricidae,Acleris,issikii,,Oku,Salicaceae,Populus,nigra,,Japan,,
13937,Geometridae,Archiearis,notha,,Hübner,Salicaceae,Populus,nigra,,Japan,,
126823,Tortricidae,Archips,breviplicanus,,Walsingham,Salicaceae,Populus,nigra,,Japan,,
26002,Gracillariidae,Caloptilia,chrysolampra,,Meyrick,Salicaceae,Populus,nigra,,Japan,,
26437,Gracillariidae,Caloptilia,stigmatella,,Fabricius,Salicaceae,Populus,nigra,,Japan,,
15519,Geometridae,Colotois,pennaria,,Linnaeus,Salicaceae,Populus,nigra,,Japan,,
16926,Geometridae,Erannis,golda,,Butler,Salicaceae,Populus,nigra,,Japan,,
20660,Geometridae,Lycia,hirtaria,,Clerck,Salicaceae,Populus,nigra,,Japan,,
135756,Tortricidae,Pandemis,chlorograpta,,Meyrick,Salicaceae,Populus,nigra,,Japan,,
22490,Geometridae,Phigalia,sinuosaria,,Leech,Salicaceae,Populus,nigra,,Japan,,
28686,Gracillariidae,Phyllonorycter,pastorella,,Zeller,Salicaceae,Populus,nigra,,Japan,,
23777,Geometridae,Selenia,tetralunaria,,Hufnagel,Salicaceae,Populus,nigra,,Japan,,
118606,Sesiidae,Sesia,yezoensis,,Hampson,Salicaceae,Populus,nigra,,Japan,in roots/trunk,
118608,Sesiidae,Sesia,yezoensis,,Hampson,Salicaceae,Populus,nigra,,Japan,in trunks,
124818,Tortricidae,Acleris,issikii,,Oku,Salicaceae,Populus,sieboldii,,Japan,,
127839,Tortricidae,Archips,viola,,Falkovitsh,Salicaceae,Populus,sieboldii,,Japan,,
129703,Tortricidae,Cnephasia,cinereipalpana,,Razowski,Salicaceae,Populus,sieboldii,,Japan,,
16927,Geometridae,Erannis,golda,,Butler,Salicaceae,Populus,sieboldii,,Japan,,
76523,Notodontidae,Gluphisia,crenata,,Esper,Salicaceae,Populus,sieboldii,,Japan,,
20450,Geometridae,Larerannis,filipjevi,,Wehrli,Salicaceae,Populus,sieboldii,,Japan,,
85776,Nymphalidae,Limenitis,populi,,Linnaeus,Salicaceae,Populus,sieboldii,,Japan,,
20661,Geometridae,Lycia,hirtaria,,Clerck,Salicaceae,Populus,sieboldii,,Japan,,
28687,Gracillariidae,Phyllonorycter,pastorella,,Zeller,Salicaceae,Populus,sieboldii,,Japan,,
125159,Tortricidae,Acleris,umbrana,,Hübner,Rosaceae,Prunus,,,Japan,,
13123,Geometridae,Acrodontis,sp. A,,,Rosaceae,Prunus,,,Japan,,
126178,Tortricidae,Ancylis,selenana,,Guenée,Rosaceae,Prunus,,,Japan,,
13889,Geometridae,Apochima,juglansiaria,,Graeser,Rosaceae,Prunus,,,Japan,,
126780,Tortricidae,Archips,asiaticus,,Walsingham,Rosaceae,Prunus,,,Japan,,
126825,Tortricidae,Archips,breviplicanus,,Walsingham,Rosaceae,Prunus,,,Japan,,
127027,Tortricidae,Archips,fuscocupreanus,,Walsingham,Rosaceae,Prunus,,,Japan,,
127870,Tortricidae,Archips,xylosteana,,Linnaeus,Rosaceae,Prunus,,,Japan,,
14445,Geometridae,Biston,robustus,,Butler,Rosaceae,Prunus,,,Japan,,
128784,Tortricidae,Cerace,xanthocosma,,Diakonoff,Rosaceae,Prunus,,,Japan,,
128802,Tortricidae,Choristoneura,adumbratana,,Walsingham,Rosaceae,Prunus,,,Japan,,
129092,Tortricidae,Choristoneura,longicellana,,Walsingham,Rosaceae,Prunus,,,Japan,,
39575,Lycaenidae,Chrysozephyrus,smaragdina,,Bremer,Rosaceae,Prunus,,,Japan,on buds,
129458,Tortricidae,Clepsis,imitator,,Walsingham,Rosaceae,Prunus,,,Japan,,
15795,Geometridae,Cystidia,couaggaria,,Guenée,Rosaceae,Prunus,,,Japan,,
15856,Geometridae,Descoreba,simplex,,Butler,Rosaceae,Prunus,,,Japan,,
16451,Geometridae,Ennomos,autumnaria,,Werneburg,Rosaceae,Prunus,,,Japan,,
16672,Geometridae,Epholca,arenosa,,Butler,Rosaceae,Prunus,,,Japan,,
16928,Geometridae,Erannis,golda,,Butler,Rosaceae,Prunus,,,Japan,,
133200,Tortricidae,Eupoecilia,ambiguella,,Hübner,Rosaceae,Prunus,,,Japan,,
19017,Geometridae,Hemithea,aestivaria,,Hübner,Rosaceae,Prunus,,,Japan,,
134227,Tortricidae,Homona,magnanima,,Diakonoff,Rosaceae,Prunus,,,Japan,,
76762,Notodontidae,Hupodonta,corticalis,,Butler,Rosaceae,Prunus,,,Japan,,
19927,Geometridae,Inurois,fletcheri,,Inoue,Rosaceae,Prunus,,,Japan,,
20460,Geometridae,Larerannis,miracula,,Prout,Rosaceae,Prunus,,,Japan,,
2448,Arctiidae,Lemyra,imparilis,,Butler,Rosaceae,Prunus,,,Japan,,
86613,Nymphalidae,Neptis,alwina,,Bremer & Grey,Rosaceae,Prunus,,,Japan,,
77074,Notodontidae,Nerice,bipartita,,Butler,Rosaceae,Prunus,,,Japan,,
87055,Nymphalidae,Nymphalis,polychloros,,Linnaeus,Rosaceae,Prunus,,,Japan,,
21606,Geometridae,Odontopera,arida,,Butler,Rosaceae,Prunus,,,Japan,,
48291,Lymantriidae,Orgyia,thyellina,,Butler,Rosaceae,Prunus,,,Japan,,
67114,Noctuidae,Orthosia,ijimai,,Sugi,Rosaceae,Prunus,,,Japan,,
22047,Geometridae,Pachyligia,dolosa,,Butler,Rosaceae,Prunus,,,Japan,,
135792,Tortricidae,Pandemis,corylana,,Fabricius,Rosaceae,Prunus,,,Japan,,
77352,Notodontidae,Phalera,flavescens,,Bremer & Grey,Rosaceae,Prunus,,,Japan,,
22568,Geometridae,Phigalia,verecundaria,,Leech,Rosaceae,Prunus,,,Japan,,
28794,Gracillariidae,Phyllonorycter,ringoniella,,Matsumura,Rosaceae,Prunus,,,Japan,,
28892,Gracillariidae,Phyllonorycter,sorbicola,,Kumata,Rosaceae,Prunus,,,Japan,,
22849,Geometridae,Planociampa,antipala,,Prout,Rosaceae,Prunus,,,Japan,,
116674,Saturniidae,Rhodinia,fugax,,Butler,Rosaceae,Prunus,,,Japan,,
137209,Tortricidae,Rhopobota,unipunctana,,Haworth,Rosaceae,Prunus,,,Japan,,
23778,Geometridae,Selenia,tetralunaria,,Hufnagel,Rosaceae,Prunus,,,Japan,,
77896,Notodontidae,Stauropus,fagi,,Linnaeus,Rosaceae,Prunus,,,Japan,,
8542,Drepanidae,Tethea,consimilis,,Warren,Rosaceae,Prunus,,,Japan,,
24916,Geometridae,Wilemania,nitobei,,Nitobe,Rosaceae,Prunus,,,Japan,,
74114,Noctuidae,Xylena,formosa,,Butler,Rosaceae,Prunus,,,Japan,,
126826,Tortricidae,Archips,breviplicanus,,Walsingham,Rosaceae,Prunus,armeniaca,,Japan,,
127028,Tortricidae,Archips,fuscocupreanus,,Walsingham,Rosaceae,Prunus,armeniaca,,Japan,,
15796,Geometridae,Cystidia,couaggaria,,Guenée,Rosaceae,Prunus,armeniaca,,Japan,,
19928,Geometridae,Inurois,fletcheri,,Inoue,Rosaceae,Prunus,armeniaca,,Japan,,
118846,Sesiidae,Synanthedon,hector,,Butler,Rosaceae,Prunus,armeniaca,,Japan,in trunks,
25868,Gracillariidae,Callisto,multimaculata,,Matsumura,Rosaceae,Prunus,avium,,Japan,,
133424,Tortricidae,Grapholita,cerasivora,,Matsumura,Rosaceae,Prunus,avium,,Japan,on fruits,
28893,Gracillariidae,Phyllonorycter,sorbicola,,Kumata,Rosaceae,Prunus,avium,,Japan,,
137031,Tortricidae,Ptycholoma,circumclusana,,Christoph,Rosaceae,Prunus,avium,,Japan,,
28727,Gracillariidae,Phyllonorycter,pruni,,Kumata,Rosaceae,Prunus,cerasoides,,Japan,,
28996,Gracillariidae,Phyllonorycter,tribhuvani,,Kumata,Rosaceae,Prunus,cerasoides,,Japan,,
125027,Tortricidae,Acleris,quinquefasciana,,Matsumura,Rosaceae,Prunus,cerasus,,Japan,on,
116676,Saturniidae,Rhodinia,fugax,,Butler,Rosaceae,Prunus,domestica,,Japan (prov),,Y
29163,Gracillariidae,Spulerina,astaurota,,Meyrick,Rosaceae,Prunus,domestica,,Japan,,
19920,Geometridae,Inurois,asahinai,,Inoue,Rosaceae,Prunus,donarium,,Japan,,
19943,Geometridae,Inurois,fumosa,,Inoue,Rosaceae,Prunus,donarium,,Japan,,
20461,Geometridae,Larerannis,miracula,,Prout,Rosaceae,Prunus,donarium,,Japan,,
20561,Geometridae,Lomographa,hyriaria,,Warren,Rosaceae,Prunus,donarium,,Japan,,
23717,Geometridae,Selenia,adustaria,,Leech,Rosaceae,Prunus,donarium,,Japan,,
20833,Geometridae,Megabiston,plumosaria,,Leech,Rosaceae,Prunus,dulcis,,Japan,,
13269,Geometridae,Alcis,angulifera,,Butler,Rosaceae,Prunus,grayana,,Japan,,
13349,Geometridae,Alsophila,japonensis,,Warren,Rosaceae,Prunus,grayana,,Japan,,
15522,Geometridae,Colotois,pennaria,,Linnaeus,Rosaceae,Prunus,grayana,,Japan,,
16179,Geometridae,Ectropis,bistortata,,Goeze,Rosaceae,Prunus,grayana,,Japan,,
19019,Geometridae,Hemithea,aestivaria,,Hübner,Rosaceae,Prunus,grayana,,Japan,,
19929,Geometridae,Inurois,fletcheri,,Inoue,Rosaceae,Prunus,grayana,,Japan,,
20590,Geometridae,Lomographa,temerata,,Denis & Schiff.,Rosaceae,Prunus,grayana,,Japan,,
22647,Geometridae,Phthonosema,tendinosaria,,Bremer,Rosaceae,Prunus,grayana,,Japan,,
16452,Geometridae,Ennomos,autumnaria,,Werneburg,Rosaceae,Prunus,incisa,,Japan,,
18796,Geometridae,Gigantalcis,flavolinearia,,Leech,Rosaceae,Prunus,incisa,,Japan,,
134343,Tortricidae,Homonopsis,illotana,,Kennel,Rosaceae,Prunus,incisa,,Japan,on,
20549,Geometridae,Lomographa,bimaculata,,Fabricius,Rosaceae,Prunus,incisa,,Japan,,
20579,Geometridae,Lomographa,simplicior,,Butler,Rosaceae,Prunus,incisa,,Japan,,
20585,Geometridae,Lomographa,subspersata,,Wehrli,Rosaceae,Prunus,incisa,,Japan,,
20591,Geometridae,Lomographa,temerata,,Denis & Schiff.,Rosaceae,Prunus,incisa,,Japan,,
118847,Sesiidae,Synanthedon,hector,,Butler,Rosaceae,Prunus,jamasakura,,Japan,in trunks,
46132,Lymantriidae,Euproctis,pulverea,,Leech,Rosaceae,Prunus,japonica,,Japan,,
132212,Tortricidae,Epinotia,exquisitana,,Christoph,Rosaceae,Prunus,maximowiczii,,Japan,,
132881,Tortricidae,Eucosma,exquisitana,,Christoph,Rosaceae,Prunus,maximowiczii,,Japan,,
20221,Geometridae,Jodis,lactearia,,Linnaeus,Rosaceae,Prunus,maximowiczii,,Japan,,
13350,Geometridae,Alsophila,japonensis,,Warren,Rosaceae,Prunus,mume,,Japan,,
13890,Geometridae,Apochima,juglansiaria,,Graeser,Rosaceae,Prunus,mume,,Japan,,
127030,Tortricidae,Archips,fuscocupreanus,,Walsingham,Rosaceae,Prunus,mume,,Japan,,
127783,Tortricidae,Archips,semistructa,,Meyrick,Rosaceae,Prunus,mume,,Japan,,
25869,Gracillariidae,Callisto,multimaculata,,Matsumura,Rosaceae,Prunus,mume,,Japan,,
15797,Geometridae,Cystidia,couaggaria,,Guenée,Rosaceae,Prunus,mume,,Japan,,
19020,Geometridae,Hemithea,aestivaria,,Hübner,Rosaceae,Prunus,mume,,Japan,,
134338,Tortricidae,Homonopsis,illotana,,Kennel,Rosaceae,Prunus,mume,,Japan,,
19930,Geometridae,Inurois,fletcheri,,Inoue,Rosaceae,Prunus,mume,,Japan,,
21471,Geometridae,Neohipparchus,vallata,,Butler,Rosaceae,Prunus,mume,,Japan,,
135144,Tortricidae,Olethreutes,dolosana,,Kennel,Rosaceae,Prunus,mume,,Japan,,
118848,Sesiidae,Synanthedon,hector,,Butler,Rosaceae,Prunus,mume,,Japan,in trunks,
133091,Tortricidae,Eudemis,profundana,,Denis & Schiff.,Rosaceae,Prunus,padus,,Japan,,
40693,Lycaenidae,Fixsenia,pruni,,Linnaeus,Rosaceae,Prunus,padus,,Japan,on buds,
126827,Tortricidae,Archips,breviplicanus,,Walsingham,Rosaceae,Prunus,persica,,Japan,,
127032,Tortricidae,Archips,fuscocupreanus,,Walsingham,Rosaceae,Prunus,persica,,Japan,,
14079,Geometridae,Ascotis,selenaria,,Denis & Schiff.,Rosaceae,Prunus,persica,,Japan,,
5115,Carposinidae,Carposina,sasakii,,Matsumura,Rosaceae,Prunus,persica,,Japan,,
15798,Geometridae,Cystidia,couaggaria,,Guenée,Rosaceae,Prunus,persica,,Japan,,
10968,Gelechiidae,Dichomeris,tostella,,Stringer,Rosaceae,Prunus,persica,,Japan,,
46133,Lymantriidae,Euproctis,pulverea,,Leech,Rosaceae,Prunus,persica,,Japan,,
18734,Geometridae,Gelasma,illiturata,,Walker,Rosaceae,Prunus,persica,,Japan,,
19021,Geometridae,Hemithea,aestivaria,,Hübner,Rosaceae,Prunus,persica,,Japan,,
134228,Tortricidae,Homona,magnanima,,Diakonoff,Rosaceae,Prunus,persica,,Japan,,
19931,Geometridae,Inurois,fletcheri,,Inoue,Rosaceae,Prunus,persica,,Japan,,
118849,Sesiidae,Synanthedon,hector,,Butler,Rosaceae,Prunus,persica,,Japan,in trunks,
126781,Tortricidae,Archips,asiaticus,,Walsingham,Rosaceae,Prunus,sachalinensis,,Japan,,
126963,Tortricidae,Archips,endoi,,Yasuda,Rosaceae,Prunus,sachalinensis,,Japan,,
127034,Tortricidae,Archips,fuscocupreanus,,Walsingham,Rosaceae,Prunus,sachalinensis,,Japan,,
25870,Gracillariidae,Callisto,multimaculata,,Matsumura,Rosaceae,Prunus,sachalinensis,,Japan,,
16929,Geometridae,Erannis,golda,,Butler,Rosaceae,Prunus,sachalinensis,,Japan,,
134339,Tortricidae,Homonopsis,illotana,,Kennel,Rosaceae,Prunus,sachalinensis,,Japan,,
20451,Geometridae,Larerannis,filipjevi,,Wehrli,Rosaceae,Prunus,sachalinensis,,Japan,,
20666,Geometridae,Lycia,hirtaria,,Clerck,Rosaceae,Prunus,sachalinensis,,Japan,,
124607,Tortricidae,Acleris,cristana,,Denis & Schiff.,Rosaceae,Prunus,salicina,,Japan,,
126782,Tortricidae,Archips,asiaticus,,Walsingham,Rosaceae,Prunus,salicina,,Japan,,
126829,Tortricidae,Archips,breviplicanus,,Walsingham,Rosaceae,Prunus,salicina,,Japan,,
126848,Tortricidae,Archips,capsigerana,,Kennel,Rosaceae,Prunus,salicina,,Japan,,
127036,Tortricidae,Archips,fuscocupreanus,,Walsingham,Rosaceae,Prunus,salicina,,Japan,,
127115,Tortricidae,Archips,ingentanus,,Christoph,Rosaceae,Prunus,salicina,,Japan,,
25871,Gracillariidae,Callisto,multimaculata,,Matsumura,Rosaceae,Prunus,salicina,,Japan,,
15799,Geometridae,Cystidia,couaggaria,,Guenée,Rosaceae,Prunus,salicina,,Japan,,
40694,Lycaenidae,Fixsenia,pruni,,Linnaeus,Rosaceae,Prunus,salicina,,Japan,on buds,
133477,Tortricidae,Grapholita,dimorpha,,Komai,Rosaceae,Prunus,salicina,,Japan,,
133479,Tortricidae,Grapholita,dimorpha,,Komai,Rosaceae,Prunus,salicina,,Japan,on fruits,
19932,Geometridae,Inurois,fletcheri,,Inoue,Rosaceae,Prunus,salicina,,Japan,,
20452,Geometridae,Larerannis,filipjevi,,Wehrli,Rosaceae,Prunus,salicina,,Japan,,
43661,Lycaenidae,Satyrium,w-album,,Knoch,Rosaceae,Prunus,salicina,,Japan,on buds/leaves,
23780,Geometridae,Selenia,tetralunaria,,Hufnagel,Rosaceae,Prunus,salicina,,Japan,,
118850,Sesiidae,Synanthedon,hector,,Butler,Rosaceae,Prunus,salicina,,Japan,in trunks,
127874,Tortricidae,Archips,xylosteana,,Linnaeus,Rosaceae,Prunus,serrulata,,Japan,,
15341,Geometridae,Cleora,insolita,,Butler,Rosaceae,Prunus,serrulata,lannesiana,Japan,,
20551,Geometridae,Lomographa,bimaculata,,Fabricius,Rosaceae,Prunus,serrulata,lannesiana,Japan,,
20593,Geometridae,Lomographa,temerata,,Denis & Schiff.,Rosaceae,Prunus,serrulata,lannesiana,Japan,,
135255,Tortricidae,Olethreutes,moderata,,Falkovitsh,Rosaceae,Prunus,serrulata,,Japan,,
118851,Sesiidae,Synanthedon,hector,,Butler,Rosaceae,Prunus,simonii,,Japan,in trunks,
133092,Tortricidae,Eudemis,profundana,,Denis & Schiff.,Rosaceae,Prunus,ssiori,,Japan,,
40695,Lycaenidae,Fixsenia,pruni,,Linnaeus,Rosaceae,Prunus,ssiori,,Japan,on buds,
134722,Tortricidae,Lobesia,yasudai,,Bae & Komai,Rosaceae,Prunus,ssiori,,Japan,,
134726,Tortricidae,Lobesia,yasudai,,Bae & Komai,Rosaceae,Prunus,ssiori,,Japan,on leaves,
135345,Tortricidae,Olethreutes,siderana,,Treitschke,Rosaceae,Prunus,ssiori,,Japan,,
14080,Geometridae,Ascotis,selenaria,,Denis & Schiff.,Rosaceae,Prunus,subhirtella,,Japan,,
14081,Geometridae,Ascotis,selenaria,,Denis & Schiff.,Rosaceae,Prunus,tomentosa,,Japan,,
19933,Geometridae,Inurois,fletcheri,,Inoue,Rosaceae,Prunus,tomentosa,,Japan,,
52351,Noctuidae,Acronicta,intermedia,,Warren,Rosaceae,Prunus,yedoensis,,Japan,,
13351,Geometridae,Alsophila,japonensis,,Warren,Rosaceae,Prunus,yedoensis,,Japan,,
126965,Tortricidae,Archips,endoi,,Yasuda,Rosaceae,Prunus,yedoensis,,Japan,,
14867,Geometridae,Chlorissa,anadema,,Prout,Rosaceae,Prunus,yedoensis,,Japan,,
15524,Geometridae,Colotois,pennaria,,Linnaeus,Rosaceae,Prunus,yedoensis,,Japan,,
18735,Geometridae,Gelasma,illiturata,,Walker,Rosaceae,Prunus,yedoensis,,Japan,,
19022,Geometridae,Hemithea,aestivaria,,Hübner,Rosaceae,Prunus,yedoensis,,Japan,,
19154,Geometridae,Heterostegane,hyriaria,,Warren,Rosaceae,Prunus,yedoensis,,Japan,,
19934,Geometridae,Inurois,fletcheri,,Inoue,Rosaceae,Prunus,yedoensis,,Japan,,
20209,Geometridae,Jankowskia,pseudathleta,,Sato,Rosaceae,Prunus,yedoensis,,Japan,,
134538,Tortricidae,Lobesia,aeolopa,,Meyrick,Rosaceae,Prunus,yedoensis,,Japan,,
134564,Tortricidae,Lobesia,aeolopa,,Meyrick,Rosaceae,Prunus,yedoensis,,Japan,on leaves,
20552,Geometridae,Lomographa,bimaculata,,Fabricius,Rosaceae,Prunus,yedoensis,,Japan,,
20834,Geometridae,Megabiston,plumosaria,,Leech,Rosaceae,Prunus,yedoensis,,Japan,,
22491,Geometridae,Phigalia,sinuosaria,,Leech,Rosaceae,Prunus,yedoensis,,Japan,,
22648,Geometridae,Phthonosema,tendinosaria,,Bremer,Rosaceae,Prunus,yedoensis,,Japan,,
23171,Geometridae,Protoboarmia,simpliciaria,,Leech,Rosaceae,Prunus,yedoensis,,Japan,,
137032,Tortricidae,Ptycholoma,circumclusana,,Christoph,Rosaceae,Prunus,yedoensis,,Japan,,
118852,Sesiidae,Synanthedon,hector,,Butler,Rosaceae,Prunus,yedoensis,,Japan,in trunks,
49060,Lyonetiidae,Lyonetia,bakuchia,,Kuroko,Rosaceae,Prunus,zippeliana,,Japan,,
23501,Geometridae,Sauris,marginepunctata,,Warren,Rosaceae,Prunus,zippeliana,,Japan,on leaves,
44477,Lycaenidae,Udara,albocaeruleus,,Moore,Rosaceae,Prunus,zippeliana,,Japan,,
76008,Notodontidae,Cnethodonta,grisescens,,Staudinger,Juglandaceae,Pterocarya,,,Japan,,
76567,Notodontidae,Hagapteryx,admirabilis,,Staudinger,Juglandaceae,Pterocarya,,,Japan,,
77897,Notodontidae,Stauropus,fagi,,Linnaeus,Juglandaceae,Pterocarya,,,Japan,,
124526,Tortricidae,Acleris,caerulescens,,Walsingham,Juglandaceae,Pterocarya,rhoifolia,,Japan,,
25764,Gracillariidae,Acrocercops,transecta,,Meyrick,Juglandaceae,Pterocarya,rhoifolia,,Japan,,
13352,Geometridae,Alsophila,japonensis,,Warren,Juglandaceae,Pterocarya,rhoifolia,,Japan,,
10959,Gelechiidae,Dichomeris,sparsella,,Christoph,Juglandaceae,Pterocarya,rhoifolia,,Japan,,
16068,Geometridae,Ectropis,aigneri,,Prout,Juglandaceae,Pterocarya,rhoifolia,,Japan,,
18733,Geometridae,Gelasma,grandificaria,,Graeser,Juglandaceae,Pterocarya,rhoifolia,,Japan,,
22048,Geometridae,Pachyligia,dolosa,,Butler,Juglandaceae,Pterocarya,rhoifolia,,Japan,,
22458,Geometridae,Phanerothyris,sinearia,,Guenée,Juglandaceae,Pterocarya,rhoifolia,,Japan,,
28441,Gracillariidae,Phyllonorycter,juglandis,,Kumata,Juglandaceae,Pterocarya,rhoifolia,,Japan,,
28733,Gracillariidae,Phyllonorycter,pterocaryae,,Kumata,Juglandaceae,Pterocarya,rhoifolia,,Japan,,
77866,Notodontidae,Shachia,circumscripta,,Butler,Juglandaceae,Pterocarya,rhoifolia,,Japan,,
129670,Tortricidae,Cnephasia,asseclana,,Denis & Schiff.,Leguminosae (P),Pueraria,,,Japan,,
134860,Tortricidae,Matsumuraeses,ussuriensis,,Caradja,Leguminosae (P),Pueraria,,,Japan,,
134865,Tortricidae,Matsumuraeses,vicina,,Kuznetsov,Leguminosae (P),Pueraria,,,Japan,,
14082,Geometridae,Ascotis,selenaria,,Denis & Schiff.,Leguminosae (P),Pueraria,montana,lobata,Japan,,
26896,Gracillariidae,Cameraria,virgularia,,Meyrick,Leguminosae (P),Pueraria,montana,,Japan,,
39175,Lycaenidae,Celastrina,argiolus,,Linnaeus,Leguminosae (P),Pueraria,montana,lobata,Japan,on flower buds,
39647,Lycaenidae,Curetis,acuta,,Moore,Leguminosae (P),Pueraria,montana,lobata,Japan,on leaves,
27200,Gracillariidae,Hyloconis,puerariae,,Kumata,Leguminosae (P),Pueraria,montana,lobata,Japan,,
41547,Lycaenidae,Jamides,bochus,,Stoll,Leguminosae (P),Pueraria,montana,,Japan,,
41549,Lycaenidae,Jamides,bochus,,Stoll,Leguminosae (P),Pueraria,montana,lobata,Japan,,
41563,Lycaenidae,Jamides,bochus,,Stoll,Leguminosae (P),Pueraria,montana,lobata,Japan,on flowers/fruits,
41814,Lycaenidae,Lampides,boeticus,,Linnaeus,Leguminosae (P),Pueraria,montana,lobata,Japan,on flowers/fruits,
49008,Lyonetiidae,Leucoptera,puerariella,,Kuroko,Leguminosae (P),Pueraria,montana,lobata,Japan,,
49175,Lyonetiidae,Microthauma,glycinella,,Kuroko,Leguminosae (P),Pueraria,montana,lobata,Japan,,
27369,Gracillariidae,Neolithocolletis,hikomonticola,,Kumata,Leguminosae (P),Pueraria,montana,lobata,Japan,,
86665,Nymphalidae,Neptis,hylas,,Linnaeus,Leguminosae (P),Pueraria,montana,,Japan,,
86834,Nymphalidae,Neptis,sappho,,Pallas,Leguminosae (P),Pueraria,montana,lobata,Japan,,
21585,Geometridae,Nyssiodes,lefuarius,,Erschoff,Leguminosae (P),Pueraria,montana,lobata,Japan,,
29120,Gracillariidae,Porphyrosela,dorinda,,Meyrick,Leguminosae (P),Pueraria,montana,,Japan,,
43258,Lycaenidae,Rapala,arata,,Bremer,Leguminosae (P),Pueraria,montana,lobata,Japan,on buds/flowers,
137540,Tortricidae,Sorolopha,plinthograpta,,Meyrick,Leguminosae (P),Pueraria,montana,lobata,Japan,,
29179,Gracillariidae,Spulerina,dissotoma,,Meyrick,Leguminosae (P),Pueraria,montana,lobata,Japan,,
128785,Tortricidae,Cerace,xanthocosma,,Diakonoff,Lythraceae,Punica,granatum,,Japan,,
134231,Tortricidae,Homona,magnanima,,Diakonoff,Lythraceae,Punica,granatum,,Japan,,
134539,Tortricidae,Lobesia,aeolopa,,Meyrick,Rosaceae,Pyracantha,angustifolia,,Japan,,
49056,Lyonetiidae,Lyonetia,anthemopa,,Meyrick,Rosaceae,Pyracantha,angustifolia,,Japan,,
49057,Lyonetiidae,Lyonetia,anthemopa,,Meyrick,Rosaceae,Pyracantha,crenurata,,Japan,,
126833,Tortricidae,Archips,breviplicanus,,Walsingham,Rosaceae,Pyrus,,,Japan,,
5117,Carposinidae,Carposina,sasakii,,Matsumura,Rosaceae,Pyrus,,,Japan,,
5361,Choreutidae,Choreutis,vinosa,,Diakonoff,Rosaceae,Pyrus,,,Japan,,
134709,Tortricidae,Lobesia,virulenta,,Bae & Komai,Rosaceae,Pyrus,,,Japan,,
48292,Lymantriidae,Orgyia,thyellina,,Butler,Rosaceae,Pyrus,,,Japan,,
77354,Notodontidae,Phalera,flavescens,,Bremer & Grey,Rosaceae,Pyrus,,,Japan,,
29164,Gracillariidae,Spulerina,astaurota,,Meyrick,Rosaceae,Pyrus,,,Japan,,
78052,Notodontidae,Wilemanus,bidentatus,,Wileman,Rosaceae,Pyrus,,,Japan,,
29165,Gracillariidae,Spulerina,astaurota,,Meyrick,Rosaceae,Pyrus,communis,,Japan,,
25308,Gracillariidae,Acrocercops,astaurota,,Meyrick,Rosaceae,Pyrus,pyrifolia,,Japan,in bark,
13353,Geometridae,Alsophila,japonensis,,Warren,Rosaceae,Pyrus,pyrifolia,,Japan,,
13891,Geometridae,Apochima,juglansiaria,,Graeser,Rosaceae,Pyrus,pyrifolia,,Japan,,
127876,Tortricidae,Archips,xylosteana,,Linnaeus,Rosaceae,Pyrus,pyrifolia,,Japan,,
14083,Geometridae,Ascotis,selenaria,,Denis & Schiff.,Rosaceae,Pyrus,pyrifolia,,Japan,,
14446,Geometridae,Biston,robustus,,Butler,Rosaceae,Pyrus,pyrifolia,,Japan,,
15800,Geometridae,Cystidia,couaggaria,,Guenée,Rosaceae,Pyrus,pyrifolia,,Japan,,
19587,Geometridae,Hypomecis,roboraria,,Denis & Schiff.,Rosaceae,Pyrus,pyrifolia,,Japan,,
19935,Geometridae,Inurois,fletcheri,,Inoue,Rosaceae,Pyrus,pyrifolia,,Japan,,
134710,Tortricidae,Lobesia,virulenta,,Bae & Komai,Rosaceae,Pyrus,pyrifolia,,Japan,,
134716,Tortricidae,Lobesia,virulenta,,Bae & Komai,Rosaceae,Pyrus,pyrifolia,,Japan,on leaves,
20835,Geometridae,Megabiston,plumosaria,,Leech,Rosaceae,Pyrus,pyrifolia,,Japan,,
22492,Geometridae,Phigalia,sinuosaria,,Leech,Rosaceae,Pyrus,pyrifolia,,Japan,,
22649,Geometridae,Phthonosema,tendinosaria,,Bremer,Rosaceae,Pyrus,pyrifolia,,Japan,,
23769,Geometridae,Selenia,sordidaria,,Leech,Rosaceae,Pyrus,pyrifolia,,Japan,,
23781,Geometridae,Selenia,tetralunaria,,Hufnagel,Rosaceae,Pyrus,pyrifolia,,Japan,,
29166,Gracillariidae,Spulerina,astaurota,,Meyrick,Rosaceae,Pyrus,pyrifolia,,Japan,,
25196,Geometridae,Zethenia,albonotaria,,Bremer,Rosaceae,Pyrus,pyrifolia,,Japan,,
126785,Tortricidae,Archips,asiaticus,,Walsingham,Rosaceae,Pyrus,ussuriensis,,Japan,,
126835,Tortricidae,Archips,breviplicanus,,Walsingham,Rosaceae,Pyrus,ussuriensis,,Japan,,
126967,Tortricidae,Archips,endoi,,Yasuda,Rosaceae,Pyrus,ussuriensis,,Japan,,
127041,Tortricidae,Archips,fuscocupreanus,,Walsingham,Rosaceae,Pyrus,ussuriensis,,Japan,,
127116,Tortricidae,Archips,ingentanus,,Christoph,Rosaceae,Pyrus,ussuriensis,,Japan,,
127422,Tortricidae,Archips,nigricaudanus,,Walsingham,Rosaceae,Pyrus,ussuriensis,,Japan,,
129098,Tortricidae,Choristoneura,longicellana,,Walsingham,Rosaceae,Pyrus,ussuriensis,,Japan,,
129460,Tortricidae,Clepsis,imitator,,Walsingham,Rosaceae,Pyrus,ussuriensis,,Japan,,
134233,Tortricidae,Homona,magnanima,,Diakonoff,Rosaceae,Pyrus,ussuriensis,,Japan,,
136926,Tortricidae,Pseudeulia,vermicularis,,Meyrick,Rosaceae,Pyrus,ussuriensis,,Japan,,
137033,Tortricidae,Ptycholoma,circumclusana,,Christoph,Rosaceae,Pyrus,ussuriensis,,Japan,,
25647,Gracillariidae,Acrocercops,querci,,Kumata & Kuroko,Fagaceae,Quercus,,,Japan,,
25804,Gracillariidae,Acrocercops,vallata,,Kumata & Kuroko,Fagaceae,Quercus,,,Japan,,
38510,Lycaenidae,Arhopala,japonica,,Murray,Fagaceae,Quercus,,,Japan,,
45091,Lymantriidae,Calliteara,lunulata,,Butler,Fagaceae,Quercus,,,Japan,,
45138,Lymantriidae,Calliteara,strigata,,Moore,Fagaceae,Quercus,,,Japan,,
76317,Notodontidae,Drymonia,basalis,,Wileman & South,Fagaceae,Quercus,,,Japan,,
76325,Notodontidae,Drymonia,japonica,,Wileman,Fagaceae,Quercus,,,Japan,,
40596,Lycaenidae,Favonius,orientalis,,Murray,Fagaceae,Quercus,,,Japan,,
76410,Notodontidae,Fentonia,ocypete,,Bremer,Fagaceae,Quercus,,,Japan,,
18749,Geometridae,Geometra,dieckmanni,,Graeser,Fagaceae,Quercus,,,Japan,,
18761,Geometridae,Geometra,glaucaria,,Ménétriés,Fagaceae,Quercus,,,Japan,,
18786,Geometridae,Geometra,valida,,Felder & Felder,Fagaceae,Quercus,,,Japan,,
76583,Notodontidae,Harpyia,umbrosa,,Staudinger,Fagaceae,Quercus,,,Japan,,
76746,Notodontidae,Hexafrenum,leucodera,,Staudinger,Fagaceae,Quercus,,,Japan,,
63313,Noctuidae,Hypenomorpha,calamina,,Butler,Fagaceae,Quercus,,,Japan,,
33723,Lasiocampidae,Kunugia,undans,,Butler,Fagaceae,Quercus,,,Japan,,
33724,Lasiocampidae,Kunugia,yamadai,,Nagano,Fagaceae,Quercus,,,Japan,,
8426,Drepanidae,Macrocilix,maia,,Leech,Fagaceae,Quercus,,,Japan,,
65691,Noctuidae,Mesorhynchaglaea,pacifica,,Sugi,Fagaceae,Quercus,,,Japan,,
21472,Geometridae,Neohipparchus,vallata,,Butler,Fagaceae,Quercus,,,Japan,,
21607,Geometridae,Odontopera,arida,,Butler,Fagaceae,Quercus,,,Japan,,
21964,Geometridae,Ourapteryx,nivea,,Butler,Fagaceae,Quercus,,,Japan,,
22049,Geometridae,Pachyligia,dolosa,,Butler,Fagaceae,Quercus,,,Japan,,
135795,Tortricidae,Pandemis,corylana,,Fabricius,Fagaceae,Quercus,,,Japan,,
77260,Notodontidae,Peridea,basilinea,,Wileman,Fagaceae,Quercus,,,Japan,,
77273,Notodontidae,Peridea,gigantea,,Butler,Fagaceae,Quercus,,,Japan,,
77295,Notodontidae,Phalera,assimilis,,Bremer & Grey,Fagaceae,Quercus,,,Japan,,
77375,Notodontidae,Phalera,minor,,Nagano,Fagaceae,Quercus,,,Japan,,
77405,Notodontidae,Phalerodonta,manleyi,,Leech,Fagaceae,Quercus,,,Japan,,
22494,Geometridae,Phigalia,sinuosaria,,Leech,Fagaceae,Quercus,,,Japan,,
28874,Gracillariidae,Phyllonorycter,similis,,Kumata,Fagaceae,Quercus,,,Japan,,
108208,Pyralidae,Pleuroptya,balteata,,Fabricius,Fagaceae,Quercus,,,Japan,on leaves,
77561,Notodontidae,Rabtala,cristata,,Butler,Fagaceae,Quercus,,,Japan,,
77569,Notodontidae,Rabtala,splendida,,Oberthür,Fagaceae,Quercus,,,Japan,,
137134,Tortricidae,Rhopalovalva,pulchra,,Butler,Fagaceae,Quercus,,,Japan,,
23782,Geometridae,Selenia,tetralunaria,,Hufnagel,Fagaceae,Quercus,,,Japan,,
43697,Lycaenidae,Shirozua,jonasi,,Janson,Fagaceae,Quercus,,,Japan,on leaves/twigs,
77877,Notodontidae,Spatalia,doerriesi,,Graeser,Fagaceae,Quercus,,,Japan,,
29169,Gracillariidae,Spulerina,castaneae,,Kumata & Kuroko,Fagaceae,Quercus,,,Japan,,
77898,Notodontidae,Stauropus,fagi,,Linnaeus,Fagaceae,Quercus,,,Japan,,
77923,Notodontidae,Suzukia,cinerea,,Butler,Fagaceae,Quercus,,,Japan,,
119032,Sesiidae,Synanthedon,quercus,,Matsumura,Fagaceae,Quercus,,,Japan,in trunks,
24466,Geometridae,Tanaorhinus,reciprocata,,Walker,Fagaceae,Quercus,,,Japan,,
78046,Notodontidae,Urodonta,branickii,,Oberthür,Fagaceae,Quercus,,,Japan,,
138730,Tortricidae,Zeiraphera,demutata,,Walsingham,Fagaceae,Quercus,,,Japan,,
25782,Gracillariidae,Acrocercops,unistriata,,Yuan,Fagaceae,Quercus,acuta,,Japan,,
25790,Gracillariidae,Acrocercops,unistriata,,Yuan,Fagaceae,Quercus,acuta,,Japan,on leaves,
25805,Gracillariidae,Acrocercops,vallata,,Kumata & Kuroko,Fagaceae,Quercus,acuta,,Japan,,
25808,Gracillariidae,Acrocercops,vallata,,Kumata & Kuroko,Fagaceae,Quercus,acuta,,Japan,on leaves,
111420,Saturniidae,Antheraea,yamamai,,Guérin-Méneville,Fagaceae,Quercus,acuta,,Japan,on leaves,
38293,Lycaenidae,Antigius,attilia,,Bremer,Fagaceae,Quercus,acuta,,Japan,on leaves,
38511,Lycaenidae,Arhopala,japonica,,Murray,Fagaceae,Quercus,acuta,,Japan,,
14447,Geometridae,Biston,robustus,,Butler,Fagaceae,Quercus,acuta,,Japan,,
14460,Geometridae,Biston,robustus,,Butler,Fagaceae,Quercus,acuta,,Japan,on leaves,
45140,Lymantriidae,Calliteara,taiwana,,Wileman,Fagaceae,Quercus,acuta,,Japan,on leaves,
39482,Lycaenidae,Chrysozephyrus,ataxus,,Westwood,Fagaceae,Quercus,acuta,,Japan,on leaves,
39503,Lycaenidae,Chrysozephyrus,aurorinus,,Oberthür,Fagaceae,Quercus,acuta,,Japan,on leaves,
39535,Lycaenidae,Chrysozephyrus,hisamatsusanus,,Nagami & Ishiga,Fagaceae,Quercus,acuta,,Japan,on leaves,
27077,Gracillariidae,Cryptolectica,ensiformis,,Yuan,Fagaceae,Quercus,acuta,,Japan,,
27079,Gracillariidae,Cryptolectica,ensiformis,,Yuan,Fagaceae,Quercus,acuta,,Japan,in leaves,
27081,Gracillariidae,Cryptolectica,ensiformis,,Yuan,Fagaceae,Quercus,acuta,,Japan,on leaves,
8358,Drepanidae,Epipsestis,ornata,,Leech,Fagaceae,Quercus,acuta,,Japan,on leaves,
40606,Lycaenidae,Favonius,orientalis,,Murray,Fagaceae,Quercus,acuta,,Japan,on leaves,
40624,Lycaenidae,Favonius,saphirinus,,Staudinger,Fagaceae,Quercus,acuta,,Japan,on leaves,Y
18986,Geometridae,Hemistola,tenuilinea,,Alphéraky,Fagaceae,Quercus,acuta,,Japan,on leaves,
19139,Geometridae,Heterarmia,charon,,Butler,Fagaceae,Quercus,acuta,,Japan,on leaves,
41631,Lycaenidae,Japonica,lutea,,Hewitson,Fagaceae,Quercus,acuta,,Japan,on leaves,
8413,Drepanidae,Kurama,mirabilis,,Butler,Fagaceae,Quercus,acuta,,Japan,on leaves,
5368,Choreutidae,Litobrenthia,japonica,,Issiki,Fagaceae,Quercus,acuta,,Japan,on leaves,
49173,Lyonetiidae,Lyonetia,yasudai,,Kuroko,Fagaceae,Quercus,acuta,,Japan,,
42553,Lycaenidae,Narathura,japonica,,Murray,Fagaceae,Quercus,acuta,,Japan,on leaves,
21571,Geometridae,Nothomiza,aureolaria,,Inoue,Fagaceae,Quercus,acuta,,Japan,on leaves,
67156,Noctuidae,Orthosia,mirabilis,,Sugi,Fagaceae,Quercus,acuta,,Japan,on leaves,Y
42661,Lycaenidae,Panchala,ganesa,,Moore,Fagaceae,Quercus,acuta,,Japan,on leaves,
77356,Notodontidae,Phalera,flavescens,,Bremer & Grey,Fagaceae,Quercus,acuta,,Japan,on leaves,
23251,Geometridae,Psyra,bluethgeni,,Püngeler,Fagaceae,Quercus,acuta,,Japan,,
23253,Geometridae,Psyra,bluethgeni,,Püngeler,Fagaceae,Quercus,acuta,,Japan,on leaves,
77563,Notodontidae,Rabtala,cristata,,Butler,Fagaceae,Quercus,acuta,,Japan,on leaves,
69722,Noctuidae,Rhynchaglaea,fuscipennis,,Sugi,Fagaceae,Quercus,acuta,,Japan,on leaves,
137903,Tortricidae,Spatalistis,christophana,,Walsingham,Fagaceae,Quercus,acuta,,Japan,,
137905,Tortricidae,Spatalistis,christophana,,Walsingham,Fagaceae,Quercus,acuta,,Japan,on leaves,
109467,Pyralidae,Sybrida,approximans,,Leech,Fagaceae,Quercus,acuta,,Japan,on leaves,
119026,Sesiidae,Synanthedon,quercus,,Matsumura,Fagaceae,Quercus,acuta,,Japan,in branches/trunk,
119033,Sesiidae,Synanthedon,quercus,,Matsumura,Fagaceae,Quercus,acuta,,Japan,in trunks,
8571,Drepanidae,Tridrepana,crocea,,Leech,Fagaceae,Quercus,acuta,,Japan,on leaves,
24917,Geometridae,Wilemania,nitobei,,Nitobe,Fagaceae,Quercus,acuta,,Japan,,
24930,Geometridae,Wilemania,nitobei,,Nitobe,Fagaceae,Quercus,acuta,,Japan,on leaves,
74120,Noctuidae,Xylena,japonica,,Höne,Fagaceae,Quercus,acuta,,Japan,on leaves,Y
124451,Tortricidae,Acleris,affinatana,,Snellen,Fagaceae,Quercus,acutissima,,Japan,,
124457,Tortricidae,Acleris,affinatana,,Snellen,Fagaceae,Quercus,acutissima,,Japan,on leaves,
124856,Tortricidae,Acleris,leechi,,Walsingham,Fagaceae,Quercus,acutissima,,Japan,on leaves,
89640,Oecophoridae,Acria,ceramitis,,Meyrick,Fagaceae,Quercus,acutissima,,Japan,on leaves,
100151,Pyralidae,Acrobasis,encaustella,,Ragonot,Fagaceae,Quercus,acutissima,,Japan,on leaves,
25783,Gracillariidae,Acrocercops,unistriata,,Yuan,Fagaceae,Quercus,acutissima,,Japan,,
25791,Gracillariidae,Acrocercops,unistriata,,Yuan,Fagaceae,Quercus,acutissima,,Japan,on leaves,
13113,Geometridae,Acrodontis,kotshubeji,,Sheljuzhko,Fagaceae,Quercus,acutissima,,Japan,on leaves,
52521,Noctuidae,Acronicta,major,,Bremer,Fagaceae,Quercus,acutissima,,Japan,on leaves,
110339,Saturniidae,Actias,gnoma,,Butler,Fagaceae,Quercus,acutissima,,Japan,on leaves,
37896,Lycaenidae,Acytolepis,puspa,,Horsfield,Fagaceae,Quercus,acutissima,,Japan,on leaves,Y
125519,Tortricidae,Adoxophyes,orana,,Fischer v. Rösl.,Fagaceae,Quercus,acutissima,,Japan,on leaves,
125642,Tortricidae,Adoxophyes,sp.,,,Fagaceae,Quercus,acutissima,,Japan,on leaves,
110643,Saturniidae,Aglia,tau,,Linnaeus,Fagaceae,Quercus,acutissima,,Japan,on leaves,
8254,Drepanidae,Agnidra,scabiosa,,Butler,Fagaceae,Quercus,acutissima,,Japan,on leaves,
13230,Geometridae,Agriopis,dira,,Butler,Fagaceae,Quercus,acutissima,,Japan,on leaves,
13238,Geometridae,Agriopis,leucophaearia,,Denis & Schiff.,Fagaceae,Quercus,acutissima,,Japan,,
53257,Noctuidae,Agrochola,evelina,,Butler,Fagaceae,Quercus,acutissima,,Japan,on leaves,
100513,Pyralidae,Agrotera,posticalis,,Wileman,Fagaceae,Quercus,acutissima,,Japan,on leaves,
13278,Geometridae,Alcis,angulifera,,Butler,Fagaceae,Quercus,acutissima,,Japan,on leaves,
13335,Geometridae,Alsophila,foedata,,Inoue,Fagaceae,Quercus,acutissima,,Japan,on leaves,
13354,Geometridae,Alsophila,japonensis,,Warren,Fagaceae,Quercus,acutissima,,Japan,,
13367,Geometridae,Alsophila,japonensis,,Warren,Fagaceae,Quercus,acutissima,,Japan,on leaves,
54320,Noctuidae,Amphipyra,livida,,Denis & Schiff.,Fagaceae,Quercus,acutissima,,Japan,on leaves,
54324,Noctuidae,Amphipyra,monolitha,,Guenée,Fagaceae,Quercus,acutissima,,Japan,on leaves,
54338,Noctuidae,Amphipyra,pyramidea,,Linnaeus,Fagaceae,Quercus,acutissima,,Japan,on leaves,
9514,Gelechiidae,Anacampsis,okui,,Park,Fagaceae,Quercus,acutissima,,Japan,on leaves,
100666,Pyralidae,Anartula,melanophia,,Staudinger,Fagaceae,Quercus,acutissima,,Japan,on leaves,
111072,Saturniidae,Antheraea,pernyi,,Guérin-Méneville,Fagaceae,Quercus,acutissima,,Japan,on leaves,
111421,Saturniidae,Antheraea,yamamai,,Guérin-Méneville,Fagaceae,Quercus,acutissima,,Japan,on leaves,
38278,Lycaenidae,Antigius,attilia,,Bremer,Fagaceae,Quercus,acutissima,,Japan,,
38288,Lycaenidae,Antigius,attilia,,Bremer,Fagaceae,Quercus,acutissima,,Japan,on buds/leaves,
38294,Lycaenidae,Antigius,attilia,,Bremer,Fagaceae,Quercus,acutissima,,Japan,on leaves,
38313,Lycaenidae,Antigius,butleri,,Fenton,Fagaceae,Quercus,acutissima,,Japan,on leaves,
13892,Geometridae,Apochima,juglansiaria,,Graeser,Fagaceae,Quercus,acutissima,,Japan,,
13897,Geometridae,Apochima,juglansiaria,,Graeser,Fagaceae,Quercus,acutissima,,Japan,on leaves,
38415,Lycaenidae,Araragi,enthea,,Janson,Fagaceae,Quercus,acutissima,,Japan,on leaves,Y
126792,Tortricidae,Archips,audax,,Razowski,Fagaceae,Quercus,acutissima,,Japan,on leaves,
127060,Tortricidae,Archips,fuscocupreanus,,Walsingham,Fagaceae,Quercus,acutissima,,Japan,on leaves,
127428,Tortricidae,Archips,nigricaudanus,,Walsingham,Fagaceae,Quercus,acutissima,,Japan,on leaves,
127846,Tortricidae,Archips,viola,,Falkovitsh,Fagaceae,Quercus,acutissima,,Japan,on leaves,
127881,Tortricidae,Archips,xylosteana,,Linnaeus,Fagaceae,Quercus,acutissima,,Japan,,
127902,Tortricidae,Archips,xylosteana,,Linnaeus,Fagaceae,Quercus,acutissima,,Japan,on leaves,
44785,Lymantriidae,Arctornis,l-nigrum,,Müller,Fagaceae,Quercus,acutissima,,Japan,on leaves,
38512,Lycaenidae,Arhopala,japonica,,Murray,Fagaceae,Quercus,acutissima,,Japan,,
14115,Geometridae,Ascotis,selenaria,,Denis & Schiff.,Fagaceae,Quercus,acutissima,,Japan,on leaves,
14170,Geometridae,Asthena,nymphaeata,,Staudinger,Fagaceae,Quercus,acutissima,,Japan,on leaves,
35792,Limacodidae,Austrapoda,dentata,,Oberthür,Fagaceae,Quercus,acutissima,,Japan,on leaves,
97586,Psychidae,Bambalina,sp.,,,Fagaceae,Quercus,acutissima,,Japan,on leaves,
14312,Geometridae,Biston,betularia,,Linnaeus,Fagaceae,Quercus,acutissima,,Japan,on leaves,
14426,Geometridae,Biston,regalis,,Moore,Fagaceae,Quercus,acutissima,,Japan,on leaves,
14448,Geometridae,Biston,robustus,,Butler,Fagaceae,Quercus,acutissima,,Japan,,
14461,Geometridae,Biston,robustus,,Butler,Fagaceae,Quercus,acutissima,,Japan,on leaves,
56749,Noctuidae,Blasticorhinus,ussuriensis,,Bremer,Fagaceae,Quercus,acutissima,,Japan,on leaves,
9958,Gelechiidae,Brachmia,japonicella,,Zeller,Fagaceae,Quercus,acutissima,,Japan,on leaves,
56914,Noctuidae,Bryophilina,mollicula,,Graeser,Fagaceae,Quercus,acutissima,,Japan,on leaves,
112713,Saturniidae,Caligula,japonica,,Moore,Fagaceae,Quercus,acutissima,,Japan,on leaves,
112717,Saturniidae,Caligula,jonasii,,Butler,Fagaceae,Quercus,acutissima,,Japan,on leaves,
44979,Lymantriidae,Calliteara,conjuncta,,Wileman,Fagaceae,Quercus,acutissima,,Japan,on leaves,Y
45094,Lymantriidae,Calliteara,lunulata,,Butler,Fagaceae,Quercus,acutissima,,Japan,on leaves,
45102,Lymantriidae,Calliteara,pseudabietis,,Butler,Fagaceae,Quercus,acutissima,,Japan,on leaves,
45141,Lymantriidae,Calliteara,taiwana,,Wileman,Fagaceae,Quercus,acutissima,,Japan,on leaves,
26169,Gracillariidae,Caloptilia,mongolicae,,Kumata,Fagaceae,Quercus,acutissima,,Japan,,
26174,Gracillariidae,Caloptilia,mongolicae,,Kumata,Fagaceae,Quercus,acutissima,,Japan,on leaves,
26203,Gracillariidae,Caloptilia,obliquatella,,Matsumura,Fagaceae,Quercus,acutissima,,Japan,,
26204,Gracillariidae,Caloptilia,obliquatella,,Matsumura,Fagaceae,Quercus,acutissima,,Japan,on leaves,
26270,Gracillariidae,Caloptilia,querci,,Kumata,Fagaceae,Quercus,acutissima,,Japan,,
26276,Gracillariidae,Caloptilia,querci,,Kumata,Fagaceae,Quercus,acutissima,,Japan,on leaves,
26327,Gracillariidae,Caloptilia,sapporella,,Matsumura,Fagaceae,Quercus,acutissima,,Japan,,
26334,Gracillariidae,Caloptilia,sapporella,,Matsumura,Fagaceae,Quercus,acutissima,,Japan,on leaves,
1038,Arctiidae,Camptoloma,interiorata,,Walker,Fagaceae,Quercus,acutissima,,Japan,on leaves,
14770,Geometridae,Cassyma,deletaria,,Moore,Fagaceae,Quercus,acutissima,,Japan,on leaves,
57236,Noctuidae,Catocala,actaea,,Felder & Rogenh.,Fagaceae,Quercus,acutissima,,Japan,on leaves,
57401,Noctuidae,Catocala,dula,,Bremer,Fagaceae,Quercus,acutissima,,Japan,on leaves,
57409,Noctuidae,Catocala,duplicata,,Butler,Fagaceae,Quercus,acutissima,,Japan,on leaves,
57494,Noctuidae,Catocala,hyperconnexa,,Sugi,Fagaceae,Quercus,acutissima,,Japan,on leaves,
57585,Noctuidae,Catocala,nagioides,,Wileman,Fagaceae,Quercus,acutissima,,Japan,on leaves,
57661,Noctuidae,Catocala,patala,,Felder & Rogenh.,Fagaceae,Quercus,acutissima,,Japan,on leaves,
57689,Noctuidae,Catocala,praegnax,,Walker,Fagaceae,Quercus,acutissima,,Japan,on leaves,
57745,Noctuidae,Catocala,separans,,Leech,Fagaceae,Quercus,acutissima,,Japan,on leaves,Y
57762,Noctuidae,Catocala,streckeri,,Staudinger,Fagaceae,Quercus,acutissima,,Japan,on leaves,
39232,Lycaenidae,Celastrina,argiolus,,Linnaeus,Fagaceae,Quercus,acutissima,,Japan,on leaves,
74669,Nolidae,Characoma,ruficirra,,Hampson,Fagaceae,Quercus,acutissima,,Japan,in seeds,
74673,Nolidae,Characoma,ruficirra,,Hampson,Fagaceae,Quercus,acutissima,,Japan,on leaves,
128806,Tortricidae,Choristoneura,adumbratana,,Walsingham,Fagaceae,Quercus,acutissima,,Japan,on leaves,
128906,Tortricidae,Choristoneura,diversana,,Hübner,Fagaceae,Quercus,acutissima,,Japan,on leaves,
129099,Tortricidae,Choristoneura,longicellana,,Walsingham,Fagaceae,Quercus,acutissima,,Japan,,
129108,Tortricidae,Choristoneura,longicellana,,Walsingham,Fagaceae,Quercus,acutissima,,Japan,on leaves,
39483,Lycaenidae,Chrysozephyrus,ataxus,,Westwood,Fagaceae,Quercus,acutissima,,Japan,on leaves,Y
39504,Lycaenidae,Chrysozephyrus,aurorinus,,Oberthür,Fagaceae,Quercus,acutissima,,Japan,on leaves,
39536,Lycaenidae,Chrysozephyrus,hisamatsusanus,,Nagami & Ishiga,Fagaceae,Quercus,acutissima,,Japan,on leaves,Y
39577,Lycaenidae,Chrysozephyrus,smaragdinus,,Bremer,Fagaceae,Quercus,acutissima,,Japan,on leaves,
45182,Lymantriidae,Cifuna,locuples,,Walker,Fagaceae,Quercus,acutissima,,Japan,on leaves,
58333,Noctuidae,Clavipalpula,aurariae,,Oberthür,Fagaceae,Quercus,acutissima,,Japan,on leaves,
15344,Geometridae,Cleora,insolita,,Butler,Fagaceae,Quercus,acutissima,,Japan,on leaves,Y
76013,Notodontidae,Cnethodonta,japonica,,Sugi,Fagaceae,Quercus,acutissima,,Japan,on leaves,
5677,Coleophoridae,Coleophora,currucipennella,,Zeller,Fagaceae,Quercus,acutissima,,Japan,on leaves,
5964,Coleophoridae,Coleophora,melanograpta,,Meyrick,Fagaceae,Quercus,acutissima,,Japan,on leaves,
6223,Coleophoridae,Coleophora,sp. 1,,,Fagaceae,Quercus,acutissima,,Japan,on leaves,
91861,Pantheidae,Colocasia,jezoensis,,Matsumura,Fagaceae,Quercus,acutissima,,Japan,on leaves,
15541,Geometridae,Colotois,pennaria,,Linnaeus,Fagaceae,Quercus,acutissima,,Japan,on leaves,
58513,Noctuidae,Conistra,albipuncta,,Leech,Fagaceae,Quercus,acutissima,,Japan,on leaves,Y
58515,Noctuidae,Conistra,ardescens,,Butler,Fagaceae,Quercus,acutissima,,Japan,on leaves,
58529,Noctuidae,Conistra,grisescens,,Draudt,Fagaceae,Quercus,acutissima,,Japan,on leaves,
58537,Noctuidae,Conistra,nawae,,Matsumura,Fagaceae,Quercus,acutissima,,Japan,on leaves,Y
101884,Pyralidae,Conobathra,tricolorella,,Inoue,Fagaceae,Quercus,acutissima,,Japan,on leaves,
102056,Pyralidae,Conogethes,punctiferalis,,Guenée,Fagaceae,Quercus,acutissima,,Japan,on leaves,
58640,Noctuidae,Cosmia,camptostigma,,Ménétriés,Fagaceae,Quercus,acutissima,,Japan,on leaves,
58658,Noctuidae,Cosmia,pyralina,,Denis & Schiff.,Fagaceae,Quercus,acutissima,,Japan,on leaves,
7475,Cossidae,Cossus,vicarius,,Walker,Fagaceae,Quercus,acutissima,,Japan,in branches/trunk,
33370,Lasiocampidae,Cyclophragma,undans,,Walker,Fagaceae,Quercus,acutissima,,Japan,on leaves,
33374,Lasiocampidae,Cyclophragma,yamadai,,Nagano,Fagaceae,Quercus,acutissima,,Japan,on leaves,
130789,Tortricidae,Cydia,kurokoi,,Amsel,Fagaceae,Quercus,acutissima,,Japan,,
10549,Gelechiidae,Dactylethrella,tegulifera,,Meyrick,Fagaceae,Quercus,acutissima,,Japan,on leaves,
59094,Noctuidae,Daddala,lucilla,,Butler,Fagaceae,Quercus,acutissima,,Japan,on leaves,
45260,Lymantriidae,Dasycampa,castaneofasciata,,Motschulsky,Fagaceae,Quercus,acutissima,,Japan,on leaves,
102619,Pyralidae,Datanoides,fasciatus,,Butler,Fagaceae,Quercus,acutissima,,Japan,on leaves,
8277,Drepanidae,Demopsestis,punctigera,,Butler,Fagaceae,Quercus,acutissima,,Japan,on leaves,
90419,Oecophoridae,Depressaria,nomia,,Butler,Fagaceae,Quercus,acutissima,,Japan,on leaves,
15857,Geometridae,Descoreba,simplex,,Butler,Fagaceae,Quercus,acutissima,,Japan,,
15862,Geometridae,Descoreba,simplex,,Butler,Fagaceae,Quercus,acutissima,,Japan,on leaves,
10647,Gelechiidae,Dichomeris,atomogypsa,,Meyrick,Fagaceae,Quercus,acutissima,,Japan,on leaves,
15912,Geometridae,Diplurodes,parvularia,,Leech,Fagaceae,Quercus,acutissima,,Japan,on leaves,Y
76318,Notodontidae,Drymonia,basalis,,Wileman & South,Fagaceae,Quercus,acutissima,,Japan,on leaves,
76322,Notodontidae,Drymonia,dodonides,,Staudinger,Fagaceae,Quercus,acutissima,,Japan,on leaves,
76326,Notodontidae,Drymonia,japonica,,Wileman,Fagaceae,Quercus,acutissima,,Japan,on leaves,
59517,Noctuidae,Dysgonia,arctotaenia,,Guenée,Fagaceae,Quercus,acutissima,,Japan,on leaves,
16281,Geometridae,Ectropis,crepuscularia,,Denis & Schiff.,Fagaceae,Quercus,acutissima,,Japan,on leaves,
16314,Geometridae,Ectropis,excellens,,Butler,Fagaceae,Quercus,acutissima,,Japan,,
16326,Geometridae,Ectropis,excellens,,Butler,Fagaceae,Quercus,acutissima,,Japan,on leaves,
16361,Geometridae,Ectropis,obliqua,,Prout,Fagaceae,Quercus,acutissima,,Japan,,
16369,Geometridae,Ectropis,obliqua,,Prout,Fagaceae,Quercus,acutissima,,Japan,on leaves,
59583,Noctuidae,Edessena,hamada,,Felder & Rogenh.,Fagaceae,Quercus,acutissima,,Japan,on leaves,
29597,Hepialidae,Endoclita,excrescens,,Butler,Fagaceae,Quercus,acutissima,,Japan,in branches/trunk,
29686,Hepialidae,Endoclita,sinensis,,Moore,Fagaceae,Quercus,acutissima,,Japan,in branches/trunk,
132118,Tortricidae,Epinotia,bicolor,,Walsingham,Fagaceae,Quercus,acutissima,,Japan,,
132121,Tortricidae,Epinotia,bicolor,,Walsingham,Fagaceae,Quercus,acutissima,,Japan,on leaves,
8359,Drepanidae,Epipsestis,ornata,,Leech,Fagaceae,Quercus,acutissima,,Japan,on leaves,
16852,Geometridae,Epirrita,viridipurpurescens,,Prout,Fagaceae,Quercus,acutissima,,Japan,on leaves,
16930,Geometridae,Erannis,golda,,Butler,Fagaceae,Quercus,acutissima,,Japan,,
16946,Geometridae,Erannis,golda,,Djakonov,Fagaceae,Quercus,acutissima,,Japan,on leaves,
30999,Hesperiidae,Erynnis,montanus,,Bremer,Fagaceae,Quercus,acutissima,,Japan,on leaves,
17109,Geometridae,Esakiopteryx,volitans,,Butler,Fagaceae,Quercus,acutissima,,Japan,on leaves,
133097,Tortricidae,Eudemis,profundana,,Denis & Schiff.,Fagaceae,Quercus,acutissima,,Japan,on leaves,
97897,Psychidae,Eumeta,japonica,,Heylaerts,Fagaceae,Quercus,acutissima,,Japan,on leaves,
97920,Psychidae,Eumeta,minuscula,,Butler,Fagaceae,Quercus,acutissima,,Japan,on leaves,
46018,Lymantriidae,Euproctis,kanshireia,,Wileman,Fagaceae,Quercus,acutissima,,Japan,on leaves,Y
46117,Lymantriidae,Euproctis,piperita,,Oberthür,Fagaceae,Quercus,acutissima,,Japan,on leaves,
46135,Lymantriidae,Euproctis,pulverea,,Leech,Fagaceae,Quercus,acutissima,,Japan,on leaves,
46180,Lymantriidae,Euproctis,similis,,Fuessly,Fagaceae,Quercus,acutissima,,Japan,on leaves,
46229,Lymantriidae,Euproctis,subflava,,Bremer,Fagaceae,Quercus,acutissima,,Japan,on leaves,
60541,Noctuidae,Eupsilia,transversa,,Hufnagel,Fagaceae,Quercus,acutissima,,Japan,on leaves,Y
60679,Noctuidae,Eutelia,adulatricoides,,Mell,Fagaceae,Quercus,acutissima,,Japan,on leaves,
60721,Noctuidae,Eutelia,geyeri,,Felder & Rogenh.,Fagaceae,Quercus,acutissima,,Japan,on leaves,
40562,Lycaenidae,Favonius,cognatus,,Staudinger,Fagaceae,Quercus,acutissima,,Japan,on leaves,
40573,Lycaenidae,Favonius,jezoensis,,Matsumura,Fagaceae,Quercus,acutissima,,Japan,on leaves,
40587,Lycaenidae,Favonius,latifasciatus,,Shirôzu & Hayas.,Fagaceae,Quercus,acutissima,,Japan,on leaves,Y
40607,Lycaenidae,Favonius,orientalis,,Murray,Fagaceae,Quercus,acutissima,,Japan,on leaves,
40625,Lycaenidae,Favonius,saphirinus,,Staudinger,Fagaceae,Quercus,acutissima,,Japan,on leaves,
40637,Lycaenidae,Favonius,ultramarinus,,Fixsen,Fagaceae,Quercus,acutissima,,Japan,on leaves,Y
40644,Lycaenidae,Favonius,yuasai,,Shiraki,Fagaceae,Quercus,acutissima,,Japan,on leaves,
40648,Lycaenidae,Favonius,yuasai,,Shirôzu,Fagaceae,Quercus,acutissima,,Japan,,
76415,Notodontidae,Fentonia,ocypete,,Bremer,Fagaceae,Quercus,acutissima,,Japan,on leaves,
18715,Geometridae,Gelasma,albistrigata,,Warren,Fagaceae,Quercus,acutissima,,Japan,,
18716,Geometridae,Gelasma,albistrigata,,Warren,Fagaceae,Quercus,acutissima,,Japan,on leaves,
18750,Geometridae,Geometra,dieckmanni,,Graeser,Fagaceae,Quercus,acutissima,,Japan,,
18755,Geometridae,Geometra,dieckmanni,,Graeser,Fagaceae,Quercus,acutissima,,Japan,on leaves,
18779,Geometridae,Geometra,sponsaria,,Bremer,Fagaceae,Quercus,acutissima,,Japan,on leaves,
18782,Geometridae,Geometra,ussuriensis,,Sauber,Fagaceae,Quercus,acutissima,,Japan,on leaves,
18787,Geometridae,Geometra,valida,,Felder & Felder,Fagaceae,Quercus,acutissima,,Japan,,
18791,Geometridae,Geometra,valida,,Felder & Rogenh.,Fagaceae,Quercus,acutissima,,Japan,on leaves,
61430,Noctuidae,Gerbathodes,angusta,,Butler,Fagaceae,Quercus,acutissima,,Japan,on leaves,
61442,Noctuidae,Gonepatica,opalina,,Butler,Fagaceae,Quercus,acutissima,,Japan,on leaves,
61444,Noctuidae,Goniocraspidum,pryeri,,Leech,Fagaceae,Quercus,acutissima,,Japan,on leaves,
76586,Notodontidae,Harpyia,umbrosa,,Staudinger,Fagaceae,Quercus,acutissima,,Japan,on leaves,
133897,Tortricidae,Hedya,inornata,,Walsingham,Fagaceae,Quercus,acutissima,,Japan,on leaves,
18984,Geometridae,Hemistola,tenuilinea,,Alphéraky,Fagaceae,Quercus,acutissima,,Japan,,
18987,Geometridae,Hemistola,tenuilinea,,Alphéraky,Fagaceae,Quercus,acutissima,,Japan,on leaves,
19024,Geometridae,Hemithea,aestivaria,,Hübner,Fagaceae,Quercus,acutissima,,Japan,,
19048,Geometridae,Hemithea,aestivaria,,Hübner,Fagaceae,Quercus,acutissima,,Japan,on leaves,
19093,Geometridae,Hemithea,tritonaria,,Walker,Fagaceae,Quercus,acutissima,,Japan,on leaves,Y
36413,Limacodidae,Heterogenea,asella,,Denis & Schiff.,Fagaceae,Quercus,acutissima,,Japan,on leaves,
76748,Notodontidae,Hexafrenum,leucodera,,Staudinger,Fagaceae,Quercus,acutissima,,Japan,on leaves,
134244,Tortricidae,Homona,magnanima,,Diakonoff,Fagaceae,Quercus,acutissima,,Japan,on leaves,
134344,Tortricidae,Homonopsis,illotana,,Kennel,Fagaceae,Quercus,acutissima,,Japan,on leaves,
63097,Noctuidae,Hylonycta,carbonaria,,Graeser,Fagaceae,Quercus,acutissima,,Japan,on leaves,
63100,Noctuidae,Hylonycta,subornata,,Leech,Fagaceae,Quercus,acutissima,,Japan,on leaves,
11565,Gelechiidae,Hypatima,sp. 1,,,Fagaceae,Quercus,acutissima,,Japan,on leaves,
11570,Gelechiidae,Hypatima,sp. 3,,,Fagaceae,Quercus,acutissima,,Japan,on leaves,
63328,Noctuidae,Hypersypnoides,astrigera,,Butler,Fagaceae,Quercus,acutissima,,Japan,on leaves,Y
63391,Noctuidae,Hypocala,subsatura,,Guenée,Fagaceae,Quercus,acutissima,,Japan,on leaves,
19544,Geometridae,Hypomecis,lunifera,,Butler,Fagaceae,Quercus,acutissima,,Japan,on leaves,
19563,Geometridae,Hypomecis,punctinalis,,Scopoli,Fagaceae,Quercus,acutissima,,Japan,,
19575,Geometridae,Hypomecis,punctinalis,,Scopoli,Fagaceae,Quercus,acutissima,,Japan,on leaves,
19592,Geometridae,Hypomecis,roboraria,,Denis & Schiff.,Fagaceae,Quercus,acutissima,,Japan,on leaves,
19612,Geometridae,Hypomecis,yuwanina,,Sato,Fagaceae,Quercus,acutissima,,Japan,on leaves,Y
134377,Tortricidae,Hystrichoscelus,spathanum,,Walsingham,Fagaceae,Quercus,acutissima,,Japan,on leaves,
19912,Geometridae,Idiotephria,amelia,,Butler,Fagaceae,Quercus,acutissima,,Japan,on leaves,
19938,Geometridae,Inurois,fletcheri,,Inoue,Fagaceae,Quercus,acutissima,,Japan,on leaves,
19956,Geometridae,Inurois,punctigera,,Prout,Fagaceae,Quercus,acutissima,,Japan,,
19964,Geometridae,Inurois,punctigera,,Prout,Fagaceae,Quercus,acutissima,,Japan,on leaves,
19972,Geometridae,Inurois,tenuis,,Butler,Fagaceae,Quercus,acutissima,,Japan,,
19978,Geometridae,Inurois,tenuis,,Butler,Fagaceae,Quercus,acutissima,,Japan,on leaves,
41483,Lycaenidae,Iratsume,orsedice,,Butler,Fagaceae,Quercus,acutissima,,Japan,on leaves,
20203,Geometridae,Jankowskia,fuscaria,,Leech,Fagaceae,Quercus,acutissima,,Japan,on leaves,
41628,Lycaenidae,Japonica,lutea,,Hewitson,Fagaceae,Quercus,acutissima,,Japan,on buds,
41632,Lycaenidae,Japonica,lutea,,Hewitson,Fagaceae,Quercus,acutissima,,Japan,on leaves,
41650,Lycaenidae,Japonica,saepestriata,,Hewitson,Fagaceae,Quercus,acutissima,,Japan,,
41653,Lycaenidae,Japonica,saepestriata,,Hewitson,Fagaceae,Quercus,acutissima,,Japan,on buds,
41656,Lycaenidae,Japonica,saepestriata,,Hewitson,Fagaceae,Quercus,acutissima,,Japan,on leaves,
105692,Pyralidae,Jocara,rufescens,,Hampson,Fagaceae,Quercus,acutissima,,Japan,on leaves,
63583,Noctuidae,Jodia,sericea,,Butler,Fagaceae,Quercus,acutissima,,Japan,on leaves,
20222,Geometridae,Jodis,lactearia,,Linnaeus,Fagaceae,Quercus,acutissima,,Japan,,
20235,Geometridae,Jodis,lactearia,,Linnaeus,Fagaceae,Quercus,acutissima,,Japan,on leaves,
8414,Drepanidae,Kurama,mirabilis,,Butler,Fagaceae,Quercus,acutissima,,Japan,on leaves,
36469,Limacodidae,Latoia,consocia,,Walker,Fagaceae,Quercus,acutissima,,Japan,on leaves,
36487,Limacodidae,Latoia,lepida,,Cramer,Fagaceae,Quercus,acutissima,,Japan,on leaves,
36490,Limacodidae,Latoia,sinica,,Moore,Fagaceae,Quercus,acutissima,,Japan,on leaves,
2452,Arctiidae,Lemyra,imparilis,,Butler,Fagaceae,Quercus,acutissima,,Japan,on leaves,
2455,Arctiidae,Lemyra,inaequalis,,Butler,Fagaceae,Quercus,acutissima,,Japan,on leaves,
2460,Arctiidae,Lemyra,infernalis,,Butler,Fagaceae,Quercus,acutissima,,Japan,on leaves,
64791,Noctuidae,Lithophane,pruinosa,,Butler,Fagaceae,Quercus,acutissima,,Japan,on leaves,
64795,Noctuidae,Lithophane,rosinae,,Püngeler,Fagaceae,Quercus,acutissima,,Japan,on leaves,Y
64854,Noctuidae,Lithophane,venusta,,Leech,Fagaceae,Quercus,acutissima,,Japan,on leaves,
134565,Tortricidae,Lobesia,aeolopa,,Meyrick,Fagaceae,Quercus,acutissima,,Japan,on leaves,
20582,Geometridae,Lomographa,simplicior,,Butler,Fagaceae,Quercus,acutissima,,Japan,on leaves,
64889,Noctuidae,Lophomilia,polybapta,,Butler,Fagaceae,Quercus,acutissima,,Japan,on leaves,
64890,Noctuidae,Lophomilia,takao,,Sugi,Fagaceae,Quercus,acutissima,,Japan,on leaves,
64899,Noctuidae,Lophoptera,hayesi,,Sugi,Fagaceae,Quercus,acutissima,,Japan,on leaves,
65007,Noctuidae,Lygephila,vulcanea,,Butler,Fagaceae,Quercus,acutissima,,Japan,on leaves,
46867,Lymantriidae,Lymantria,dispar,,Linnaeus,Fagaceae,Quercus,acutissima,,Japan,on leaves,
46966,Lymantriidae,Lymantria,mathura,,Moore,Fagaceae,Quercus,acutissima,,Japan,on leaves,
47001,Lymantriidae,Lymantria,monacha,,Linnaeus,Fagaceae,Quercus,acutissima,,Japan,on leaves,
49067,Lyonetiidae,Lyonetia,castaneella,,Kuroko,Fagaceae,Quercus,acutissima,,Japan,,
49069,Lyonetiidae,Lyonetia,castaneella,,Kuroko,Fagaceae,Quercus,acutissima,,Japan,on leaves,
8420,Drepanidae,Macrauzata,maxima,,Inoue,Fagaceae,Quercus,acutissima,,Japan,on leaves,
90843,Oecophoridae,Macrobathra,quercea,,Moriuti,Fagaceae,Quercus,acutissima,,Japan,on leaves,
8429,Drepanidae,Macrocilix,mysticata,,Walker,Fagaceae,Quercus,acutissima,,Japan,on leaves,
98164,Psychidae,Mahasena,aurea,,Butler,Fagaceae,Quercus,acutissima,,Japan,on leaves,
34551,Lasiocampidae,Malacosoma,neustria,,Linnaeus,Fagaceae,Quercus,acutissima,,Japan,on leaves,
121781,Sphingidae,Marumba,sperchius,,Ménétriés,Fagaceae,Quercus,acutissima,,Japan,on leaves,
20821,Geometridae,Medasina,nikkonis,,Butler,Fagaceae,Quercus,acutissima,,Japan,on leaves,
20836,Geometridae,Megabiston,plumosaria,,Leech,Fagaceae,Quercus,acutissima,,Japan,,
20840,Geometridae,Megabiston,plumosaria,,Leech,Fagaceae,Quercus,acutissima,,Japan,on leaves,
75076,Nolidae,Meganola,fumosa,,Butler,Fagaceae,Quercus,acutissima,,Japan,on leaves,
75098,Nolidae,Meganola,satoi,,Inoue,Fagaceae,Quercus,acutissima,,Japan,on leaves,
75100,Nolidae,Meganola,shimekii,,Inoue,Fagaceae,Quercus,acutissima,,Japan,on leaves,
75102,Nolidae,Meganola,sp. 1,,,Fagaceae,Quercus,acutissima,,Japan,on leaves,
76880,Notodontidae,Mesophalera,sigmata,,Butler,Fagaceae,Quercus,acutissima,,Japan,on leaves,
36619,Limacodidae,Microleon,longipalpis,,Butler,Fagaceae,Quercus,acutissima,,Japan,on leaves,
75113,Nolidae,Mimerastria,mandschuriana,,Oberthür,Fagaceae,Quercus,acutissima,,Japan,on leaves,
21183,Geometridae,Mixochlora,vittata,,Moore,Fagaceae,Quercus,acutissima,,Japan,on leaves,
66018,Noctuidae,Moma,alpium,,Osbeck,Fagaceae,Quercus,acutissima,,Japan,on leaves,
36699,Limacodidae,Monema,flavescens,,Walker,Fagaceae,Quercus,acutissima,,Japan,on leaves,
42547,Lycaenidae,Narathura,bazalus,,Hewitson,Fagaceae,Quercus,acutissima,,Japan,on leaves,Y
42554,Lycaenidae,Narathura,japonica,,Murray,Fagaceae,Quercus,acutissima,,Japan,on leaves,
36741,Limacodidae,Narosoideus,flavidorsalis,,Staudinger,Fagaceae,Quercus,acutissima,,Japan,on leaves,
75142,Nolidae,Negritothripa,hampsoni,,Wileman,Fagaceae,Quercus,acutissima,,Japan,on leaves,
21473,Geometridae,Neohipparchus,vallata,,Butler,Fagaceae,Quercus,acutissima,,Japan,,
21476,Geometridae,Neohipparchus,vallata,,Butler,Fagaceae,Quercus,acutissima,,Japan,on leaves,
8439,Drepanidae,Neoploca,arctipennis,,Butler,Fagaceae,Quercus,acutissima,,Japan,on leaves,
42598,Lycaenidae,Neozephyrus,taxila,,Bremer,Fagaceae,Quercus,acutissima,,Japan,on leaves,Y
8449,Drepanidae,Nordstromia,japonica,,Moore,Fagaceae,Quercus,acutissima,,Japan,on leaves,
75321,Nolidae,Nycteola,dufayi,,Sugi,Fagaceae,Quercus,acutissima,,Japan,on leaves,
90989,Oecophoridae,Odites,leucostola,,Meyrick,Fagaceae,Quercus,acutissima,,Japan,on leaves,
90993,Oecophoridae,Odites,lividula,,Meyrick,Fagaceae,Quercus,acutissima,,Japan,on leaves,
34684,Lasiocampidae,Odonestis,pruni,,Linnaeus,Fagaceae,Quercus,acutissima,,Japan,on leaves,
21819,Geometridae,Operophtera,brumata,,Linnaeus,Fagaceae,Quercus,acutissima,,Japan,on leaves,
21844,Geometridae,Operophtera,japonaria,,Leech,Fagaceae,Quercus,acutissima,,Japan,on leaves,
21864,Geometridae,Operophtera,relegata,,Prout,Fagaceae,Quercus,acutissima,,Japan,on leaves,
66828,Noctuidae,Orbona,fragariae,,Vieweg,Fagaceae,Quercus,acutissima,,Japan,on leaves,Y
48281,Lymantriidae,Orgyia,recens,,Hübner,Fagaceae,Quercus,acutissima,,Japan,on leaves,
48294,Lymantriidae,Orgyia,thyellina,,Butler,Fagaceae,Quercus,acutissima,,Japan,on leaves,
107264,Pyralidae,Orthaga,achatina,,Butler,Fagaceae,Quercus,acutissima,,Japan,on leaves,
66877,Noctuidae,Orthosia,angustipennis,,Matsumura,Fagaceae,Quercus,acutissima,,Japan,on leaves,
66883,Noctuidae,Orthosia,carnipennis,,Butler,Fagaceae,Quercus,acutissima,,Japan,on leaves,
66906,Noctuidae,Orthosia,evanida,,Butler,Fagaceae,Quercus,acutissima,,Japan,on leaves,
66969,Noctuidae,Orthosia,gothica,,Linnaeus,Fagaceae,Quercus,acutissima,,Japan,on leaves,
67115,Noctuidae,Orthosia,ijimai,,Sugi,Fagaceae,Quercus,acutissima,,Japan,on leaves,
67143,Noctuidae,Orthosia,limbata,,Butler,Fagaceae,Quercus,acutissima,,Japan,on leaves,
67171,Noctuidae,Orthosia,munda,,Denis & Schiff.,Fagaceae,Quercus,acutissima,,Japan,on leaves,
67177,Noctuidae,Orthosia,odiosa,,Butler,Fagaceae,Quercus,acutissima,,Japan,on leaves,
67216,Noctuidae,Orthosia,paromoea,,Hampson,Fagaceae,Quercus,acutissima,,Japan,on leaves,
21965,Geometridae,Ourapteryx,nivea,,Butler,Fagaceae,Quercus,acutissima,,Japan,,
21967,Geometridae,Ourapteryx,nivea,,Butler,Fagaceae,Quercus,acutissima,,Japan,on leaves,
22033,Geometridae,Pachyerannis,obliquaria,,Motschulsky,Fagaceae,Quercus,acutissima,,Japan,,
22037,Geometridae,Pachyerannis,obliquaria,,Motschulsky,Fagaceae,Quercus,acutissima,,Japan,on leaves,
22050,Geometridae,Pachyligia,dolosa,,Butler,Fagaceae,Quercus,acutissima,,Japan,,
22056,Geometridae,Pachyligia,dolosa,,Butler,Fagaceae,Quercus,acutissima,,Japan,on leaves,
22154,Geometridae,Parabapta,clarissa,,Butler,Fagaceae,Quercus,acutissima,,Japan,,
22157,Geometridae,Parabapta,clarissa,,Butler,Fagaceae,Quercus,acutissima,,Japan,on leaves,
67983,Noctuidae,Paracolax,trilinealis,,Bremer,Fagaceae,Quercus,acutissima,,Japan,on leaves,
22167,Geometridae,Paradarisa,consonaria,,Hübner,Fagaceae,Quercus,acutissima,,Japan,on leaves,Y
136122,Tortricidae,Parapammene,sp. C,,,Fagaceae,Quercus,acutissima,,Japan,,
22198,Geometridae,Parectropis,extersaria,,Hübner,Fagaceae,Quercus,acutissima,,Japan,on leaves,Y
77261,Notodontidae,Peridea,basilinea,,Wileman,Fagaceae,Quercus,acutissima,,Japan,on leaves,
77265,Notodontidae,Peridea,elzet,,Kiriakoff,Fagaceae,Quercus,acutissima,,Japan,,
77266,Notodontidae,Peridea,elzet,,Kiriakoff,Fagaceae,Quercus,acutissima,,Japan,on leaves,
77275,Notodontidae,Peridea,gigantea,,Butler,Fagaceae,Quercus,acutissima,,Japan,on leaves,
77281,Notodontidae,Peridea,lativitta,,Wileman,Fagaceae,Quercus,acutissima,,Japan,on leaves,
68339,Noctuidae,Perigrapha,hoenei,,Püngeler,Fagaceae,Quercus,acutissima,,Japan,on leaves,
136252,Tortricidae,Phaecadophora,fimbriata,,Walsingham,Fagaceae,Quercus,acutissima,,Japan,on leaves,
136264,Tortricidae,Phaecasiophora,obraztsovi,,Diakonoff,Fagaceae,Quercus,acutissima,,Japan,,
77293,Notodontidae,Phalera,angustipennis,,Matsumura,Fagaceae,Quercus,acutissima,,Japan,on leaves,
77298,Notodontidae,Phalera,assimilis,,Bremer & Grey,Fagaceae,Quercus,acutissima,,Japan,on leaves,
77357,Notodontidae,Phalera,flavescens,,Bremer & Grey,Fagaceae,Quercus,acutissima,,Japan,on leaves,
77377,Notodontidae,Phalera,minor,,Nagano,Fagaceae,Quercus,acutissima,,Japan,on leaves,
77399,Notodontidae,Phalera,takasagoensis,,Matsumura,Fagaceae,Quercus,acutissima,,Japan,,
77401,Notodontidae,Phalera,takasagoensis,,Matsumura,Fagaceae,Quercus,acutissima,,Japan,on leaves,
77407,Notodontidae,Phalerodonta,manleyi,,Leech,Fagaceae,Quercus,acutissima,,Japan,on leaves,
22495,Geometridae,Phigalia,sinuosaria,,Leech,Fagaceae,Quercus,acutissima,,Japan,,
22500,Geometridae,Phigalia,sinuosaria,,Leech,Fagaceae,Quercus,acutissima,,Japan,on leaves,
22569,Geometridae,Phigalia,verecundaria,,Leech,Fagaceae,Quercus,acutissima,,Japan,,
22574,Geometridae,Phigalia,verecundaria,,Leech,Fagaceae,Quercus,acutissima,,Japan,on leaves,
37200,Limacodidae,Phlossa,conjuncta,,Walker,Fagaceae,Quercus,acutissima,,Japan,on leaves,
37290,Limacodidae,Phrixolepia,sericea,,Butler,Fagaceae,Quercus,acutissima,,Japan,on leaves,
27902,Gracillariidae,Phyllocnistis,sp. 1,,,Fagaceae,Quercus,acutissima,,Japan,on leaves,
27959,Gracillariidae,Phyllonorycter,acutissimae,,Kumata,Fagaceae,Quercus,acutissima,,Japan,,
27964,Gracillariidae,Phyllonorycter,acutissimae,,Kumata,Fagaceae,Quercus,acutissima,,Japan,on leaves,
28450,Gracillariidae,Phyllonorycter,kamijoi,,Kumata,Fagaceae,Quercus,acutissima,,Japan,,
28451,Gracillariidae,Phyllonorycter,kamijoi,,Kumata,Fagaceae,Quercus,acutissima,,Japan,on leaves,
28634,Gracillariidae,Phyllonorycter,nipponicella,,Issiki,Fagaceae,Quercus,acutissima,,Japan,,
28638,Gracillariidae,Phyllonorycter,nipponicella,,Issiki,Fagaceae,Quercus,acutissima,,Japan,on leaves,
28737,Gracillariidae,Phyllonorycter,pygmaea,,Kumata,Fagaceae,Quercus,acutissima,,Japan,,
28741,Gracillariidae,Phyllonorycter,pygmaea,,Kumata,Fagaceae,Quercus,acutissima,,Japan,on leaves,
28875,Gracillariidae,Phyllonorycter,similis,,Kumata,Fagaceae,Quercus,acutissima,,Japan,,
28880,Gracillariidae,Phyllonorycter,similis,,Kumata,Fagaceae,Quercus,acutissima,,Japan,on leaves,
22762,Geometridae,Plagodis,dolabraria,,Linnaeus,Fagaceae,Quercus,acutissima,,Japan,on leaves,
22809,Geometridae,Plagodis,pulveraria,,Linnaeus,Fagaceae,Quercus,acutissima,,Japan,,
22828,Geometridae,Plagodis,pulveraria,,Linnaeus,Fagaceae,Quercus,acutissima,,Japan,on leaves,
22850,Geometridae,Planociampa,antipala,,Prout,Fagaceae,Quercus,acutissima,,Japan,,
22854,Geometridae,Planociampa,antipala,,Prout,Fagaceae,Quercus,acutissima,,Japan,on leaves,
22860,Geometridae,Planociampa,modesta,,Butler,Fagaceae,Quercus,acutissima,,Japan,,
22864,Geometridae,Planociampa,modesta,,Butler,Fagaceae,Quercus,acutissima,,Japan,on leaves,
108209,Pyralidae,Pleuroptya,balteata,,Fabricius,Fagaceae,Quercus,acutissima,,Japan,on leaves,
108219,Pyralidae,Pleuroptya,chlorophanta,,Butler,Fagaceae,Quercus,acutissima,,Japan,on leaves,
34995,Lasiocampidae,Poecilocampa,populi,,Linnaeus,Fagaceae,Quercus,acutissima,,Japan,on leaves,Y
23200,Geometridae,Pseuderannis,lomozemia,,Prout,Fagaceae,Quercus,acutissima,,Japan,on leaves,Y
75399,Nolidae,Pseudoips,fagana,,Fabricius,Fagaceae,Quercus,acutissima,,Japan,on leaves,
75408,Nolidae,Pseudoips,sylpha,,Butler,Fagaceae,Quercus,acutissima,,Japan,on leaves,
23252,Geometridae,Psyra,bluethgeni,,Püngeler,Fagaceae,Quercus,acutissima,,Japan,,
23254,Geometridae,Psyra,bluethgeni,,Püngeler,Fagaceae,Quercus,acutissima,,Japan,on leaves,
77555,Notodontidae,Quadricalcarifera,pryeri,,Leech,Fagaceae,Quercus,acutissima,,Japan,on leaves,
43234,Lycaenidae,Quercusia,fujisana,,Matsumura,Fagaceae,Quercus,acutissima,,Japan,on leaves,Y
77564,Notodontidae,Rabtala,cristata,,Butler,Fagaceae,Quercus,acutissima,,Japan,on leaves,
77571,Notodontidae,Rabtala,splendida,,Oberthür,Fagaceae,Quercus,acutissima,,Japan,on leaves,Y
116684,Saturniidae,Rhodinia,fugax,,Butler,Fagaceae,Quercus,acutissima,,Japan,on leaves,
123279,Thyrididae,Rhodoneura,erecta,,Leech,Fagaceae,Quercus,acutissima,,Japan,on leaves,Y
123287,Thyrididae,Rhodoneura,vittula,,Guenée,Fagaceae,Quercus,acutissima,,Japan,on leaves,
117061,Saturniidae,Samia,cynthia,,Drury,Fagaceae,Quercus,acutissima,,Japan,on leaves,
37361,Limacodidae,Scopelodes,contracta,,Walker,Fagaceae,Quercus,acutissima,,Japan,on leaves,
23783,Geometridae,Selenia,tetralunaria,,Hufnagel,Fagaceae,Quercus,acutissima,,Japan,,
23789,Geometridae,Selenia,tetralunaria,,Hufnagel,Fagaceae,Quercus,acutissima,,Japan,on leaves,
118551,Sesiidae,Sesia,molybdoceps,,Hampson,Fagaceae,Quercus,acutissima,,Japan,in branches/trunk,
118557,Sesiidae,Sesia,molybdoceps,,Hampson,Fagaceae,Quercus,acutissima,,Japan,in trunks,
118576,Sesiidae,Sesia,scribai,,Bartel,Fagaceae,Quercus,acutissima,,Japan,in trunks,
43692,Lycaenidae,Shirozua,jonasi,,Janson,Fagaceae,Quercus,acutissima,,Japan,on leaves,
77878,Notodontidae,Spatalia,doerriesi,,Graeser,Fagaceae,Quercus,acutissima,,Japan,on leaves,
137954,Tortricidae,Spilonota,melanocopa,,Meyrick,Fagaceae,Quercus,acutissima,,Japan,on leaves,
29193,Gracillariidae,Spulerina,virgulata,,Kumata & Kuroko,Fagaceae,Quercus,acutissima,,Japan,,
29194,Gracillariidae,Spulerina,virgulata,,Kumata & Kuroko,Fagaceae,Quercus,acutissima,,Japan,on leaves,
77911,Notodontidae,Stauropus,fagi,,Linnaeus,Fagaceae,Quercus,acutissima,,Japan,on leaves,
77914,Notodontidae,Stauropus,teikichiana,,Matsumura,Fagaceae,Quercus,acutissima,,Japan,on leaves,Y
72365,Noctuidae,Stenbergmania,albomaculalis,,Bremer,Fagaceae,Quercus,acutissima,,Japan,on leaves,
12691,Gelechiidae,Stenolechia,notomochla,,Meyrick,Fagaceae,Quercus,acutissima,,Japan,on leaves,
123304,Thyrididae,Striglina,cancellata,,Christoph,Fagaceae,Quercus,acutissima,,Japan,on leaves,
138239,Tortricidae,Strophedra,nitidana,,Fabricius,Fagaceae,Quercus,acutissima,,Japan,on leaves,
77924,Notodontidae,Suzukiana,cinerea,,Butler,Fagaceae,Quercus,acutissima,,Japan,on leaves,
109468,Pyralidae,Sybrida,approximans,,Leech,Fagaceae,Quercus,acutissima,,Japan,on leaves,
72697,Noctuidae,Sypnoides,hercules,,Butler,Fagaceae,Quercus,acutissima,,Japan,on leaves,
72701,Noctuidae,Sypnoides,picta,,Butler,Fagaceae,Quercus,acutissima,,Japan,on leaves,
24467,Geometridae,Tanaorhinus,reciprocata,,Walker,Fagaceae,Quercus,acutissima,,Japan,,
24469,Geometridae,Tanaorhinus,reciprocata,,Walker,Fagaceae,Quercus,acutissima,,Japan,on leaves,
12849,Gelechiidae,Teleiodes,sp. 1,,,Fagaceae,Quercus,acutissima,,Japan,on leaves,
12852,Gelechiidae,Teleiodes,sp. 2,,,Fagaceae,Quercus,acutissima,,Japan,on leaves,
12855,Gelechiidae,Teleiodes,sp. 3,,,Fagaceae,Quercus,acutissima,,Japan,on leaves,
12858,Gelechiidae,Teleiodes,sp. 4,,,Fagaceae,Quercus,acutissima,,Japan,on leaves,
109635,Pyralidae,Teliphasa,elegans,,Butler,Fagaceae,Quercus,acutissima,,Japan,on leaves,
72750,Noctuidae,Telorta,edentata,,Leech,Fagaceae,Quercus,acutissima,,Japan,on leaves,
12900,Gelechiidae,Telphusa,necromantis,,Meyrick,Fagaceae,Quercus,acutissima,,Japan,on leaves,
12905,Gelechiidae,Telphusa,quercicola,,Park,Fagaceae,Quercus,acutissima,,Japan,on leaves,
12929,Gelechiidae,Telphusa,sp. 1,,,Fagaceae,Quercus,acutissima,,Japan,on leaves,
109697,Pyralidae,Termioptycha,inimica,,Butler,Fagaceae,Quercus,acutissima,,Japan,on leaves,
109700,Pyralidae,Termioptycha,nigrescens,,Warren,Fagaceae,Quercus,acutissima,,Japan,on leaves,
8539,Drepanidae,Tethea,ampliata,,Butler,Fagaceae,Quercus,acutissima,,Japan,on leaves,
8544,Drepanidae,Tethea,octogesima,,Butler,Fagaceae,Quercus,acutissima,,Japan,on leaves,
139802,Yponomeutidae,Thecobathra,anas,,Stringer,Fagaceae,Quercus,acutissima,,Japan,on leaves,
72813,Noctuidae,Thyas,juno,,Dalman,Fagaceae,Quercus,acutissima,,Japan,on leaves,
124284,Tischeriidae,Tischeria,decidua,,Wocke,Fagaceae,Quercus,acutissima,,Japan,on leaves,
124371,Tischeriidae,Tischeria,naraensis,,Sato,Fagaceae,Quercus,acutissima,,Japan,on leaves,
124387,Tischeriidae,Tischeria,quercifolia,,Kuroko,Fagaceae,Quercus,acutissima,,Japan,on leaves,
24811,Geometridae,Trichopteryx,hemana,,Butler,Fagaceae,Quercus,acutissima,,Japan,on leaves,
24814,Geometridae,Trichopteryx,misera,,Butler,Fagaceae,Quercus,acutissima,,Japan,on leaves,
8572,Drepanidae,Tridrepana,crocea,,Leech,Fagaceae,Quercus,acutissima,,Japan,on leaves,
73500,Noctuidae,Viminia,rumicis,,Linnaeus,Fagaceae,Quercus,acutissima,,Japan,on leaves,
44570,Lycaenidae,Wagimo,signata,,Butler,Fagaceae,Quercus,acutissima,,Japan,on buds/twigs,
44575,Lycaenidae,Wagimo,signata,,Butler,Fagaceae,Quercus,acutissima,,Japan,on leaves,
24918,Geometridae,Wilemania,nitobei,,Nitobe,Fagaceae,Quercus,acutissima,,Japan,,
24931,Geometridae,Wilemania,nitobei,,Nitobe,Fagaceae,Quercus,acutissima,,Japan,on leaves,
74115,Noctuidae,Xylena,formosa,,Butler,Fagaceae,Quercus,acutissima,,Japan,on leaves,
74119,Noctuidae,Xylena,fumosa,,Butler,Fagaceae,Quercus,acutissima,,Japan,on leaves,
140038,Yponomeutidae,Ypsolopha,parenthesella,,Linnaeus,Fagaceae,Quercus,acutissima,,Japan,on leaves,
140074,Yponomeutidae,Ypsolopha,vittella,,Linnaeus,Fagaceae,Quercus,acutissima,,Japan,on leaves,
74402,Noctuidae,Zanclognatha,innocens,,Butler,Fagaceae,Quercus,acutissima,,Japan,on leaves,
25197,Geometridae,Zethenia,albonotaria,,Bremer,Fagaceae,Quercus,acutissima,,Japan,,
25201,Geometridae,Zethenia,albonotaria,,Bremer,Fagaceae,Quercus,acutissima,,Japan,on leaves,
8132,Cossidae,Zeuzera,multistrigata,,Moore,Fagaceae,Quercus,acutissima,,Japan,in branches/trunk,
38280,Lycaenidae,Antigius,attilia,,Bremer,Fagaceae,Quercus,aliena,,Japan,,
38295,Lycaenidae,Antigius,attilia,,Bremer,Fagaceae,Quercus,aliena,,Japan,on leaves,
38305,Lycaenidae,Antigius,butleri,,Fenton,Fagaceae,Quercus,aliena,,Japan,,
38310,Lycaenidae,Antigius,butleri,,Fenton,Fagaceae,Quercus,aliena,,Japan,on buds/leaves,
38314,Lycaenidae,Antigius,butleri,,Fenton,Fagaceae,Quercus,aliena,,Japan,on leaves,
38513,Lycaenidae,Arhopala,japonica,,Murray,Fagaceae,Quercus,aliena,,Japan,,
57402,Noctuidae,Catocala,dula,,Bremer,Fagaceae,Quercus,aliena,,Japan,on leaves,
57410,Noctuidae,Catocala,duplicata,,Butler,Fagaceae,Quercus,aliena,,Japan,on leaves,
57690,Noctuidae,Catocala,praegnax,,Walker,Fagaceae,Quercus,aliena,,Japan,on leaves,
57763,Noctuidae,Catocala,streckeri,,Staudinger,Fagaceae,Quercus,aliena,,Japan,on leaves,
39233,Lycaenidae,Celastrina,argiolus,,Linnaeus,Fagaceae,Quercus,aliena,,Japan,on leaves,
39484,Lycaenidae,Chrysozephyrus,ataxus,,Westwood,Fagaceae,Quercus,aliena,,Japan,on leaves,
39505,Lycaenidae,Chrysozephyrus,aurorinus,,Oberthür,Fagaceae,Quercus,aliena,,Japan,on leaves,
39537,Lycaenidae,Chrysozephyrus,hisamatsusanus,,Nagami & Ishiga,Fagaceae,Quercus,aliena,,Japan,on leaves,Y
90484,Oecophoridae,Diurnea,cupreifera,,Butler,Fagaceae,Quercus,aliena,,Japan,on leaves,
31000,Hesperiidae,Erynnis,montanus,,Bremer,Fagaceae,Quercus,aliena,,Japan,on leaves,
17110,Geometridae,Esakiopteryx,volitans,,Butler,Fagaceae,Quercus,aliena,,Japan,on leaves,Y
40570,Lycaenidae,Favonius,jezoensis,,Matsumura,Fagaceae,Quercus,aliena,,Japan,,
40574,Lycaenidae,Favonius,jezoensis,,Matsumura,Fagaceae,Quercus,aliena,,Japan,on leaves,
40586,Lycaenidae,Favonius,latifasciatus,,Shirôzu & Haya.,Fagaceae,Quercus,aliena,,Japan,on buds,
40588,Lycaenidae,Favonius,latifasciatus,,Shirôzu & Hayas.,Fagaceae,Quercus,aliena,,Japan,on leaves,
40594,Lycaenidae,Favonius,latifasciatus,latifasciatus,Shirôzu & Haya.,Fagaceae,Quercus,aliena,,Japan,,
40608,Lycaenidae,Favonius,orientalis,,Murray,Fagaceae,Quercus,aliena,,Japan,on leaves,
40619,Lycaenidae,Favonius,saphirina,,Staudinger,Fagaceae,Quercus,aliena,,Japan,on buds,
40626,Lycaenidae,Favonius,saphirinus,,Staudinger,Fagaceae,Quercus,aliena,,Japan,on leaves,
40638,Lycaenidae,Favonius,ultramarinus,,Fixsen,Fagaceae,Quercus,aliena,,Japan,on leaves,Y
40645,Lycaenidae,Favonius,yuasai,,Shiraki,Fagaceae,Quercus,aliena,,Japan,on leaves,Y
63314,Noctuidae,Hypenomorpha,calamina,,Butler,Fagaceae,Quercus,aliena,,Japan,on leaves,
41484,Lycaenidae,Iratsume,orsedice,,Butler,Fagaceae,Quercus,aliena,,Japan,on leaves,Y
20204,Geometridae,Jankowskia,fuscaria,,Leech,Fagaceae,Quercus,aliena,,Japan,on leaves,
20210,Geometridae,Jankowskia,pseudathleta,,Sato,Fagaceae,Quercus,aliena,,Japan,,
41633,Lycaenidae,Japonica,lutea,,Hewitson,Fagaceae,Quercus,aliena,,Japan,on leaves,
41657,Lycaenidae,Japonica,saepestriata,,Hewitson,Fagaceae,Quercus,aliena,,Japan,on leaves,
42599,Lycaenidae,Neozephyrus,taxila,,Bremer,Fagaceae,Quercus,aliena,,Japan,on leaves,Y
77408,Notodontidae,Phalerodonta,manleyi,,Leech,Fagaceae,Quercus,aliena,,Japan,on leaves,
43235,Lycaenidae,Quercusia,fujisana,,Matsumura,Fagaceae,Quercus,aliena,,Japan,on leaves,Y
77925,Notodontidae,Suzukiana,cinerea,,Butler,Fagaceae,Quercus,aliena,,Japan,on leaves,
24796,Geometridae,Trichopterigia,consobrinaria,,Leech,Fagaceae,Quercus,aliena,,Japan,on leaves,Y
24797,Geometridae,Trichopterigia,costipunctaria,,Leech,Fagaceae,Quercus,aliena,,Japan,on leaves,Y
24800,Geometridae,Trichopterygia,consobrinaria,,Leech,Fagaceae,Quercus,aliena,,Japan,on leaves,Y
24815,Geometridae,Trichopteryx,misera,,Butler,Fagaceae,Quercus,aliena,,Japan,on leaves,Y
44576,Lycaenidae,Wagimo,signata,,Butler,Fagaceae,Quercus,aliena,,Japan,on leaves,
124453,Tortricidae,Acleris,affinatana,,Snellen,Fagaceae,Quercus,cerris,,Japan,,
124458,Tortricidae,Acleris,affinatana,,Snellen,Fagaceae,Quercus,cerris,,Japan,on leaves,
124632,Tortricidae,Acleris,delicatana,,Christoph,Fagaceae,Quercus,cerris,,Japan,on leaves,
100152,Pyralidae,Acrobasis,encaustella,,Ragonot,Fagaceae,Quercus,cerris,,Japan,on leaves,
110644,Saturniidae,Aglia,tau,,Linnaeus,Fagaceae,Quercus,cerris,,Japan,on leaves,
13231,Geometridae,Agriopis,dira,,Butler,Fagaceae,Quercus,cerris,,Japan,on leaves,
100511,Pyralidae,Agrotera,nemoralis,,Scopoli,Fagaceae,Quercus,cerris,,Japan,on leaves,
13355,Geometridae,Alsophila,japonensis,,Warren,Fagaceae,Quercus,cerris,,Japan,,
13368,Geometridae,Alsophila,japonensis,,Warren,Fagaceae,Quercus,cerris,,Japan,on leaves,
9496,Gelechiidae,Anacampsis,mongolicae,,Park,Fagaceae,Quercus,cerris,,Japan,on leaves,
100667,Pyralidae,Anartula,melanophia,,Staudinger,Fagaceae,Quercus,cerris,,Japan,on leaves,
126166,Tortricidae,Ancylis,partitana,,Christoph,Fagaceae,Quercus,cerris,,Japan,on leaves,
126262,Tortricidae,Andrioplecta,pulverula,,Meyrick,Fagaceae,Quercus,cerris,,Japan,on leaves,
13697,Geometridae,Angerona,prunaria,,Linnaeus,Fagaceae,Quercus,cerris,,Japan,,
13716,Geometridae,Angerona,prunaria,,Linnaeus,Fagaceae,Quercus,cerris,,Japan,on leaves,
111073,Saturniidae,Antheraea,pernyi,,Guérin-Méneville,Fagaceae,Quercus,cerris,,Japan,on leaves,
111422,Saturniidae,Antheraea,yamamai,,Guérin-Méneville,Fagaceae,Quercus,cerris,,Japan,on leaves,
38281,Lycaenidae,Antigius,attilia,,Bremer,Fagaceae,Quercus,cerris,,Japan,,
38289,Lycaenidae,Antigius,attilia,,Bremer,Fagaceae,Quercus,cerris,,Japan,on buds/leaves,
38296,Lycaenidae,Antigius,attilia,,Bremer,Fagaceae,Quercus,cerris,,Japan,on leaves,
38311,Lycaenidae,Antigius,butleri,,Fenton,Fagaceae,Quercus,cerris,,Japan,on buds/leaves,
38315,Lycaenidae,Antigius,butleri,,Fenton,Fagaceae,Quercus,cerris,,Japan,on leaves,
38320,Lycaenidae,Antigius,butleri,butleri,Fenton,Fagaceae,Quercus,cerris,,Japan,,
126971,Tortricidae,Archips,endoi,,Yasuda,Fagaceae,Quercus,cerris,,Japan,on leaves,
127903,Tortricidae,Archips,xylosteana,,Linnaeus,Fagaceae,Quercus,cerris,,Japan,on leaves,
44786,Lymantriidae,Arctornis,l-nigrum,,Müller,Fagaceae,Quercus,cerris,,Japan,on leaves,
38514,Lycaenidae,Arhopala,japonica,,Murray,Fagaceae,Quercus,cerris,,Japan,,
97587,Psychidae,Bambalina,sp.,,,Fagaceae,Quercus,cerris,,Japan,on leaves,
14449,Geometridae,Biston,robustus,,Butler,Fagaceae,Quercus,cerris,,Japan,,
14462,Geometridae,Biston,robustus,,Butler,Fagaceae,Quercus,cerris,,Japan,on leaves,
45103,Lymantriidae,Calliteara,pseudabietis,,Butler,Fagaceae,Quercus,cerris,,Japan,on leaves,
26170,Gracillariidae,Caloptilia,mongolicae,,Kumata,Fagaceae,Quercus,cerris,,Japan,,
26175,Gracillariidae,Caloptilia,mongolicae,,Kumata,Fagaceae,Quercus,cerris,,Japan,on leaves,
26328,Gracillariidae,Caloptilia,sapporella,,Matsumura,Fagaceae,Quercus,cerris,,Japan,,
26335,Gracillariidae,Caloptilia,sapporella,,Matsumura,Fagaceae,Quercus,cerris,,Japan,on leaves,
1039,Arctiidae,Camptoloma,interiorata,,Walker,Fagaceae,Quercus,cerris,,Japan,on leaves,
57237,Noctuidae,Catocala,actaea,,Felder & Rogenh.,Fagaceae,Quercus,cerris,,Japan,on leaves,
57398,Noctuidae,Catocala,dissimilis,,Bremer,Fagaceae,Quercus,cerris,,Japan,on leaves,
57403,Noctuidae,Catocala,dula,,Bremer,Fagaceae,Quercus,cerris,,Japan,on leaves,
57411,Noctuidae,Catocala,duplicata,,Butler,Fagaceae,Quercus,cerris,,Japan,on leaves,
57456,Noctuidae,Catocala,fulminea,,Scopoli,Fagaceae,Quercus,cerris,,Japan,on leaves,
57581,Noctuidae,Catocala,mirifica,,Butler,Fagaceae,Quercus,cerris,,Japan,on leaves,
57586,Noctuidae,Catocala,nagioides,,Wileman,Fagaceae,Quercus,cerris,,Japan,on leaves,
97651,Psychidae,Chalioides,kondonis,,Kondo,Fagaceae,Quercus,cerris,,Japan,on leaves,
128807,Tortricidae,Choristoneura,adumbratana,,Walsingham,Fagaceae,Quercus,cerris,,Japan,on leaves,
39506,Lycaenidae,Chrysozephyrus,aurorinus,,Oberthür,Fagaceae,Quercus,cerris,,Japan,on leaves,
39578,Lycaenidae,Chrysozephyrus,smaragdinus,,Bremer,Fagaceae,Quercus,cerris,,Japan,on leaves,
5965,Coleophoridae,Coleophora,melanograpta,,Meyrick,Fagaceae,Quercus,cerris,,Japan,on leaves,
58516,Noctuidae,Conistra,ardescens,,Butler,Fagaceae,Quercus,cerris,,Japan,on leaves,
58538,Noctuidae,Conistra,nawae,,Matsumura,Fagaceae,Quercus,cerris,,Japan,on leaves,Y
58622,Noctuidae,Cosmia,affinis,,Linnaeus,Fagaceae,Quercus,cerris,,Japan,on leaves,
58648,Noctuidae,Cosmia,exigua,,Butler,Fagaceae,Quercus,cerris,,Japan,on leaves,
58659,Noctuidae,Cosmia,pyralina,,Denis & Schiff.,Fagaceae,Quercus,cerris,,Japan,on leaves,
7476,Cossidae,Cossus,vicarius,,Walker,Fagaceae,Quercus,cerris,,Japan,in branches/trunk,
15679,Geometridae,Cryptochorina,amphidasyaria,,Oberthür,Fagaceae,Quercus,cerris,,Japan,,
15684,Geometridae,Cryptochorina,amphidasyaria,,Oberthür,Fagaceae,Quercus,cerris,,Japan,on leaves,
33375,Lasiocampidae,Cyclophragma,yamadai,,Nagano,Fagaceae,Quercus,cerris,,Japan,on leaves,
102620,Pyralidae,Datanoides,fasciatus,,Butler,Fagaceae,Quercus,cerris,,Japan,on leaves,
15842,Geometridae,Deileptenia,ribeata,,Clerck,Fagaceae,Quercus,cerris,,Japan,on leaves,
15858,Geometridae,Descoreba,simplex,,Butler,Fagaceae,Quercus,cerris,,Japan,,
15863,Geometridae,Descoreba,simplex,,Butler,Fagaceae,Quercus,cerris,,Japan,on leaves,
10648,Gelechiidae,Dichomeris,atomogypsa,,Meyrick,Fagaceae,Quercus,cerris,,Japan,on leaves,
8317,Drepanidae,Drepana,curvatula,,Borkhausen,Fagaceae,Quercus,cerris,,Japan,on leaves,
76323,Notodontidae,Drymonia,dodonides,,Staudinger,Fagaceae,Quercus,cerris,,Japan,on leaves,
16384,Geometridae,Electrophaes,corylata,,Thunberg,Fagaceae,Quercus,cerris,,Japan,on leaves,
29687,Hepialidae,Endoclita,sinensis,,Moore,Fagaceae,Quercus,cerris,,Japan,in branches/trunk,
16459,Geometridae,Ennomos,autumnaria,,Werneburg,Fagaceae,Quercus,cerris,,Japan,on leaves,
16853,Geometridae,Epirrita,viridipurpurescens,,Prout,Fagaceae,Quercus,cerris,,Japan,on leaves,
16947,Geometridae,Erannis,golda,,Djakonov,Fagaceae,Quercus,cerris,,Japan,on leaves,
31001,Hesperiidae,Erynnis,montanus,,Bremer,Fagaceae,Quercus,cerris,,Japan,on leaves,
133098,Tortricidae,Eudemis,profundana,,Denis & Schiff.,Fagaceae,Quercus,cerris,,Japan,on leaves,
97921,Psychidae,Eumeta,minuscula,,Butler,Fagaceae,Quercus,cerris,,Japan,on leaves,
46230,Lymantriidae,Euproctis,subflava,,Bremer,Fagaceae,Quercus,cerris,,Japan,on leaves,
40563,Lycaenidae,Favonius,cognatus,,Staudinger,Fagaceae,Quercus,cerris,,Japan,on leaves,
40575,Lycaenidae,Favonius,jezoensis,,Matsumura,Fagaceae,Quercus,cerris,,Japan,on leaves,
40589,Lycaenidae,Favonius,latifasciatus,,Shirôzu & Hayas.,Fagaceae,Quercus,cerris,,Japan,on leaves,Y
40609,Lycaenidae,Favonius,orientalis,,Murray,Fagaceae,Quercus,cerris,,Japan,on leaves,
40620,Lycaenidae,Favonius,saphirina,,Staudinger,Fagaceae,Quercus,cerris,,Japan,on buds,
40627,Lycaenidae,Favonius,saphirinus,,Staudinger,Fagaceae,Quercus,cerris,,Japan,on leaves,
40636,Lycaenidae,Favonius,ultramarina,,Fixsen,Fagaceae,Quercus,cerris,,Japan,on buds/leaves/twigs,
40639,Lycaenidae,Favonius,ultramarinus,,Fixsen,Fagaceae,Quercus,cerris,,Japan,on leaves,
76416,Notodontidae,Fentonia,ocypete,,Bremer,Fagaceae,Quercus,cerris,,Japan,on leaves,
18777,Geometridae,Geometra,sponsaria,,Bremer,Fagaceae,Quercus,cerris,,Japan,,
18780,Geometridae,Geometra,sponsaria,,Bremer,Fagaceae,Quercus,cerris,,Japan,on leaves,
18792,Geometridae,Geometra,valida,,Felder & Rogenh.,Fagaceae,Quercus,cerris,,Japan,on leaves,
133409,Tortricidae,Gnorismoneura,mesotoma,,Yasuda,Fagaceae,Quercus,cerris,,Japan,on leaves,
61445,Noctuidae,Goniocraspidum,pryeri,,Leech,Fagaceae,Quercus,cerris,,Japan,on leaves,
76587,Notodontidae,Harpyia,umbrosa,,Staudinger,Fagaceae,Quercus,cerris,,Japan,on leaves,
133898,Tortricidae,Hedya,inornata,,Walsingham,Fagaceae,Quercus,cerris,,Japan,on leaves,
133957,Tortricidae,Hedya,semiassana,,Kennel,Fagaceae,Quercus,cerris,,Japan,on leaves,
19049,Geometridae,Hemithea,aestivaria,,Hübner,Fagaceae,Quercus,cerris,,Japan,on leaves,
19515,Geometridae,Hypomecis,akiba,,Inoue,Fagaceae,Quercus,cerris,,Japan,,
19516,Geometridae,Hypomecis,akiba,,Inoue,Fagaceae,Quercus,cerris,,Japan,on leaves,
19576,Geometridae,Hypomecis,punctinalis,,Scopoli,Fagaceae,Quercus,cerris,,Japan,on leaves,
19593,Geometridae,Hypomecis,roboraria,,Denis & Schiff.,Fagaceae,Quercus,cerris,,Japan,on leaves,
19917,Geometridae,Idiotephria,debilitata,,Leech,Fagaceae,Quercus,cerris,,Japan,on leaves,
19944,Geometridae,Inurois,fumosa,,Inoue,Fagaceae,Quercus,cerris,,Japan,,
19947,Geometridae,Inurois,fumosa,,Inoue,Fagaceae,Quercus,cerris,,Japan,on leaves,
19973,Geometridae,Inurois,tenuis,,Butler,Fagaceae,Quercus,cerris,,Japan,,
19979,Geometridae,Inurois,tenuis,,Butler,Fagaceae,Quercus,cerris,,Japan,on leaves,
41485,Lycaenidae,Iratsume,orsedice,,Butler,Fagaceae,Quercus,cerris,,Japan,on leaves,
41634,Lycaenidae,Japonica,lutea,,Hewitson,Fagaceae,Quercus,cerris,,Japan,on leaves,
41643,Lycaenidae,Japonica,lutea,adusta,Riley,Fagaceae,Quercus,cerris,,Japan,on buds,
41658,Lycaenidae,Japonica,saepestriata,,Hewitson,Fagaceae,Quercus,cerris,,Japan,on leaves,
63579,Noctuidae,Jocheaera,alni,,Linnaeus,Fagaceae,Quercus,cerris,,Japan,on leaves,
63584,Noctuidae,Jodia,sericea,,Butler,Fagaceae,Quercus,cerris,,Japan,on leaves,
8415,Drepanidae,Kurama,mirabilis,,Butler,Fagaceae,Quercus,cerris,,Japan,on leaves,
20462,Geometridae,Larerannis,miracula,,Prout,Fagaceae,Quercus,cerris,,Japan,,
20464,Geometridae,Larerannis,miracula,,Prout,Fagaceae,Quercus,cerris,,Japan,on leaves,
2461,Arctiidae,Lemyra,infernalis,,Butler,Fagaceae,Quercus,cerris,,Japan,on leaves,
64792,Noctuidae,Lithophane,pruinosa,,Butler,Fagaceae,Quercus,cerris,,Japan,on leaves,
64809,Noctuidae,Lithophane,socia,,Hufnagel,Fagaceae,Quercus,cerris,,Japan,on leaves,
20596,Geometridae,Lomographa,temerata,,Denis & Schiff.,Fagaceae,Quercus,cerris,,Japan,on leaves,
65008,Noctuidae,Lygephila,vulcanea,,Butler,Fagaceae,Quercus,cerris,,Japan,on leaves,
46869,Lymantriidae,Lymantria,dispar,,Linnaeus,Fagaceae,Quercus,cerris,,Japan,on leaves,
46924,Lymantriidae,Lymantria,lucescens,,Butler,Fagaceae,Quercus,cerris,,Japan,on leaves,
46967,Lymantriidae,Lymantria,mathura,,Moore,Fagaceae,Quercus,cerris,,Japan,on leaves,
47002,Lymantriidae,Lymantria,monacha,,Linnaeus,Fagaceae,Quercus,cerris,,Japan,on leaves,
34552,Lasiocampidae,Malacosoma,neustria,,Linnaeus,Fagaceae,Quercus,cerris,,Japan,on leaves,
121782,Sphingidae,Marumba,sperchius,,Ménétriés,Fagaceae,Quercus,cerris,,Japan,on leaves,
75077,Nolidae,Meganola,fumosa,,Butler,Fagaceae,Quercus,cerris,,Japan,on leaves,
75085,Nolidae,Meganola,mediofascia,,Inoue,Fagaceae,Quercus,cerris,,Japan,on leaves,
75088,Nolidae,Meganola,mikabo,,Inoue,Fagaceae,Quercus,cerris,,Japan,on leaves,
75099,Nolidae,Meganola,satoi,,Inoue,Fagaceae,Quercus,cerris,,Japan,on leaves,Y
76881,Notodontidae,Mesophalera,sigmata,,Butler,Fagaceae,Quercus,cerris,,Japan,on leaves,
121794,Sphingidae,Mimas,christophi,,Staudinger,Fagaceae,Quercus,cerris,,Japan,on leaves,
66019,Noctuidae,Moma,alpium,,Osbeck,Fagaceae,Quercus,cerris,,Japan,on leaves,
42548,Lycaenidae,Narathura,bazalus,,Hewitson,Fagaceae,Quercus,cerris,,Japan,on leaves,Y
21477,Geometridae,Neohipparchus,vallata,,Butler,Fagaceae,Quercus,cerris,,Japan,on leaves,
8440,Drepanidae,Neoploca,arctipennis,,Butler,Fagaceae,Quercus,cerris,,Japan,on leaves,
42595,Lycaenidae,Neozephyrus,taxila,,Bremer,Fagaceae,Quercus,cerris,,Japan,on buds,
42600,Lycaenidae,Neozephyrus,taxila,,Bremer,Fagaceae,Quercus,cerris,,Japan,on leaves,Y
75309,Nolidae,Nycteola,costalis,,Sugi,Fagaceae,Quercus,cerris,,Japan,on leaves,
75322,Nolidae,Nycteola,dufayi,,Sugi,Fagaceae,Quercus,cerris,,Japan,on leaves,
21648,Geometridae,Odontopera,bidentata,,Clerck,Fagaceae,Quercus,cerris,,Japan,on leaves,
66884,Noctuidae,Orthosia,carnipennis,,Butler,Fagaceae,Quercus,cerris,,Japan,on leaves,
66907,Noctuidae,Orthosia,evanida,,Butler,Fagaceae,Quercus,cerris,,Japan,on leaves,
66970,Noctuidae,Orthosia,gothica,,Linnaeus,Fagaceae,Quercus,cerris,,Japan,on leaves,
67157,Noctuidae,Orthosia,mirabilis,,Sugi,Fagaceae,Quercus,cerris,,Japan,on leaves,
67172,Noctuidae,Orthosia,munda,,Denis & Schiff.,Fagaceae,Quercus,cerris,,Japan,on leaves,
67217,Noctuidae,Orthosia,paromoea,,Hampson,Fagaceae,Quercus,cerris,,Japan,on leaves,
22038,Geometridae,Pachyerannis,obliquaria,,Motschulsky,Fagaceae,Quercus,cerris,,Japan,on leaves,
22051,Geometridae,Pachyligia,dolosa,,Butler,Fagaceae,Quercus,cerris,,Japan,,
22057,Geometridae,Pachyligia,dolosa,,Butler,Fagaceae,Quercus,cerris,,Japan,on leaves,
135757,Tortricidae,Pandemis,chlorograpta,,Meyrick,Fagaceae,Quercus,cerris,,Japan,on leaves,
135842,Tortricidae,Pandemis,dumetana,,Treitschke,Fagaceae,Quercus,cerris,,Japan,on leaves,
135941,Tortricidae,Pandemis,heparana,,Denis & Schiff.,Fagaceae,Quercus,cerris,,Japan,on leaves,
67981,Noctuidae,Paracolax,derivalis,,Hübner,Fagaceae,Quercus,cerris,,Japan,on leaves,
22199,Geometridae,Parectropis,extersaria,,Hübner,Fagaceae,Quercus,cerris,,Japan,on leaves,
77299,Notodontidae,Phalera,assimilis,,Bremer & Grey,Fagaceae,Quercus,cerris,,Japan,on leaves,
77409,Notodontidae,Phalerodonta,manleyi,,Leech,Fagaceae,Quercus,cerris,,Japan,on leaves,
22570,Geometridae,Phigalia,verecundaria,,Leech,Fagaceae,Quercus,cerris,,Japan,,
22575,Geometridae,Phigalia,verecundaria,,Leech,Fagaceae,Quercus,cerris,,Japan,on leaves,
28487,Gracillariidae,Phyllonorycter,leucocorona,,Kumata,Fagaceae,Quercus,cerris,,Japan,,
28490,Gracillariidae,Phyllonorycter,leucocorona,,Kumata,Fagaceae,Quercus,cerris,,Japan,on leaves,
28629,Gracillariidae,Phyllonorycter,nigristella,,Kumata,Fagaceae,Quercus,cerris,,Japan,on leaves,
28639,Gracillariidae,Phyllonorycter,nipponicella,,Issiki,Fagaceae,Quercus,cerris,,Japan,on leaves,
28876,Gracillariidae,Phyllonorycter,similis,,Kumata,Fagaceae,Quercus,cerris,,Japan,,
28881,Gracillariidae,Phyllonorycter,similis,,Kumata,Fagaceae,Quercus,cerris,,Japan,on leaves,
22763,Geometridae,Plagodis,dolabraria,,Linnaeus,Fagaceae,Quercus,cerris,,Japan,on leaves,
22855,Geometridae,Planociampa,antipala,,Prout,Fagaceae,Quercus,cerris,,Japan,on leaves,
108210,Pyralidae,Pleuroptya,balteata,,Fabricius,Fagaceae,Quercus,cerris,,Japan,on leaves,
34996,Lasiocampidae,Poecilocampa,populi,,Linnaeus,Fagaceae,Quercus,cerris,,Japan,on leaves,
75400,Nolidae,Pseudoips,fagana,,Fabricius,Fagaceae,Quercus,cerris,,Japan,on leaves,
75409,Nolidae,Pseudoips,sylpha,,Butler,Fagaceae,Quercus,cerris,,Japan,on leaves,
12296,Gelechiidae,Psoricoptera,triorthias,,Meyrick,Fagaceae,Quercus,cerris,,Japan,on leaves,
43236,Lycaenidae,Quercusia,fujisana,,Matsumura,Fagaceae,Quercus,cerris,,Japan,on leaves,Y
77565,Notodontidae,Rabtala,cristata,,Butler,Fagaceae,Quercus,cerris,,Japan,on leaves,
140337,Zygaenidae,Rhagades,pruni,,Denis & Schiff.,Fagaceae,Quercus,cerris,,Japan,on leaves,
116685,Saturniidae,Rhodinia,fugax,,Butler,Fagaceae,Quercus,cerris,,Japan,on leaves,
8525,Drepanidae,Sabra,harpagula,,Esper,Fagaceae,Quercus,cerris,,Japan,on leaves,
23790,Geometridae,Selenia,tetralunaria,,Hufnagel,Fagaceae,Quercus,cerris,,Japan,on leaves,
118568,Sesiidae,Sesia,rhynchioides,,Butler,Fagaceae,Quercus,cerris,,Japan,in branches/trunk,
43693,Lycaenidae,Shirozua,jonasi,,Janson,Fagaceae,Quercus,cerris,,Japan,on leaves,
137904,Tortricidae,Spatalistis,christophana,,Walsingham,Fagaceae,Quercus,cerris,,Japan,,
137906,Tortricidae,Spatalistis,christophana,,Walsingham,Fagaceae,Quercus,cerris,,Japan,on leaves,
71235,Noctuidae,Spodoptera,exigua,,Hübner,Fagaceae,Quercus,cerris,,Japan,on leaves,
119027,Sesiidae,Synanthedon,quercus,,Matsumura,Fagaceae,Quercus,cerris,,Japan,in branches/trunk,
119179,Sesiidae,Synanthedon,tenuis,,Butler,Fagaceae,Quercus,cerris,,Japan,in branches/trunk,
72694,Noctuidae,Sypnoides,fumosa,,Butler,Fagaceae,Quercus,cerris,,Japan,on leaves,
24470,Geometridae,Tanaorhinus,reciprocata,,Walker,Fagaceae,Quercus,cerris,,Japan,on leaves,
124285,Tischeriidae,Tischeria,decidua,,Wocke,Fagaceae,Quercus,cerris,,Japan,on leaves,
124388,Tischeriidae,Tischeria,quercifolia,,Kuroko,Fagaceae,Quercus,cerris,,Japan,on leaves,
138589,Tortricidae,Tortrix,sinapina,,Butler,Fagaceae,Quercus,cerris,,Japan,,
138592,Tortricidae,Tortrix,sinapina,,Butler,Fagaceae,Quercus,cerris,,Japan,on leaves,
24816,Geometridae,Trichopteryx,misera,,Butler,Fagaceae,Quercus,cerris,,Japan,on leaves,
24827,Geometridae,Trichopteryx,ustata,,Christoph,Fagaceae,Quercus,cerris,,Japan,on leaves,
73450,Noctuidae,Trisateles,emortualis,,Denis & Schiff.,Fagaceae,Quercus,cerris,,Japan,on leaves,
44571,Lycaenidae,Wagimo,signata,,Butler,Fagaceae,Quercus,cerris,,Japan,on buds/twigs,
44577,Lycaenidae,Wagimo,signata,,Butler,Fagaceae,Quercus,cerris,,Japan,on leaves,
24919,Geometridae,Wilemania,nitobei,,Nitobe,Fagaceae,Quercus,cerris,,Japan,,
24932,Geometridae,Wilemania,nitobei,,Nitobe,Fagaceae,Quercus,cerris,,Japan,on leaves,
73528,Noctuidae,Xanthia,icteritia,,Hufnagel,Fagaceae,Quercus,cerris,,Japan,on leaves,
74116,Noctuidae,Xylena,formosa,,Butler,Fagaceae,Quercus,cerris,,Japan,on leaves,
8133,Cossidae,Zeuzera,multistrigata,,Moore,Fagaceae,Quercus,cerris,,Japan,in branches/trunk,
25559,Gracillariidae,Acrocercops,mantica,,Meyrick,Fagaceae,Quercus,cuspidata,,Japan,on leaves,
111423,Saturniidae,Antheraea,yamamai,,Guérin-Méneville,Fagaceae,Quercus,cuspidata,,Japan,on leaves,
39234,Lycaenidae,Celastrina,argiolus,,Linnaeus,Fagaceae,Quercus,cuspidata,,Japan,on leaves,
15864,Geometridae,Descoreba,simplex,,Butler,Fagaceae,Quercus,cuspidata,,Japan,on leaves,
8421,Drepanidae,Macrauzata,maxima,,Inoue,Fagaceae,Quercus,cuspidata,,Japan,on leaves,
42555,Lycaenidae,Narathura,japonica,,Murray,Fagaceae,Quercus,cuspidata,,Japan,on leaves,
77410,Notodontidae,Phalerodonta,manleyi,,Leech,Fagaceae,Quercus,cuspidata,,Japan,on leaves,
116686,Saturniidae,Rhodinia,fugax,,Butler,Fagaceae,Quercus,cuspidata,,Japan,on leaves,
70438,Noctuidae,Simplicia,pseudoniphona,,Sugi,Fagaceae,Quercus,cuspidata,,Japan,on leaves,
50294,Nepticulidae,Stigmella,castanopsiella,,Kuroko,Fagaceae,Quercus,cuspidata,,Japan,on leaves,
119028,Sesiidae,Synanthedon,quercus,,Matsumura,Fagaceae,Quercus,cuspidata,,Japan,in branches/trunk,
119034,Sesiidae,Synanthedon,quercus,,Matsumura,Fagaceae,Quercus,cuspidata,,Japan,in trunks,
127883,Tortricidae,Archips,xylosteana,,Linnaeus,Fagaceae,Quercus,dentata,,Japan,,
130736,Tortricidae,Cydia,glandicolana,,Danilevsky & K.,Fagaceae,Quercus,dentata,,Japan,,
136120,Tortricidae,Parapammene,sp. A,,,Fagaceae,Quercus,dentata,,Japan,,
28627,Gracillariidae,Phyllonorycter,nigristella,,Kumata,Fagaceae,Quercus,dentata,,Japan,,
28635,Gracillariidae,Phyllonorycter,nipponicella,,Issiki,Fagaceae,Quercus,dentata,,Japan,,
38502,Lycaenidae,Arhopala,ganesa,,Moore,Fagaceae,Quercus,gilva,,Japan,in buds,
38515,Lycaenidae,Arhopala,japonica,,Murray,Fagaceae,Quercus,gilva,,Japan,,
39485,Lycaenidae,Chrysozephyrus,ataxus,,Westwood,Fagaceae,Quercus,gilva,,Japan,on leaves,
39538,Lycaenidae,Chrysozephyrus,hisamatsusanus,,Nagami & Ishiga,Fagaceae,Quercus,gilva,,Japan,on leaves,
5369,Choreutidae,Litobrenthia,japonica,,Issiki,Fagaceae,Quercus,gilva,,Japan,on leaves,
42556,Lycaenidae,Narathura,japonica,,Murray,Fagaceae,Quercus,gilva,,Japan,on leaves,
75323,Nolidae,Nycteola,dufayi,,Sugi,Fagaceae,Quercus,gilva,,Japan,on leaves,
67158,Noctuidae,Orthosia,mirabilis,,Sugi,Fagaceae,Quercus,gilva,,Japan,on leaves,Y
42662,Lycaenidae,Panchala,ganesa,,Moore,Fagaceae,Quercus,gilva,,Japan,on leaves,
92011,Pantheidae,Trisuloides,rotundipennis,,Sugi,Fagaceae,Quercus,gilva,,Japan,on leaves,
92013,Pantheidae,Trisuloides,sericea,,Butler,Fagaceae,Quercus,gilva,,Japan,on leaves,
74121,Noctuidae,Xylena,japonica,,Höne,Fagaceae,Quercus,gilva,,Japan,on leaves,Y
124459,Tortricidae,Acleris,affinatana,,Snellen,Fagaceae,Quercus,glauca,,Japan,on leaves,
125025,Tortricidae,Acleris,platynotana,,Walsingham,Fagaceae,Quercus,glauca,,Japan,on leaves,
25648,Gracillariidae,Acrocercops,querci,,Kumata & Kuroko,Fagaceae,Quercus,glauca,,Japan,,
25649,Gracillariidae,Acrocercops,querci,,Kumata & Kuroko,Fagaceae,Quercus,glauca,,Japan,on leaves,
25784,Gracillariidae,Acrocercops,unistriata,,Yuan,Fagaceae,Quercus,glauca,,Japan,,
25792,Gracillariidae,Acrocercops,unistriata,,Yuan,Fagaceae,Quercus,glauca,,Japan,on leaves,
25806,Gracillariidae,Acrocercops,vallata,,Kumata & Kuroko,Fagaceae,Quercus,glauca,,Japan,,
25809,Gracillariidae,Acrocercops,vallata,,Kumata & Kuroko,Fagaceae,Quercus,glauca,,Japan,on leaves,
37897,Lycaenidae,Acytolepis,puspa,,Horsfield,Fagaceae,Quercus,glauca,,Japan,on leaves,
13356,Geometridae,Alsophila,japonensis,,Warren,Fagaceae,Quercus,glauca,,Japan,,
13369,Geometridae,Alsophila,japonensis,,Warren,Fagaceae,Quercus,glauca,,Japan,on leaves,
111424,Saturniidae,Antheraea,yamamai,,Guérin-Méneville,Fagaceae,Quercus,glauca,,Japan,on leaves,
38297,Lycaenidae,Antigius,attilia,,Bremer,Fagaceae,Quercus,glauca,,Japan,on leaves,
38316,Lycaenidae,Antigius,butleri,,Fenton,Fagaceae,Quercus,glauca,,Japan,on leaves,Y
38416,Lycaenidae,Araragi,enthea,,Janson,Fagaceae,Quercus,glauca,,Japan,on leaves,Y
38517,Lycaenidae,Arhopala,japonica,,Murray,Fagaceae,Quercus,glauca,,Japan,,
14463,Geometridae,Biston,robustus,,Butler,Fagaceae,Quercus,glauca,,Japan,on leaves,
9959,Gelechiidae,Brachmia,japonicella,,Zeller,Fagaceae,Quercus,glauca,,Japan,on leaves,
56915,Noctuidae,Bryophilina,mollicula,,Graeser,Fagaceae,Quercus,glauca,,Japan,on leaves,
45097,Lymantriidae,Calliteara,nachiensis,,Marumo,Fagaceae,Quercus,glauca,,Japan,on leaves,
45142,Lymantriidae,Calliteara,taiwana,,Wileman,Fagaceae,Quercus,glauca,,Japan,on leaves,Y
26271,Gracillariidae,Caloptilia,querci,,Kumata,Fagaceae,Quercus,glauca,,Japan,,
26277,Gracillariidae,Caloptilia,querci,,Kumata,Fagaceae,Quercus,glauca,,Japan,on leaves,
57404,Noctuidae,Catocala,dula,,Bremer,Fagaceae,Quercus,glauca,,Japan,on leaves,
57412,Noctuidae,Catocala,duplicata,,Butler,Fagaceae,Quercus,glauca,,Japan,on leaves,
57495,Noctuidae,Catocala,hyperconnexa,,Sugi,Fagaceae,Quercus,glauca,,Japan,on leaves,
57518,Noctuidae,Catocala,intacta,,Leech,Fagaceae,Quercus,glauca,,Japan,on leaves,
57764,Noctuidae,Catocala,streckeri,,Staudinger,Fagaceae,Quercus,glauca,,Japan,on leaves,
39486,Lycaenidae,Chrysozephyrus,ataxus,,Westwood,Fagaceae,Quercus,glauca,,Japan,on leaves,
39507,Lycaenidae,Chrysozephyrus,aurorinus,,Oberthür,Fagaceae,Quercus,glauca,,Japan,on leaves,
39539,Lycaenidae,Chrysozephyrus,hisamatsusanus,,Nagami & Ishiga,Fagaceae,Quercus,glauca,,Japan,on leaves,
39579,Lycaenidae,Chrysozephyrus,smaragdinus,,Bremer,Fagaceae,Quercus,glauca,,Japan,on leaves,Y
74695,Nolidae,Clethrophora,distincta,,Leech,Fagaceae,Quercus,glauca,,Japan,on leaves,
15580,Geometridae,Comibaena,diluta,,Warren,Fagaceae,Quercus,glauca,,Japan,,
15581,Geometridae,Comibaena,diluta,,Warren,Fagaceae,Quercus,glauca,,Japan,on leaves,
58539,Noctuidae,Conistra,nawae,,Matsumura,Fagaceae,Quercus,glauca,,Japan,on leaves,
58641,Noctuidae,Cosmia,camptostigma,,Ménétriés,Fagaceae,Quercus,glauca,,Japan,on leaves,
132119,Tortricidae,Epinotia,bicolor,,Walsingham,Fagaceae,Quercus,glauca,,Japan,,
132122,Tortricidae,Epinotia,bicolor,,Walsingham,Fagaceae,Quercus,glauca,,Japan,on leaves,
8360,Drepanidae,Epipsestis,ornata,,Leech,Fagaceae,Quercus,glauca,,Japan,on leaves,
16931,Geometridae,Erannis,golda,,Butler,Fagaceae,Quercus,glauca,,Japan,,
16948,Geometridae,Erannis,golda,,Djakonov,Fagaceae,Quercus,glauca,,Japan,on leaves,
17111,Geometridae,Esakiopteryx,volitans,,Butler,Fagaceae,Quercus,glauca,,Japan,on leaves,
17112,Geometridae,Esakiopteryx,volitans,,Butler,Fagaceae,Quercus,glauca,,Japan,on leaves,Y
97898,Psychidae,Eumeta,japonica,,Heylaerts,Fagaceae,Quercus,glauca,,Japan,on leaves,
40564,Lycaenidae,Favonius,cognatus,,Staudinger,Fagaceae,Quercus,glauca,,Japan,on leaves,Y
40576,Lycaenidae,Favonius,jezoensis,,Matsumura,Fagaceae,Quercus,glauca,,Japan,on leaves,Y
40590,Lycaenidae,Favonius,latifasciatus,,Shirôzu & Hayas.,Fagaceae,Quercus,glauca,,Japan,on leaves,Y
40610,Lycaenidae,Favonius,orientalis,,Murray,Fagaceae,Quercus,glauca,,Japan,on leaves,
40628,Lycaenidae,Favonius,saphirinus,,Staudinger,Fagaceae,Quercus,glauca,,Japan,on leaves,Y
40640,Lycaenidae,Favonius,ultramarinus,,Fixsen,Fagaceae,Quercus,glauca,,Japan,on leaves,Y
76417,Notodontidae,Fentonia,ocypete,,Bremer,Fagaceae,Quercus,glauca,,Japan,on leaves,
18788,Geometridae,Geometra,valida,,Felder & Felder,Fagaceae,Quercus,glauca,,Japan,,
18793,Geometridae,Geometra,valida,,Felder & Rogenh.,Fagaceae,Quercus,glauca,,Japan,on leaves,
61446,Noctuidae,Goniocraspidum,pryeri,,Leech,Fagaceae,Quercus,glauca,,Japan,on leaves,
76588,Notodontidae,Harpyia,umbrosa,,Staudinger,Fagaceae,Quercus,glauca,,Japan,on leaves,
19025,Geometridae,Hemithea,aestivaria,,Hübner,Fagaceae,Quercus,glauca,,Japan,,
19050,Geometridae,Hemithea,aestivaria,,Hübner,Fagaceae,Quercus,glauca,,Japan,on leaves,
62767,Noctuidae,Hepatica,linealis,,Leech,Fagaceae,Quercus,glauca,,Japan,on leaves,
134340,Tortricidae,Homonopsis,illotana,,Kennel,Fagaceae,Quercus,glauca,,Japan,,
134345,Tortricidae,Homonopsis,illotana,,Kennel,Fagaceae,Quercus,glauca,,Japan,on leaves,
8410,Drepanidae,Horithyatira,kawamurae,,Matsumura,Fagaceae,Quercus,glauca,,Japan,on leaves,
63329,Noctuidae,Hypersypnoides,submarginata,,Walker,Fagaceae,Quercus,glauca,,Japan,on leaves,Y
134376,Tortricidae,Hystrichoscelus,spathanum,,Walsingham,Fagaceae,Quercus,glauca,,Japan,,
134378,Tortricidae,Hystrichoscelus,spathanum,,Walsingham,Fagaceae,Quercus,glauca,,Japan,on leaves,
19847,Geometridae,Idaea,biselata,,Hufnagel,Fagaceae,Quercus,glauca,,Japan,on leaves,
19957,Geometridae,Inurois,punctigera,,Prout,Fagaceae,Quercus,glauca,,Japan,,
19965,Geometridae,Inurois,punctigera,,Prout,Fagaceae,Quercus,glauca,,Japan,on leaves,
41635,Lycaenidae,Japonica,lutea,,Hewitson,Fagaceae,Quercus,glauca,,Japan,on leaves,
20261,Geometridae,Jodis,urosticta,,Prout,Fagaceae,Quercus,glauca,,Japan,,
20266,Geometridae,Jodis,urosticta,,Prout,Fagaceae,Quercus,glauca,,Japan,on leaves,
64891,Noctuidae,Lophomilia,takao,,Sugi,Fagaceae,Quercus,glauca,,Japan,on leaves,
46870,Lymantriidae,Lymantria,dispar,,Linnaeus,Fagaceae,Quercus,glauca,,Japan,on leaves,
8422,Drepanidae,Macrauzata,maxima,,Inoue,Fagaceae,Quercus,glauca,,Japan,on leaves,
90844,Oecophoridae,Macrobathra,quercea,,Moriuti,Fagaceae,Quercus,glauca,,Japan,on leaves,
8427,Drepanidae,Macrocilix,maia,,Leech,Fagaceae,Quercus,glauca,,Japan,on leaves,
8430,Drepanidae,Macrocilix,mysticata,,Walker,Fagaceae,Quercus,glauca,,Japan,on leaves,
121783,Sphingidae,Marumba,sperchius,,Ménétriés,Fagaceae,Quercus,glauca,,Japan,on leaves,
20822,Geometridae,Medasina,nikkonis,,Butler,Fagaceae,Quercus,glauca,,Japan,on leaves,Y
20837,Geometridae,Megabiston,plumosaria,,Leech,Fagaceae,Quercus,glauca,,Japan,,
20841,Geometridae,Megabiston,plumosaria,,Leech,Fagaceae,Quercus,glauca,,Japan,on leaves,
21177,Geometridae,Mixochlora,vittata,,Moore,Fagaceae,Quercus,glauca,,Japan,,
21184,Geometridae,Mixochlora,vittata,,Moore,Fagaceae,Quercus,glauca,,Japan,on leaves,
42549,Lycaenidae,Narathura,bazalus,,Hewitson,Fagaceae,Quercus,glauca,,Japan,on leaves,Y
42557,Lycaenidae,Narathura,japonica,,Murray,Fagaceae,Quercus,glauca,,Japan,on leaves,
66384,Noctuidae,Neustrotia,albicincta,,Hampson,Fagaceae,Quercus,glauca,,Japan,on leaves,
21572,Geometridae,Nothomiza,aureolaria,,Inoue,Fagaceae,Quercus,glauca,,Japan,on leaves,
75310,Nolidae,Nycteola,costalis,,Sugi,Fagaceae,Quercus,glauca,,Japan,on leaves,
75324,Nolidae,Nycteola,dufayi,,Sugi,Fagaceae,Quercus,glauca,,Japan,on leaves,
90994,Oecophoridae,Odites,lividula,,Meyrick,Fagaceae,Quercus,glauca,,Japan,on leaves,
21820,Geometridae,Operophtera,brumata,,Linnaeus,Fagaceae,Quercus,glauca,,Japan,on leaves,
21865,Geometridae,Operophtera,relegata,,Prout,Fagaceae,Quercus,glauca,,Japan,on leaves,
107265,Pyralidae,Orthaga,achatina,,Butler,Fagaceae,Quercus,glauca,,Japan,on leaves,
67159,Noctuidae,Orthosia,mirabilis,,Sugi,Fagaceae,Quercus,glauca,,Japan,on leaves,Y
42663,Lycaenidae,Panchala,ganesa,,Moore,Fagaceae,Quercus,glauca,,Japan,on leaves,
136123,Tortricidae,Parapammene,sp. D,,,Fagaceae,Quercus,glauca,,Japan,,
136253,Tortricidae,Phaecadophora,fimbriata,,Walsingham,Fagaceae,Quercus,glauca,,Japan,on leaves,
77378,Notodontidae,Phalera,minor,,Nagano,Fagaceae,Quercus,glauca,,Japan,on leaves,
77411,Notodontidae,Phalerodonta,manleyi,,Leech,Fagaceae,Quercus,glauca,,Japan,on leaves,
34997,Lasiocampidae,Poecilocampa,populi,,Linnaeus,Fagaceae,Quercus,glauca,,Japan,on leaves,Y
43237,Lycaenidae,Quercusia,fujisana,,Matsumura,Fagaceae,Quercus,glauca,,Japan,on leaves,Y
77566,Notodontidae,Rabtala,cristata,,Butler,Fagaceae,Quercus,glauca,,Japan,on leaves,
123281,Thyrididae,Rhodoneura,hyphaema,,West,Fagaceae,Quercus,glauca,,Japan,on leaves,
123288,Thyrididae,Rhodoneura,vittula,,Guenée,Fagaceae,Quercus,glauca,,Japan,on leaves,
69723,Noctuidae,Rhynchaglaea,fuscipennis,,Sugi,Fagaceae,Quercus,glauca,,Japan,on leaves,
23791,Geometridae,Selenia,tetralunaria,,Hufnagel,Fagaceae,Quercus,glauca,,Japan,on leaves,
75571,Nolidae,Siglophora,ferreilutea,,Hampson,Fagaceae,Quercus,glauca,,Japan,on leaves,
138257,Tortricidae,Strophedra,sp. A,,,Fagaceae,Quercus,glauca,,Japan,on leaves,
109469,Pyralidae,Sybrida,approximans,,Leech,Fagaceae,Quercus,glauca,,Japan,on leaves,
119029,Sesiidae,Synanthedon,quercus,,Matsumura,Fagaceae,Quercus,glauca,,Japan,in branches/trunk,
119035,Sesiidae,Synanthedon,quercus,,Matsumura,Fagaceae,Quercus,glauca,,Japan,in trunks,
119176,Sesiidae,Synanthedon,tenue,,Butler,Fagaceae,Quercus,glauca,,Japan,in trunks,
72702,Noctuidae,Sypnoides,picta,,Butler,Fagaceae,Quercus,glauca,,Japan,on leaves,
139799,Yponomeutidae,Thecobathra,anas,,Stringer,Fagaceae,Quercus,glauca,,Japan,,
24798,Geometridae,Trichopterigia,costipunctaria,,Leech,Fagaceae,Quercus,glauca,,Japan,on leaves,Y
24801,Geometridae,Trichopterygia,costipunctaria,,Leech,Fagaceae,Quercus,glauca,,Japan,on leaves,Y
24812,Geometridae,Trichopteryx,hemana,,Butler,Fagaceae,Quercus,glauca,,Japan,on leaves,
24825,Geometridae,Trichopteryx,terranea,,Butler,Fagaceae,Quercus,glauca,,Japan,on leaves,Y
8573,Drepanidae,Tridrepana,crocea,,Leech,Fagaceae,Quercus,glauca,,Japan,on leaves,
44578,Lycaenidae,Wagimo,signata,,Butler,Fagaceae,Quercus,glauca,,Japan,on leaves,Y
24920,Geometridae,Wilemania,nitobei,,Nitobe,Fagaceae,Quercus,glauca,,Japan,,
24933,Geometridae,Wilemania,nitobei,,Nitobe,Fagaceae,Quercus,glauca,,Japan,on leaves,
74122,Noctuidae,Xylena,japonica,,Höne,Fagaceae,Quercus,glauca,,Japan,on leaves,Y
111415,Saturniidae,Antheraea,yamamai,,Guérin-Méneville,Fagaceae,Quercus,kelloggii,,Japan (prov),,Y
38519,Lycaenidae,Arhopala,japonica,,Murray,Fagaceae,Quercus,miyagii,,Japan,,
13065,Geometridae,Abraxas,grossulariata,,Linnaeus,Fagaceae,Quercus,mongolica,,Japan,on leaves,
124588,Tortricidae,Acleris,conchyloides,,Walsingham,Fagaceae,Quercus,mongolica,,Japan,,
124589,Tortricidae,Acleris,conchyloides,,Walsingham,Fagaceae,Quercus,mongolica,,Japan,on leaves,
125005,Tortricidae,Acleris,perfundana,,Kuznetsov,Fagaceae,Quercus,mongolica,,Japan,on leaves,
89649,Oecophoridae,Acria,emarginella,,Donovan,Fagaceae,Quercus,mongolica,,Japan,on leaves,
13114,Geometridae,Acrodontis,kotshubeji,,Sheljuzhko,Fagaceae,Quercus,mongolica,,Japan,on leaves,
13124,Geometridae,Acrodontis,sp. A,,,Fagaceae,Quercus,mongolica,grosseserrata,Japan,,
110645,Saturniidae,Aglia,tau,,Linnaeus,Fagaceae,Quercus,mongolica,,Japan,on leaves,
8255,Drepanidae,Agnidra,scabiosa,,Butler,Fagaceae,Quercus,mongolica,,Japan,on leaves,
13232,Geometridae,Agriopis,dira,,Butler,Fagaceae,Quercus,mongolica,,Japan,on leaves,
13239,Geometridae,Agriopis,leucophaearia,,Denis & Schiff.,Fagaceae,Quercus,mongolica,grosseserrata,Japan,,
13270,Geometridae,Alcis,angulifera,,Butler,Fagaceae,Quercus,mongolica,grosseserrata,Japan,,
13279,Geometridae,Alcis,angulifera,,Butler,Fagaceae,Quercus,mongolica,,Japan,on leaves,
13292,Geometridae,Alcis,picata,,Butler,Fagaceae,Quercus,mongolica,,Japan,on leaves,Y
13357,Geometridae,Alsophila,japonensis,,Warren,Fagaceae,Quercus,mongolica,grosseserrata,Japan,,
13370,Geometridae,Alsophila,japonensis,,Warren,Fagaceae,Quercus,mongolica,,Japan,on leaves,
9497,Gelechiidae,Anacampsis,mongolicae,,Park,Fagaceae,Quercus,mongolica,,Japan,on leaves,
100668,Pyralidae,Anartula,melanophia,,Staudinger,Fagaceae,Quercus,mongolica,,Japan,on leaves,
126263,Tortricidae,Andrioplecta,pulverula,,Meyrick,Fagaceae,Quercus,mongolica,,Japan,on leaves,
111074,Saturniidae,Antheraea,pernyi,,Guérin-Méneville,Fagaceae,Quercus,mongolica,,Japan,on leaves,Y
111425,Saturniidae,Antheraea,yamamai,,Guérin-Méneville,Fagaceae,Quercus,mongolica,,Japan,on leaves,
38284,Lycaenidae,Antigius,attilia,,Bremer,Fagaceae,Quercus,mongolica,,Japan,,
38290,Lycaenidae,Antigius,attilia,,Bremer,Fagaceae,Quercus,mongolica,,Japan,on buds/leaves,
38298,Lycaenidae,Antigius,attilia,,Bremer,Fagaceae,Quercus,mongolica,,Japan,on leaves,
38307,Lycaenidae,Antigius,butleri,,Fenton,Fagaceae,Quercus,mongolica,,Japan,,
38312,Lycaenidae,Antigius,butleri,,Fenton,Fagaceae,Quercus,mongolica,,Japan,on buds/leaves,
38317,Lycaenidae,Antigius,butleri,,Fenton,Fagaceae,Quercus,mongolica,,Japan,on leaves,
126836,Tortricidae,Archips,breviplicanus,,Walsingham,Fagaceae,Quercus,mongolica,,Japan,,
126842,Tortricidae,Archips,breviplicanus,,Walsingham,Fagaceae,Quercus,mongolica,,Japan,on leaves,
127042,Tortricidae,Archips,fuscocupreanus,,Walsingham,Fagaceae,Quercus,mongolica,,Japan,,
127061,Tortricidae,Archips,fuscocupreanus,,Walsingham,Fagaceae,Quercus,mongolica,,Japan,on leaves,
38520,Lycaenidae,Arhopala,japonica,,Murray,Fagaceae,Quercus,mongolica,,Japan,,
14171,Geometridae,Asthena,nymphaeata,,Staudinger,Fagaceae,Quercus,mongolica,,Japan,on leaves,
14427,Geometridae,Biston,regalis,,Moore,Fagaceae,Quercus,mongolica,,Japan,on leaves,Y
14450,Geometridae,Biston,robustus,,Butler,Fagaceae,Quercus,mongolica,grosseserrata,Japan,,
14464,Geometridae,Biston,robustus,,Butler,Fagaceae,Quercus,mongolica,,Japan,on leaves,
56803,Noctuidae,Brachionycha,nubeculosa,,Esper,Fagaceae,Quercus,mongolica,,Japan,on leaves,
112718,Saturniidae,Caligula,jonasii,,Butler,Fagaceae,Quercus,mongolica,,Japan,on leaves,
45095,Lymantriidae,Calliteara,lunulata,,Butler,Fagaceae,Quercus,mongolica,,Japan,on leaves,
26171,Gracillariidae,Caloptilia,mongolicae,,Kumata,Fagaceae,Quercus,mongolica,,Japan,,
26172,Gracillariidae,Caloptilia,mongolicae,,Kumata,Fagaceae,Quercus,mongolica,grosseserrata,Japan,,
26272,Gracillariidae,Caloptilia,querci,,Kumata,Fagaceae,Quercus,mongolica,,Japan,,
26273,Gracillariidae,Caloptilia,querci,,Kumata,Fagaceae,Quercus,mongolica,grosseserrata,Japan,,
26278,Gracillariidae,Caloptilia,querci,,Kumata,Fagaceae,Quercus,mongolica,,Japan,on leaves,
26329,Gracillariidae,Caloptilia,sapporella,,Matsumura,Fagaceae,Quercus,mongolica,,Japan,,
26330,Gracillariidae,Caloptilia,sapporella,,Matsumura,Fagaceae,Quercus,mongolica,grosseserrata,Japan,,
26336,Gracillariidae,Caloptilia,sapporella,,Matsumura,Fagaceae,Quercus,mongolica,,Japan,on leaves,
57238,Noctuidae,Catocala,actaea,,Felder & Rogenh.,Fagaceae,Quercus,mongolica,,Japan,on leaves,
57399,Noctuidae,Catocala,dissimilis,,Bremer,Fagaceae,Quercus,mongolica,,Japan,on leaves,
57405,Noctuidae,Catocala,dula,,Bremer,Fagaceae,Quercus,mongolica,,Japan,on leaves,
57413,Noctuidae,Catocala,duplicata,,Butler,Fagaceae,Quercus,mongolica,,Japan,on leaves,
57496,Noctuidae,Catocala,hyperconnexa,,Sugi,Fagaceae,Quercus,mongolica,,Japan,on leaves,
57691,Noctuidae,Catocala,praegnax,,Walker,Fagaceae,Quercus,mongolica,,Japan,on leaves,
57765,Noctuidae,Catocala,streckeri,,Staudinger,Fagaceae,Quercus,mongolica,,Japan,on leaves,
129102,Tortricidae,Choristoneura,longicellana,,Walsingham,Fagaceae,Quercus,mongolica,,Japan,,
129109,Tortricidae,Choristoneura,longicellana,,Walsingham,Fagaceae,Quercus,mongolica,,Japan,on leaves,
39487,Lycaenidae,Chrysozephyrus,ataxus,,Westwood,Fagaceae,Quercus,mongolica,,Japan,on leaves,
39498,Lycaenidae,Chrysozephyrus,aurorina,,Oberthür,Fagaceae,Quercus,mongolica,,Japan,on buds,
39508,Lycaenidae,Chrysozephyrus,aurorinus,,Oberthür,Fagaceae,Quercus,mongolica,,Japan,on leaves,
39540,Lycaenidae,Chrysozephyrus,hisamatsusanus,,Nagami & Ishiga,Fagaceae,Quercus,mongolica,,Japan,on leaves,
39580,Lycaenidae,Chrysozephyrus,smaragdinus,,Bremer,Fagaceae,Quercus,mongolica,,Japan,on leaves,Y
15345,Geometridae,Cleora,insolita,,Butler,Fagaceae,Quercus,mongolica,,Japan,on leaves,Y
15352,Geometridae,Cleora,leucophaea,,Butler,Fagaceae,Quercus,mongolica,,Japan,on leaves,Y
76010,Notodontidae,Cnethodonta,grisescens,,Staudinger,Fagaceae,Quercus,mongolica,,Japan,on leaves,Y
5678,Coleophoridae,Coleophora,currucipennella,,Zeller,Fagaceae,Quercus,mongolica,,Japan,on leaves,
5901,Coleophoridae,Coleophora,levantis,,Oku,Fagaceae,Quercus,mongolica,,Japan,on leaves,
5966,Coleophoridae,Coleophora,melanograpta,,Meyrick,Fagaceae,Quercus,mongolica,,Japan,on leaves,
6130,Coleophoridae,Coleophora,quercicola,,Baldizzone & Oku,Fagaceae,Quercus,mongolica,,Japan,on leaves,
91862,Pantheidae,Colocasia,jezoensis,,Matsumura,Fagaceae,Quercus,mongolica,,Japan,on leaves,
15548,Geometridae,Comibaena,amoenaria,,Oberthür,Fagaceae,Quercus,mongolica,,Japan,on leaves,Y
58514,Noctuidae,Conistra,albipuncta,,Leech,Fagaceae,Quercus,mongolica,,Japan,on leaves,Y
58527,Noctuidae,Conistra,fletcheri,,Sugi,Fagaceae,Quercus,mongolica,,Japan,on leaves,
58530,Noctuidae,Conistra,grisescens,,Draudt,Fagaceae,Quercus,mongolica,,Japan,on leaves,Y
58540,Noctuidae,Conistra,nawae,,Matsumura,Fagaceae,Quercus,mongolica,,Japan,on leaves,Y
15680,Geometridae,Cryptochorina,amphidasyaria,,Oberthür,Fagaceae,Quercus,mongolica,grosseserrata,Japan,,
15685,Geometridae,Cryptochorina,amphidasyaria,,Oberthür,Fagaceae,Quercus,mongolica,,Japan,on leaves,
27070,Gracillariidae,Cryptolectica,chrysalis,,Kumata & Ermol.,Fagaceae,Quercus,mongolica,,Japan,,
27072,Gracillariidae,Cryptolectica,chrysalis,,Kumata & Ermol.,Fagaceae,Quercus,mongolica,grosseserrata,Japan,,
27074,Gracillariidae,Cryptolectica,chrysalis,,Kumata & Ermol.,Fagaceae,Quercus,mongolica,,Japan,on leaves,
15688,Geometridae,Culcula,panterinaria,,Bremer & Grey,Fagaceae,Quercus,mongolica,,Japan,on leaves,Y
102621,Pyralidae,Datanoides,fasciatus,,Butler,Fagaceae,Quercus,mongolica,,Japan,on leaves,
15843,Geometridae,Deileptenia,ribeata,,Clerck,Fagaceae,Quercus,mongolica,,Japan,on leaves,
8278,Drepanidae,Demopsestis,punctigera,,Butler,Fagaceae,Quercus,mongolica,,Japan,on leaves,
90404,Oecophoridae,Depressaria,irregularis,,Matsumura,Fagaceae,Quercus,mongolica,,Japan,on leaves,
10768,Gelechiidae,Dichomeris,leptosaris,,Meyrick,Fagaceae,Quercus,mongolica,,Japan,,
10769,Gelechiidae,Dichomeris,leptosaris,,Meyrick,Fagaceae,Quercus,mongolica,grosseserrata,Japan,,
15913,Geometridae,Diplurodes,parvularia,,Leech,Fagaceae,Quercus,mongolica,,Japan,on leaves,Y
76321,Notodontidae,Drymonia,dodonides,,Staudinger,Fagaceae,Quercus,mongolica,,Japan,,
76324,Notodontidae,Drymonia,dodonides,,Staudinger,Fagaceae,Quercus,mongolica,,Japan,on leaves,
76327,Notodontidae,Drymonia,japonica,,Wileman,Fagaceae,Quercus,mongolica,,Japan,on leaves,
16370,Geometridae,Ectropis,obliqua,,Prout,Fagaceae,Quercus,mongolica,,Japan,on leaves,Y
16453,Geometridae,Ennomos,autumnaria,,Werneburg,Fagaceae,Quercus,mongolica,grosseserrata,Japan,,
16460,Geometridae,Ennomos,autumnaria,,Werneburg,Fagaceae,Quercus,mongolica,,Japan,on leaves,
8361,Drepanidae,Epipsestis,ornata,,Leech,Fagaceae,Quercus,mongolica,,Japan,on leaves,
16854,Geometridae,Epirrita,viridipurpurescens,,Prout,Fagaceae,Quercus,mongolica,,Japan,on leaves,
16932,Geometridae,Erannis,golda,,Butler,Fagaceae,Quercus,mongolica,grosseserrata,Japan,,
16949,Geometridae,Erannis,golda,,Djakonov,Fagaceae,Quercus,mongolica,,Japan,on leaves,
31002,Hesperiidae,Erynnis,montanus,,Bremer,Fagaceae,Quercus,mongolica,,Japan,on leaves,
17113,Geometridae,Esakiopteryx,volitans,,Butler,Fagaceae,Quercus,mongolica,,Japan,on leaves,Y
18204,Geometridae,Eupithecia,proterva,,Butler,Fagaceae,Quercus,mongolica,,Japan,on leaves,
40565,Lycaenidae,Favonius,cognatus,,Staudinger,Fagaceae,Quercus,mongolica,,Japan,on leaves,
40571,Lycaenidae,Favonius,jezoensis,,Matsumura,Fagaceae,Quercus,mongolica,,Japan,on buds,
40577,Lycaenidae,Favonius,jezoensis,,Matsumura,Fagaceae,Quercus,mongolica,,Japan,on leaves,
40591,Lycaenidae,Favonius,latifasciatus,,Shirôzu & Hayas.,Fagaceae,Quercus,mongolica,,Japan,on leaves,Y
40611,Lycaenidae,Favonius,orientalis,,Murray,Fagaceae,Quercus,mongolica,,Japan,on leaves,
40629,Lycaenidae,Favonius,saphirinus,,Staudinger,Fagaceae,Quercus,mongolica,,Japan,on leaves,
40641,Lycaenidae,Favonius,ultramarinus,,Fixsen,Fagaceae,Quercus,mongolica,,Japan,on leaves,Y
76418,Notodontidae,Fentonia,ocypete,,Bremer,Fagaceae,Quercus,mongolica,,Japan,on leaves,
18751,Geometridae,Geometra,dieckmanni,,Graeser,Fagaceae,Quercus,mongolica,grosseserrata,Japan,,
18756,Geometridae,Geometra,dieckmanni,,Graeser,Fagaceae,Quercus,mongolica,,Japan,on leaves,
61432,Noctuidae,Gerbathodes,lichenodes,,Graeser,Fagaceae,Quercus,mongolica,,Japan,on leaves,
76589,Notodontidae,Harpyia,umbrosa,,Staudinger,Fagaceae,Quercus,mongolica,,Japan,on leaves,
133899,Tortricidae,Hedya,inornata,,Walsingham,Fagaceae,Quercus,mongolica,,Japan,on leaves,
19097,Geometridae,Hesperumia,babai,,Sato,Fagaceae,Quercus,mongolica,,Japan,on leaves,Y
19183,Geometridae,Hirasa,paupera,,Butler,Fagaceae,Quercus,mongolica,,Japan,on leaves,Y
63099,Noctuidae,Hylonycta,catocaloida,,Graeser,Fagaceae,Quercus,mongolica,,Japan,on leaves,
19517,Geometridae,Hypomecis,akiba,,Inoue,Fagaceae,Quercus,mongolica,,Japan,on leaves,
19540,Geometridae,Hypomecis,kuriligena,,Bryk,Fagaceae,Quercus,mongolica,,Japan,on leaves,Y
19545,Geometridae,Hypomecis,lunifera,,Butler,Fagaceae,Quercus,mongolica,,Japan,on leaves,
19564,Geometridae,Hypomecis,punctinalis,,Scopoli,Fagaceae,Quercus,mongolica,grosseserrata,Japan,,
19577,Geometridae,Hypomecis,punctinalis,,Scopoli,Fagaceae,Quercus,mongolica,,Japan,on leaves,
19594,Geometridae,Hypomecis,roboraria,,Denis & Schiff.,Fagaceae,Quercus,mongolica,,Japan,on leaves,Y
19913,Geometridae,Idiotephria,amelia,,Butler,Fagaceae,Quercus,mongolica,,Japan,on leaves,
19958,Geometridae,Inurois,punctigera,,Prout,Fagaceae,Quercus,mongolica,grosseserrata,Japan,,
19966,Geometridae,Inurois,punctigera,,Prout,Fagaceae,Quercus,mongolica,,Japan,on leaves,
41486,Lycaenidae,Iratsume,orsedice,,Butler,Fagaceae,Quercus,mongolica,,Japan,on leaves,
41629,Lycaenidae,Japonica,lutea,,Hewitson,Fagaceae,Quercus,mongolica,,Japan,on buds,
41636,Lycaenidae,Japonica,lutea,,Hewitson,Fagaceae,Quercus,mongolica,,Japan,on leaves,
41659,Lycaenidae,Japonica,saepestriata,,Hewitson,Fagaceae,Quercus,mongolica,,Japan,on leaves,
63580,Noctuidae,Jocheaera,alni,,Linnaeus,Fagaceae,Quercus,mongolica,,Japan,on leaves,
20223,Geometridae,Jodis,lactearia,,Linnaeus,Fagaceae,Quercus,mongolica,grosseserrata,Japan,,
20236,Geometridae,Jodis,lactearia,,Linnaeus,Fagaceae,Quercus,mongolica,,Japan,on leaves,
8416,Drepanidae,Kurama,mirabilis,,Butler,Fagaceae,Quercus,mongolica,,Japan,on leaves,
20453,Geometridae,Larerannis,filipjevi,,Wehrli,Fagaceae,Quercus,mongolica,grosseserrata,Japan,,
20456,Geometridae,Larerannis,filipjevi,,Wehrli,Fagaceae,Quercus,mongolica,,Japan,on leaves,
64851,Noctuidae,Lithophane,ustulata,,Butler,Fagaceae,Quercus,mongolica,,Japan,on leaves,
64855,Noctuidae,Lithophane,venusta,,Leech,Fagaceae,Quercus,mongolica,,Japan,on leaves,
20580,Geometridae,Lomographa,simplicior,,Butler,Fagaceae,Quercus,mongolica,grosseserrata,Japan,,
20583,Geometridae,Lomographa,simplicior,,Butler,Fagaceae,Quercus,mongolica,,Japan,on leaves,
64886,Noctuidae,Lophomilia,flaviplaga,,Warren,Fagaceae,Quercus,mongolica,,Japan,on leaves,
20668,Geometridae,Lycia,hirtaria,,Clerck,Fagaceae,Quercus,mongolica,grosseserrata,Japan,,
20697,Geometridae,Lycia,hirtaria,,Clerck,Fagaceae,Quercus,mongolica,,Japan,on leaves,
46871,Lymantriidae,Lymantria,dispar,,Linnaeus,Fagaceae,Quercus,mongolica,,Japan,on leaves,
8431,Drepanidae,Macrocilix,mysticata,,Walker,Fagaceae,Quercus,mongolica,,Japan,on leaves,
34553,Lasiocampidae,Malacosoma,neustria,,Linnaeus,Fagaceae,Quercus,mongolica,,Japan,on leaves,
20820,Geometridae,Medasina,nikkonis,,Butler,Fagaceae,Quercus,mongolica,grosseserrata,Japan,,
20823,Geometridae,Medasina,nikkonis,,Butler,Fagaceae,Quercus,mongolica,,Japan,on leaves,
21003,Geometridae,Menophra,harutai,,Inoue,Fagaceae,Quercus,mongolica,grosseserrata,Japan,,
21004,Geometridae,Menophra,harutai,,Inoue,Fagaceae,Quercus,mongolica,,Japan,on leaves,
66020,Noctuidae,Moma,alpium,,Osbeck,Fagaceae,Quercus,mongolica,,Japan,on leaves,
21193,Geometridae,Myrioblephara,cilicornaria,,Püngeler,Fagaceae,Quercus,mongolica,,Japan,on leaves,Y
42558,Lycaenidae,Narathura,japonica,,Murray,Fagaceae,Quercus,mongolica,,Japan,on leaves,
42596,Lycaenidae,Neozephyrus,taxila,,Bremer,Fagaceae,Quercus,mongolica,,Japan,on buds,
8447,Drepanidae,Nordstromia,grisearia,,Staudinger,Fagaceae,Quercus,mongolica,,Japan,on leaves,
75311,Nolidae,Nycteola,costalis,,Sugi,Fagaceae,Quercus,mongolica,,Japan,on leaves,
75325,Nolidae,Nycteola,dufayi,,Sugi,Fagaceae,Quercus,mongolica,,Japan,on leaves,
90995,Oecophoridae,Odites,lividula,,Meyrick,Fagaceae,Quercus,mongolica,,Japan,on leaves,
21617,Geometridae,Odontopera,aurata,,Prout,Fagaceae,Quercus,mongolica,,Japan,on leaves,Y
66878,Noctuidae,Orthosia,angustipennis,,Matsumura,Fagaceae,Quercus,mongolica,,Japan,on leaves,
67178,Noctuidae,Orthosia,odiosa,,Butler,Fagaceae,Quercus,mongolica,,Japan,on leaves,
67218,Noctuidae,Orthosia,paromoea,,Hampson,Fagaceae,Quercus,mongolica,,Japan,on leaves,
21976,Geometridae,Ourapteryx,obtusicauda,,Warren,Fagaceae,Quercus,mongolica,grosseserrata,Japan,,
21984,Geometridae,Ourapteryx,obtusicauda,,Warren,Fagaceae,Quercus,mongolica,,Japan,on leaves,
22034,Geometridae,Pachyerannis,obliquaria,,Motschulsky,Fagaceae,Quercus,mongolica,grosseserrata,Japan,,
22039,Geometridae,Pachyerannis,obliquaria,,Motschulsky,Fagaceae,Quercus,mongolica,,Japan,on leaves,
22058,Geometridae,Pachyligia,dolosa,,Butler,Fagaceae,Quercus,mongolica,,Japan,on leaves,
22155,Geometridae,Parabapta,clarissa,,Butler,Fagaceae,Quercus,mongolica,grosseserrata,Japan,,
22158,Geometridae,Parabapta,clarissa,,Butler,Fagaceae,Quercus,mongolica,,Japan,on leaves,
67982,Noctuidae,Paracolax,fascialis,,Leech,Fagaceae,Quercus,mongolica,,Japan,on leaves,
22168,Geometridae,Paradarisa,consonaria,,Hübner,Fagaceae,Quercus,mongolica,,Japan,on leaves,Y
22200,Geometridae,Parectropis,extersaria,,Hübner,Fagaceae,Quercus,mongolica,,Japan,on leaves,
77276,Notodontidae,Peridea,gigantea,,Butler,Fagaceae,Quercus,mongolica,,Japan,on leaves,
77280,Notodontidae,Peridea,lativitta,,Wileman,Fagaceae,Quercus,mongolica,,Japan,,
77282,Notodontidae,Peridea,lativitta,,Wileman,Fagaceae,Quercus,mongolica,,Japan,on leaves,
77300,Notodontidae,Phalera,assimilis,,Bremer & Grey,Fagaceae,Quercus,mongolica,,Japan,on leaves,
77412,Notodontidae,Phalerodonta,manleyi,,Leech,Fagaceae,Quercus,mongolica,,Japan,on leaves,
22656,Geometridae,Phthonosema,tendinosaria,,Bremer,Fagaceae,Quercus,mongolica,,Japan,on leaves,
27960,Gracillariidae,Phyllonorycter,acutissimae,,Kumata,Fagaceae,Quercus,mongolica,,Japan,,
27965,Gracillariidae,Phyllonorycter,acutissimae,,Kumata,Fagaceae,Quercus,mongolica,,Japan,on leaves,
28221,Gracillariidae,Phyllonorycter,cretata,,Kumata,Fagaceae,Quercus,mongolica,,Japan,,
28223,Gracillariidae,Phyllonorycter,cretata,,Kumata,Fagaceae,Quercus,mongolica,,Japan,on leaves,
28545,Gracillariidae,Phyllonorycter,matsudai,,Kumata,Fagaceae,Quercus,mongolica,,Japan,,
28546,Gracillariidae,Phyllonorycter,matsudai,,Kumata,Fagaceae,Quercus,mongolica,,Japan,on leaves,
28594,Gracillariidae,Phyllonorycter,mongolicae,,Kumata,Fagaceae,Quercus,mongolica,,Japan,,
28596,Gracillariidae,Phyllonorycter,mongolicae,,Kumata,Fagaceae,Quercus,mongolica,,Japan,on leaves,
28636,Gracillariidae,Phyllonorycter,nipponicella,,Issiki,Fagaceae,Quercus,mongolica,,Japan,,
28640,Gracillariidae,Phyllonorycter,nipponicella,,Issiki,Fagaceae,Quercus,mongolica,,Japan,on leaves,
28728,Gracillariidae,Phyllonorycter,pseudolautella,,Kumata,Fagaceae,Quercus,mongolica,,Japan,,
28730,Gracillariidae,Phyllonorycter,pseudolautella,,Kumata,Fagaceae,Quercus,mongolica,,Japan,on leaves,
28738,Gracillariidae,Phyllonorycter,pygmaea,,Kumata,Fagaceae,Quercus,mongolica,,Japan,,
28742,Gracillariidae,Phyllonorycter,pygmaea,,Kumata,Fagaceae,Quercus,mongolica,,Japan,on leaves,
28809,Gracillariidae,Phyllonorycter,rostrispinosa,,Kumata,Fagaceae,Quercus,mongolica,,Japan,on leaves,
28877,Gracillariidae,Phyllonorycter,similis,,Kumata,Fagaceae,Quercus,mongolica,,Japan,,
28882,Gracillariidae,Phyllonorycter,similis,,Kumata,Fagaceae,Quercus,mongolica,,Japan,on leaves,
22764,Geometridae,Plagodis,dolabraria,,Linnaeus,Fagaceae,Quercus,mongolica,,Japan,on leaves,
34998,Lasiocampidae,Poecilocampa,populi,,Linnaeus,Fagaceae,Quercus,mongolica,,Japan,on leaves,
22934,Geometridae,Polymixinia,appositaria,,Leech,Fagaceae,Quercus,mongolica,,Japan,on leaves,Y
23077,Geometridae,Protalcis,concinnata,,Wileman,Fagaceae,Quercus,mongolica,,Japan,on leaves,Y
23201,Geometridae,Pseuderannis,lomozemia,,Prout,Fagaceae,Quercus,mongolica,,Japan,on leaves,Y
75401,Nolidae,Pseudoips,fagana,,Fabricius,Fagaceae,Quercus,mongolica,,Japan,on leaves,
77525,Notodontidae,Ptilodon,jezoensis,,Matsumura,Fagaceae,Quercus,mongolica,,Japan,,
77529,Notodontidae,Ptilodon,jezoensis,,Matsumura,Fagaceae,Quercus,mongolica,,Japan,on leaves,
43238,Lycaenidae,Quercusia,fujisana,,Matsumura,Fagaceae,Quercus,mongolica,,Japan,on leaves,Y
77567,Notodontidae,Rabtala,cristata,,Butler,Fagaceae,Quercus,mongolica,,Japan,on leaves,
137131,Tortricidae,Rhopalovalva,lascivana,,Christoph,Fagaceae,Quercus,mongolica,,Japan,,
137132,Tortricidae,Rhopalovalva,lascivana,,Christoph,Fagaceae,Quercus,mongolica,,Japan,on leaves,
43694,Lycaenidae,Shirozua,jonasi,,Janson,Fagaceae,Quercus,mongolica,,Japan,on leaves,
77879,Notodontidae,Spatalia,doerriesi,,Graeser,Fagaceae,Quercus,mongolica,,Japan,on leaves,
137907,Tortricidae,Spatalistis,christophana,,Walsingham,Fagaceae,Quercus,mongolica,,Japan,on leaves,
77912,Notodontidae,Stauropus,fagi,,Linnaeus,Fagaceae,Quercus,mongolica,,Japan,on leaves,
138242,Tortricidae,Strophedra,nitidana,,Fabricius,Fagaceae,Quercus,mongolica,,Japan,on leaves,
77926,Notodontidae,Suzukiana,cinerea,,Butler,Fagaceae,Quercus,mongolica,,Japan,on leaves,
72698,Noctuidae,Sypnoides,hercules,,Butler,Fagaceae,Quercus,mongolica,,Japan,on leaves,
8540,Drepanidae,Tethea,ampliata,,Butler,Fagaceae,Quercus,mongolica,,Japan,on leaves,
124286,Tischeriidae,Tischeria,decidua,,Wocke,Fagaceae,Quercus,mongolica,,Japan,on leaves,
124389,Tischeriidae,Tischeria,quercifolia,,Kuroko,Fagaceae,Quercus,mongolica,,Japan,on leaves,
138590,Tortricidae,Tortrix,sinapina,,Butler,Fagaceae,Quercus,mongolica,,Japan,,
138593,Tortricidae,Tortrix,sinapina,,Butler,Fagaceae,Quercus,mongolica,,Japan,on leaves,
138648,Tortricidae,Ukamenia,sapporensis,,Matsumura,Fagaceae,Quercus,mongolica,grosseserriata,Japan,,
78047,Notodontidae,Urodonta,branickii,,Oberthür,Fagaceae,Quercus,mongolica,,Japan,on leaves,
44572,Lycaenidae,Wagimo,signata,,Butler,Fagaceae,Quercus,mongolica,,Japan,on buds/twigs,
44579,Lycaenidae,Wagimo,signata,,Butler,Fagaceae,Quercus,mongolica,,Japan,on leaves,
24921,Geometridae,Wilemania,nitobei,,Nitobe,Fagaceae,Quercus,mongolica,grosseserrata,Japan,,
24934,Geometridae,Wilemania,nitobei,,Nitobe,Fagaceae,Quercus,mongolica,,Japan,on leaves,
13280,Geometridae,Alcis,angulifera,,Butler,Fagaceae,Quercus,myrsinifolia,,Japan,on leaves,
13358,Geometridae,Alsophila,japonensis,,Warren,Fagaceae,Quercus,myrsinifolia,,Japan,,
13371,Geometridae,Alsophila,japonensis,,Warren,Fagaceae,Quercus,myrsinifolia,,Japan,on leaves,
111426,Saturniidae,Antheraea,yamamai,,Guérin-Méneville,Fagaceae,Quercus,myrsinifolia,,Japan,on leaves,Y
39488,Lycaenidae,Chrysozephyrus,ataxus,,Westwood,Fagaceae,Quercus,myrsinifolia,,Japan,on leaves,
39541,Lycaenidae,Chrysozephyrus,hisamatsusanus,,Nagami & Ishiga,Fagaceae,Quercus,myrsinifolia,,Japan,on leaves,
16030,Geometridae,Dysstroma,korbi,,Heydemann,Fagaceae,Quercus,myrsinifolia,,Japan,on leaves,
8362,Drepanidae,Epipsestis,ornata,,Leech,Fagaceae,Quercus,myrsinifolia,,Japan,on leaves,
16950,Geometridae,Erannis,golda,,Djakonov,Fagaceae,Quercus,myrsinifolia,,Japan,on leaves,
60477,Noctuidae,Eupsilia,quadrilinea,,Leech,Fagaceae,Quercus,myrsinifolia,,Japan,on leaves,Y
18738,Geometridae,Gelasma,protrusa,,Butler,Fagaceae,Quercus,myrsinifolia,,Japan,,
18741,Geometridae,Gelasma,protrusa,,Butler,Fagaceae,Quercus,myrsinifolia,,Japan,on leaves,
19914,Geometridae,Idiotephria,amelia,,Butler,Fagaceae,Quercus,myrsinifolia,,Japan,on leaves,
19974,Geometridae,Inurois,tenuis,,Butler,Fagaceae,Quercus,myrsinifolia,,Japan,,
19980,Geometridae,Inurois,tenuis,,Butler,Fagaceae,Quercus,myrsinifolia,,Japan,on leaves,
41637,Lycaenidae,Japonica,lutea,,Hewitson,Fagaceae,Quercus,myrsinifolia,,Japan,on leaves,
5370,Choreutidae,Litobrenthia,japonica,,Issiki,Fagaceae,Quercus,myrsinifolia,,Japan,on leaves,
64892,Noctuidae,Lophomilia,takao,,Sugi,Fagaceae,Quercus,myrsinifolia,,Japan,on leaves,
8423,Drepanidae,Macrauzata,maxima,,Inoue,Fagaceae,Quercus,myrsinifolia,,Japan,on leaves,
8428,Drepanidae,Macrocilix,maia,,Leech,Fagaceae,Quercus,myrsinifolia,,Japan,on leaves,
121784,Sphingidae,Marumba,sperchius,,Ménétriés,Fagaceae,Quercus,myrsinifolia,,Japan,on leaves,
42559,Lycaenidae,Narathura,japonica,,Murray,Fagaceae,Quercus,myrsinifolia,,Japan,on leaves,
21821,Geometridae,Operophtera,brumata,,Linnaeus,Fagaceae,Quercus,myrsinifolia,,Japan,on leaves,
21866,Geometridae,Operophtera,relegata,,Prout,Fagaceae,Quercus,myrsinifolia,,Japan,on leaves,
67160,Noctuidae,Orthosia,mirabilis,,Sugi,Fagaceae,Quercus,myrsinifolia,,Japan,on leaves,Y
77402,Notodontidae,Phalera,takasagoensis,,Matsumura,Fagaceae,Quercus,myrsinifolia,,Japan,on leaves,
43239,Lycaenidae,Quercusia,fujisana,,Matsumura,Fagaceae,Quercus,myrsinifolia,,Japan,on leaves,Y
69724,Noctuidae,Rhynchaglaea,fuscipennis,,Sugi,Fagaceae,Quercus,myrsinifolia,,Japan,on leaves,Y
118552,Sesiidae,Sesia,molybdoceps,,Hampson,Fagaceae,Quercus,myrsinifolia,,Japan,in branches/trunk,
118558,Sesiidae,Sesia,molybdoceps,,Hampson,Fagaceae,Quercus,myrsinifolia,,Japan,in trunks,
118577,Sesiidae,Sesia,scribai,,Bartel,Fagaceae,Quercus,myrsinifolia,,Japan,in trunks,
12955,Gelechiidae,Thyrsostoma,pylartis,,Meyrick,Fagaceae,Quercus,myrsinifolia,,Japan,on leaves,
24799,Geometridae,Trichopterigia,costipunctaria,,Leech,Fagaceae,Quercus,myrsinifolia,,Japan,on leaves,
24826,Geometridae,Trichopteryx,terranea,,Butler,Fagaceae,Quercus,myrsinifolia,,Japan,on leaves,
8574,Drepanidae,Tridrepana,crocea,,Leech,Fagaceae,Quercus,myrsinifolia,,Japan,on leaves,
44580,Lycaenidae,Wagimo,signata,,Butler,Fagaceae,Quercus,myrsinifolia,,Japan,on leaves,Y
24922,Geometridae,Wilemania,nitobei,,Nitobe,Fagaceae,Quercus,myrsinifolia,,Japan,,
24935,Geometridae,Wilemania,nitobei,,Nitobe,Fagaceae,Quercus,myrsinifolia,,Japan,on leaves,
74123,Noctuidae,Xylena,japonica,,Höne,Fagaceae,Quercus,myrsinifolia,,Japan,on leaves,Y
25787,Gracillariidae,Acrocercops,unistriata,,Yuan,Fagaceae,Quercus,phillyraeoides,,Japan,,
25793,Gracillariidae,Acrocercops,unistriata,,Yuan,Fagaceae,Quercus,phillyraeoides,,Japan,on leaves,
37898,Lycaenidae,Acytolepis,puspa,,Horsfield,Fagaceae,Quercus,phillyraeoides,,Japan,on leaves,
125641,Tortricidae,Adoxophyes,sp.,,,Fagaceae,Quercus,phillyraeoides,,Japan,,
125643,Tortricidae,Adoxophyes,sp.,,,Fagaceae,Quercus,phillyraeoides,,Japan,on leaves,
13359,Geometridae,Alsophila,japonensis,,Warren,Fagaceae,Quercus,phillyraeoides,,Japan,,
13372,Geometridae,Alsophila,japonensis,,Warren,Fagaceae,Quercus,phillyraeoides,,Japan,on leaves,
111427,Saturniidae,Antheraea,yamamai,,Guérin-Méneville,Fagaceae,Quercus,phillyraeoides,,Japan,on leaves,
38299,Lycaenidae,Antigius,attilia,,Bremer,Fagaceae,Quercus,phillyraeoides,,Japan,on leaves,
38521,Lycaenidae,Arhopala,japonica,,Murray,Fagaceae,Quercus,phillyraeoides,,Japan,,
14451,Geometridae,Biston,robustus,,Butler,Fagaceae,Quercus,phillyraeoides,,Japan,,
14465,Geometridae,Biston,robustus,,Butler,Fagaceae,Quercus,phillyraeoides,,Japan,on leaves,
14771,Geometridae,Cassyma,deletaria,,Moore,Fagaceae,Quercus,phillyraeoides,,Japan,on leaves,
57531,Noctuidae,Catocala,kuangtungensis,,Mell,Fagaceae,Quercus,phillyraeoides,,Japan,on leaves,
39489,Lycaenidae,Chrysozephyrus,ataxus,,Westwood,Fagaceae,Quercus,phillyraeoides,,Japan,on leaves,Y
39509,Lycaenidae,Chrysozephyrus,aurorinus,,Oberthür,Fagaceae,Quercus,phillyraeoides,,Japan,on leaves,Y
39542,Lycaenidae,Chrysozephyrus,hisamatsusanus,,Nagami & Ishiga,Fagaceae,Quercus,phillyraeoides,,Japan,on leaves,Y
59518,Noctuidae,Dysgonia,arctotaenia,,Guenée,Fagaceae,Quercus,phillyraeoides,,Japan,on leaves,
132120,Tortricidae,Epinotia,bicolor,,Walsingham,Fagaceae,Quercus,phillyraeoides,,Japan,,
132123,Tortricidae,Epinotia,bicolor,,Walsingham,Fagaceae,Quercus,phillyraeoides,,Japan,on leaves,
97922,Psychidae,Eumeta,minuscula,,Butler,Fagaceae,Quercus,phillyraeoides,,Japan,on leaves,
18101,Geometridae,Eupithecia,niphonaria,,Leech,Fagaceae,Quercus,phillyraeoides,,Japan,on leaves,
60680,Noctuidae,Eutelia,adulatricoides,,Mell,Fagaceae,Quercus,phillyraeoides,,Japan,on leaves,
40566,Lycaenidae,Favonius,cognatus,,Staudinger,Fagaceae,Quercus,phillyraeoides,,Japan,on leaves,Y
40578,Lycaenidae,Favonius,jezoensis,,Matsumura,Fagaceae,Quercus,phillyraeoides,,Japan,on leaves,Y
40630,Lycaenidae,Favonius,saphirinus,,Staudinger,Fagaceae,Quercus,phillyraeoides,,Japan,on leaves,Y
18739,Geometridae,Gelasma,protrusa,,Butler,Fagaceae,Quercus,phillyraeoides,,Japan,,
18742,Geometridae,Gelasma,protrusa,,Butler,Fagaceae,Quercus,phillyraeoides,,Japan,on leaves,
134234,Tortricidae,Homona,magnanima,,Diakonoff,Fagaceae,Quercus,phillyraeoides,,Japan,,
134245,Tortricidae,Homona,magnanima,,Diakonoff,Fagaceae,Quercus,phillyraeoides,,Japan,on leaves,
41638,Lycaenidae,Japonica,lutea,,Hewitson,Fagaceae,Quercus,phillyraeoides,,Japan,on leaves,Y
41654,Lycaenidae,Japonica,saepestriata,,Hewitson,Fagaceae,Quercus,phillyraeoides,,Japan,on buds,
41662,Lycaenidae,Japonica,saepestriata,saepestriata,Hewitson,Fagaceae,Quercus,phillyraeoides,,Japan,,
36488,Limacodidae,Latoia,lepida,,Cramer,Fagaceae,Quercus,phillyraeoides,,Japan,on leaves,
46872,Lymantriidae,Lymantria,dispar,,Linnaeus,Fagaceae,Quercus,phillyraeoides,,Japan,on leaves,
8424,Drepanidae,Macrauzata,maxima,,Inoue,Fagaceae,Quercus,phillyraeoides,,Japan,on leaves,
98165,Psychidae,Mahasena,aurea,,Butler,Fagaceae,Quercus,phillyraeoides,,Japan,on leaves,
121785,Sphingidae,Marumba,sperchius,,Ménétriés,Fagaceae,Quercus,phillyraeoides,,Japan,on leaves,
65692,Noctuidae,Mesorhynchaglaea,pacifica,,Sugi,Fagaceae,Quercus,phillyraeoides,,Japan,on leaves,
21179,Geometridae,Mixochlora,vittata,,Moore,Fagaceae,Quercus,phillyraeoides,,Japan,,
21186,Geometridae,Mixochlora,vittata,,Moore,Fagaceae,Quercus,phillyraeoides,,Japan,on leaves,
107266,Pyralidae,Orthaga,achatina,,Butler,Fagaceae,Quercus,phillyraeoides,,Japan,on leaves,
66910,Noctuidae,Orthosia,fausta,,Leech,Fagaceae,Quercus,phillyraeoides,,Japan,on leaves,
67161,Noctuidae,Orthosia,mirabilis,,Sugi,Fagaceae,Quercus,phillyraeoides,,Japan,on leaves,Y
42664,Lycaenidae,Panchala,ganesa,,Moore,Fagaceae,Quercus,phillyraeoides,,Japan,on leaves,
77379,Notodontidae,Phalera,minor,,Nagano,Fagaceae,Quercus,phillyraeoides,,Japan,on leaves,
77556,Notodontidae,Quadricalcarifera,pryeri,,Leech,Fagaceae,Quercus,phillyraeoides,,Japan,on leaves,
69725,Noctuidae,Rhynchaglaea,fuscipennis,,Sugi,Fagaceae,Quercus,phillyraeoides,,Japan,on leaves,
72814,Noctuidae,Thyas,juno,,Dalman,Fagaceae,Quercus,phillyraeoides,,Japan,on leaves,
92014,Pantheidae,Trisuloides,sericea,,Butler,Fagaceae,Quercus,phillyraeoides,,Japan,on leaves,
44581,Lycaenidae,Wagimo,signata,,Butler,Fagaceae,Quercus,phillyraeoides,,Japan,on leaves,Y
74124,Noctuidae,Xylena,japonica,,Höne,Fagaceae,Quercus,phillyraeoides,,Japan,on leaves,Y
140002,Yponomeutidae,Ypsolopha,distinctatus,,Moriuti,Fagaceae,Quercus,phillyraeoides,,Japan,on leaves,
25807,Gracillariidae,Acrocercops,vallata,,Kumata & Kuroko,Fagaceae,Quercus,salicina,,Japan,,
25810,Gracillariidae,Acrocercops,vallata,,Kumata & Kuroko,Fagaceae,Quercus,salicina,,Japan,on leaves,
38300,Lycaenidae,Antigius,attilia,,Bremer,Fagaceae,Quercus,salicina,,Japan,on leaves,
38503,Lycaenidae,Arhopala,ganesa,,Moore,Fagaceae,Quercus,salicina,,Japan,in buds,
38522,Lycaenidae,Arhopala,japonica,,Murray,Fagaceae,Quercus,salicina,,Japan,,
14466,Geometridae,Biston,robustus,,Butler,Fagaceae,Quercus,salicina,,Japan,on leaves,
14772,Geometridae,Cassyma,deletaria,,Moore,Fagaceae,Quercus,salicina,,Japan,on leaves,
39490,Lycaenidae,Chrysozephyrus,ataxus,,Westwood,Fagaceae,Quercus,salicina,,Japan,on leaves,
39510,Lycaenidae,Chrysozephyrus,aurorinus,,Oberthür,Fagaceae,Quercus,salicina,,Japan,on leaves,
39532,Lycaenidae,Chrysozephyrus,hisamatsusanus,,Nagami & Ishiga,Fagaceae,Quercus,salicina,,Japan,on buds/leaves,
39543,Lycaenidae,Chrysozephyrus,hisamatsusanus,,Nagami & Ishiga,Fagaceae,Quercus,salicina,,Japan,on leaves,
15353,Geometridae,Cleora,leucophaea,,Butler,Fagaceae,Quercus,salicina,,Japan,on leaves,
10550,Gelechiidae,Dactylethrella,tegulifera,,Meyrick,Fagaceae,Quercus,salicina,,Japan,on leaves,
15865,Geometridae,Descoreba,simplex,,Butler,Fagaceae,Quercus,salicina,,Japan,on leaves,
31003,Hesperiidae,Erynnis,montanus,,Bremer,Fagaceae,Quercus,salicina,,Japan,on leaves,Y
40567,Lycaenidae,Favonius,cognatus,,Staudinger,Fagaceae,Quercus,salicina,,Japan,on leaves,
40579,Lycaenidae,Favonius,jezoensis,,Matsumura,Fagaceae,Quercus,salicina,,Japan,on leaves,
40612,Lycaenidae,Favonius,orientalis,,Murray,Fagaceae,Quercus,salicina,,Japan,on leaves,
61447,Noctuidae,Goniocraspidum,pryeri,,Leech,Fagaceae,Quercus,salicina,,Japan,on leaves,
41639,Lycaenidae,Japonica,lutea,,Hewitson,Fagaceae,Quercus,salicina,,Japan,on leaves,
20267,Geometridae,Jodis,urosticta,,Prout,Fagaceae,Quercus,salicina,,Japan,on leaves,
64887,Noctuidae,Lophomilia,flaviplaga,,Warren,Fagaceae,Quercus,salicina,,Japan,on leaves,
64893,Noctuidae,Lophomilia,takao,,Sugi,Fagaceae,Quercus,salicina,,Japan,on leaves,
8432,Drepanidae,Macrocilix,mysticata,,Walker,Fagaceae,Quercus,salicina,,Japan,on leaves,
121786,Sphingidae,Marumba,sperchius,,Ménétriés,Fagaceae,Quercus,salicina,,Japan,on leaves,
20824,Geometridae,Medasina,nikkonis,,Butler,Fagaceae,Quercus,salicina,,Japan,on leaves,Y
42550,Lycaenidae,Narathura,bazalus,,Hewitson,Fagaceae,Quercus,salicina,,Japan,on leaves,Y
42560,Lycaenidae,Narathura,japonica,,Murray,Fagaceae,Quercus,salicina,,Japan,on leaves,
75326,Nolidae,Nycteola,dufayi,,Sugi,Fagaceae,Quercus,salicina,,Japan,on leaves,
90996,Oecophoridae,Odites,lividula,,Meyrick,Fagaceae,Quercus,salicina,,Japan,on leaves,
67162,Noctuidae,Orthosia,mirabilis,,Sugi,Fagaceae,Quercus,salicina,,Japan,on leaves,Y
42665,Lycaenidae,Panchala,ganesa,,Moore,Fagaceae,Quercus,salicina,,Japan,on leaves,
43240,Lycaenidae,Quercusia,fujisana,,Matsumura,Fagaceae,Quercus,salicina,,Japan,on leaves,Y
74125,Noctuidae,Xylena,japonica,,Höne,Fagaceae,Quercus,salicina,,Japan,on leaves,Y
140039,Yponomeutidae,Ypsolopha,parenthesella,,Linnaeus,Fagaceae,Quercus,salicina,,Japan,on leaves,
28382,Gracillariidae,Phyllonorycter,himalayana,,Kumata,Fagaceae,Quercus,semecarpifolia,,Japan,,
13102,Geometridae,Acasis,viretata,,Hübner,Fagaceae,Quercus,serrata,,Japan,on leaves,
124455,Tortricidae,Acleris,affinatana,,Snellen,Fagaceae,Quercus,serrata,,Japan,,
124460,Tortricidae,Acleris,affinatana,,Snellen,Fagaceae,Quercus,serrata,,Japan,on leaves,
124725,Tortricidae,Acleris,fuscotogata,,Walsingham,Fagaceae,Quercus,serrata,,Japan,,
124726,Tortricidae,Acleris,fuscotogata,,Walsingham,Fagaceae,Quercus,serrata,,Japan,on leaves,
125003,Tortricidae,Acleris,perfundana,,Kuznetsov,Fagaceae,Quercus,serrata,,Japan,,
25788,Gracillariidae,Acrocercops,unistriata,,Yuan,Fagaceae,Quercus,serrata,,Japan,,
25794,Gracillariidae,Acrocercops,unistriata,,Yuan,Fagaceae,Quercus,serrata,,Japan,on leaves,
13115,Geometridae,Acrodontis,kotshubeji,,Sheljuzhko,Fagaceae,Quercus,serrata,,Japan,on leaves,
13125,Geometridae,Acrodontis,sp. A,,,Fagaceae,Quercus,serrata,,Japan,,
110334,Saturniidae,Actias,artemis,,Bremer & Grey,Fagaceae,Quercus,serrata,,Japan,on leaves,
110646,Saturniidae,Aglia,tau,,Linnaeus,Fagaceae,Quercus,serrata,,Japan,on leaves,
8256,Drepanidae,Agnidra,scabiosa,,Butler,Fagaceae,Quercus,serrata,,Japan,on leaves,
13233,Geometridae,Agriopis,dira,,Butler,Fagaceae,Quercus,serrata,,Japan,on leaves,
13240,Geometridae,Agriopis,leucophaearia,,Denis & Schiff.,Fagaceae,Quercus,serrata,,Japan,,
100512,Pyralidae,Agrotera,nemoralis,,Scopoli,Fagaceae,Quercus,serrata,,Japan,on leaves,
100514,Pyralidae,Agrotera,posticalis,,Wileman,Fagaceae,Quercus,serrata,,Japan,on leaves,
13271,Geometridae,Alcis,angulifera,,Butler,Fagaceae,Quercus,serrata,,Japan,,
13281,Geometridae,Alcis,angulifera,,Butler,Fagaceae,Quercus,serrata,,Japan,on leaves,
13336,Geometridae,Alsophila,foedata,,Inoue,Fagaceae,Quercus,serrata,,Japan,on leaves,
13360,Geometridae,Alsophila,japonensis,,Warren,Fagaceae,Quercus,serrata,,Japan,,
13373,Geometridae,Alsophila,japonensis,,Warren,Fagaceae,Quercus,serrata,,Japan,on leaves,
54325,Noctuidae,Amphipyra,monolitha,,Guenée,Fagaceae,Quercus,serrata,,Japan,on leaves,
54339,Noctuidae,Amphipyra,pyramidea,,Linnaeus,Fagaceae,Quercus,serrata,,Japan,on leaves,
9515,Gelechiidae,Anacampsis,okui,,Park,Fagaceae,Quercus,serrata,,Japan,on leaves,
100669,Pyralidae,Anartula,melanophia,,Staudinger,Fagaceae,Quercus,serrata,,Japan,on leaves,
126264,Tortricidae,Andrioplecta,pulverula,,Meyrick,Fagaceae,Quercus,serrata,,Japan,on leaves,
13682,Geometridae,Angerona,nigrisparsa,,Butler,Fagaceae,Quercus,serrata,,Japan,,
13688,Geometridae,Angerona,nigrisparsa,,Butler,Fagaceae,Quercus,serrata,,Japan,on leaves,
13717,Geometridae,Angerona,prunaria,,Linnaeus,Fagaceae,Quercus,serrata,,Japan,on leaves,
111075,Saturniidae,Antheraea,pernyi,,Guérin-Méneville,Fagaceae,Quercus,serrata,,Japan,on leaves,
111428,Saturniidae,Antheraea,yamamai,,Guérin-Méneville,Fagaceae,Quercus,serrata,,Japan,on leaves,
38286,Lycaenidae,Antigius,attilia,,Bremer,Fagaceae,Quercus,serrata,,Japan,,
38291,Lycaenidae,Antigius,attilia,,Bremer,Fagaceae,Quercus,serrata,,Japan,on buds/leaves,
38301,Lycaenidae,Antigius,attilia,,Bremer,Fagaceae,Quercus,serrata,,Japan,on leaves,
38309,Lycaenidae,Antigius,butleri,,Fenton,Fagaceae,Quercus,serrata,,Japan,,
38318,Lycaenidae,Antigius,butleri,,Fenton,Fagaceae,Quercus,serrata,,Japan,on leaves,
126793,Tortricidae,Archips,audax,,Razowski,Fagaceae,Quercus,serrata,,Japan,on leaves,
127044,Tortricidae,Archips,fuscocupreanus,,Walsingham,Fagaceae,Quercus,serrata,,Japan,,
127062,Tortricidae,Archips,fuscocupreanus,,Walsingham,Fagaceae,Quercus,serrata,,Japan,on leaves,
127117,Tortricidae,Archips,ingentanus,,Christoph,Fagaceae,Quercus,serrata,,Japan,,
127119,Tortricidae,Archips,ingentanus,,Christoph,Fagaceae,Quercus,serrata,,Japan,on leaves,
127425,Tortricidae,Archips,nigricaudanus,,Walsingham,Fagaceae,Quercus,serrata,,Japan,,
127429,Tortricidae,Archips,nigricaudanus,,Walsingham,Fagaceae,Quercus,serrata,,Japan,on leaves,
127885,Tortricidae,Archips,xylosteana,,Linnaeus,Fagaceae,Quercus,serrata,,Japan,,
127904,Tortricidae,Archips,xylosteana,,Linnaeus,Fagaceae,Quercus,serrata,,Japan,on leaves,
44787,Lymantriidae,Arctornis,l-nigrum,,Müller,Fagaceae,Quercus,serrata,,Japan,on leaves,
38523,Lycaenidae,Arhopala,japonica,,Murray,Fagaceae,Quercus,serrata,,Japan,,
14084,Geometridae,Ascotis,selenaria,,Denis & Schiff.,Fagaceae,Quercus,serrata,,Japan,,
14116,Geometridae,Ascotis,selenaria,,Denis & Schiff.,Fagaceae,Quercus,serrata,,Japan,on leaves,
14172,Geometridae,Asthena,nymphaeata,,Staudinger,Fagaceae,Quercus,serrata,,Japan,on leaves,
14428,Geometridae,Biston,regalis,,Moore,Fagaceae,Quercus,serrata,,Japan,on leaves,Y
14452,Geometridae,Biston,robustus,,Butler,Fagaceae,Quercus,serrata,,Japan,,
14467,Geometridae,Biston,robustus,,Butler,Fagaceae,Quercus,serrata,,Japan,on leaves,
112714,Saturniidae,Caligula,japonica,,Moore,Fagaceae,Quercus,serrata,,Japan,on leaves,
112719,Saturniidae,Caligula,jonasii,,Butler,Fagaceae,Quercus,serrata,,Japan,on leaves,
44980,Lymantriidae,Calliteara,conjuncta,,Wileman,Fagaceae,Quercus,serrata,,Japan,on leaves,Y
45096,Lymantriidae,Calliteara,lunulata,,Butler,Fagaceae,Quercus,serrata,,Japan,on leaves,
45098,Lymantriidae,Calliteara,nachiensis,,Marumo,Fagaceae,Quercus,serrata,,Japan,on leaves,Y
45104,Lymantriidae,Calliteara,pseudabietis,,Butler,Fagaceae,Quercus,serrata,,Japan,on leaves,
26331,Gracillariidae,Caloptilia,sapporella,,Matsumura,Fagaceae,Quercus,serrata,,Japan,,
26337,Gracillariidae,Caloptilia,sapporella,,Matsumura,Fagaceae,Quercus,serrata,,Japan,on leaves,
1040,Arctiidae,Camptoloma,interiorata,,Walker,Fagaceae,Quercus,serrata,,Japan,on leaves,
57239,Noctuidae,Catocala,actaea,,Felder & Rogenh.,Fagaceae,Quercus,serrata,,Japan,on leaves,
57406,Noctuidae,Catocala,dula,,Bremer,Fagaceae,Quercus,serrata,,Japan,on leaves,
57414,Noctuidae,Catocala,duplicata,,Butler,Fagaceae,Quercus,serrata,,Japan,on leaves,
57587,Noctuidae,Catocala,nagioides,,Wileman,Fagaceae,Quercus,serrata,,Japan,on leaves,
57766,Noctuidae,Catocala,streckeri,,Staudinger,Fagaceae,Quercus,serrata,,Japan,on leaves,
39235,Lycaenidae,Celastrina,argiolus,,Linnaeus,Fagaceae,Quercus,serrata,,Japan,on leaves,
14791,Geometridae,Cepphis,advenaria,,Hübner,Fagaceae,Quercus,serrata,,Japan,,
14795,Geometridae,Cepphis,advenaria,,Hübner,Fagaceae,Quercus,serrata,,Japan,on leaves,
74676,Nolidae,Characoma,ruficirra,,Hampson,Fagaceae,Quercus,serrata,,Japan,on leaves,
129110,Tortricidae,Choristoneura,longicellana,,Walsingham,Fagaceae,Quercus,serrata,,Japan,on leaves,
39491,Lycaenidae,Chrysozephyrus,ataxus,,Westwood,Fagaceae,Quercus,serrata,,Japan,on leaves,
39499,Lycaenidae,Chrysozephyrus,aurorina,,Oberthür,Fagaceae,Quercus,serrata,,Japan,on buds,
39511,Lycaenidae,Chrysozephyrus,aurorinus,,Oberthür,Fagaceae,Quercus,serrata,,Japan,on leaves,
39544,Lycaenidae,Chrysozephyrus,hisamatsusanus,,Nagami & Ishiga,Fagaceae,Quercus,serrata,,Japan,on leaves,
45183,Lymantriidae,Cifuna,locuples,,Walker,Fagaceae,Quercus,serrata,,Japan,on leaves,
58334,Noctuidae,Clavipalpula,aurariae,,Oberthür,Fagaceae,Quercus,serrata,,Japan,on leaves,
15342,Geometridae,Cleora,insolita,,Butler,Fagaceae,Quercus,serrata,,Japan,,
15346,Geometridae,Cleora,insolita,,Butler,Fagaceae,Quercus,serrata,,Japan,on leaves,
15354,Geometridae,Cleora,leucophaea,,Butler,Fagaceae,Quercus,serrata,,Japan,on leaves,
5902,Coleophoridae,Coleophora,levantis,,Oku,Fagaceae,Quercus,serrata,,Japan,on leaves,
5967,Coleophoridae,Coleophora,melanograpta,,Meyrick,Fagaceae,Quercus,serrata,,Japan,on leaves,
15531,Geometridae,Colotois,pennaria,,Linnaeus,Fagaceae,Quercus,serrata,,Japan,,
15542,Geometridae,Colotois,pennaria,,Linnaeus,Fagaceae,Quercus,serrata,,Japan,on leaves,
15545,Geometridae,Comibaena,amoenaria,,Oberthür,Fagaceae,Quercus,serrata,,Japan,,
15549,Geometridae,Comibaena,amoenaria,,Oberthür,Fagaceae,Quercus,serrata,,Japan,on leaves,
15578,Geometridae,Comibaena,delicatior,,Warren,Fagaceae,Quercus,serrata,,Japan,on leaves,
15597,Geometridae,Comibaena,nigromacularia,,Leech,Fagaceae,Quercus,serrata,,Japan,,
58517,Noctuidae,Conistra,ardescens,,Butler,Fagaceae,Quercus,serrata,,Japan,on leaves,Y
58531,Noctuidae,Conistra,grisescens,,Draudt,Fagaceae,Quercus,serrata,,Japan,on leaves,Y
58541,Noctuidae,Conistra,nawae,,Matsumura,Fagaceae,Quercus,serrata,,Japan,on leaves,Y
101885,Pyralidae,Conobathra,tricolorella,,Inoue,Fagaceae,Quercus,serrata,,Japan,on leaves,
58642,Noctuidae,Cosmia,camptostigma,,Ménétriés,Fagaceae,Quercus,serrata,,Japan,on leaves,
27073,Gracillariidae,Cryptolectica,chrysalis,,Kumata & Ermol.,Fagaceae,Quercus,serrata,,Japan,,
27075,Gracillariidae,Cryptolectica,chrysalis,,Kumata & Ermol.,Fagaceae,Quercus,serrata,,Japan,on leaves,
33371,Lasiocampidae,Cyclophragma,undans,,Walker,Fagaceae,Quercus,serrata,,Japan,on leaves,
33376,Lasiocampidae,Cyclophragma,yamadai,,Nagano,Fagaceae,Quercus,serrata,,Japan,on leaves,
130738,Tortricidae,Cydia,glandicolana,,Danilevsky & K.,Fagaceae,Quercus,serrata,,Japan,,
15801,Geometridae,Cystidia,couaggaria,,Guenée,Fagaceae,Quercus,serrata,,Japan,,
15805,Geometridae,Cystidia,couaggaria,,Guenée,Fagaceae,Quercus,serrata,,Japan,on leaves,
59115,Noctuidae,Daseochaeta,viridis,,Leech,Fagaceae,Quercus,serrata,,Japan,on leaves,
102622,Pyralidae,Datanoides,fasciatus,,Butler,Fagaceae,Quercus,serrata,,Japan,on leaves,
15836,Geometridae,Deileptenia,ribeata,,Clerck,Fagaceae,Quercus,serrata,,Japan,,
15844,Geometridae,Deileptenia,ribeata,,Clerck,Fagaceae,Quercus,serrata,,Japan,on leaves,
90405,Oecophoridae,Depressaria,irregularis,,Matsumura,Fagaceae,Quercus,serrata,,Japan,on leaves,
90420,Oecophoridae,Depressaria,nomia,,Butler,Fagaceae,Quercus,serrata,,Japan,on leaves,
15866,Geometridae,Descoreba,simplex,,Butler,Fagaceae,Quercus,serrata,,Japan,on leaves,
10649,Gelechiidae,Dichomeris,atomogypsa,,Meyrick,Fagaceae,Quercus,serrata,,Japan,on leaves,
10980,Gelechiidae,Dichomeris,ustalella,,Fabricius,Fagaceae,Quercus,serrata,,Japan,,
15910,Geometridae,Diplurodes,parvularia,,Leech,Fagaceae,Quercus,serrata,,Japan,,
15914,Geometridae,Diplurodes,parvularia,,Leech,Fagaceae,Quercus,serrata,,Japan,on leaves,
90485,Oecophoridae,Diurnea,cupreifera,,Butler,Fagaceae,Quercus,serrata,,Japan,on leaves,
76319,Notodontidae,Drymonia,basalis,,Wileman & South,Fagaceae,Quercus,serrata,,Japan,on leaves,Y
76328,Notodontidae,Drymonia,japonica,,Wileman,Fagaceae,Quercus,serrata,,Japan,on leaves,
59457,Noctuidae,Dryobotodes,pryeri,,Leech,Fagaceae,Quercus,serrata,,Japan,on leaves,Y
16282,Geometridae,Ectropis,crepuscularia,,Denis & Schiff.,Fagaceae,Quercus,serrata,,Japan,on leaves,
16315,Geometridae,Ectropis,excellens,,Butler,Fagaceae,Quercus,serrata,,Japan,,
16327,Geometridae,Ectropis,excellens,,Butler,Fagaceae,Quercus,serrata,,Japan,on leaves,
16362,Geometridae,Ectropis,obliqua,,Prout,Fagaceae,Quercus,serrata,,Japan,,
16371,Geometridae,Ectropis,obliqua,,Prout,Fagaceae,Quercus,serrata,,Japan,on leaves,
29598,Hepialidae,Endoclita,excrescens,,Butler,Fagaceae,Quercus,serrata,,Japan,in branches/trunk,
16673,Geometridae,Epholca,arenosa,,Butler,Fagaceae,Quercus,serrata,,Japan,,
16675,Geometridae,Epholca,arenosa,,Butler,Fagaceae,Quercus,serrata,,Japan,on leaves,
8363,Drepanidae,Epipsestis,ornata,,Leech,Fagaceae,Quercus,serrata,,Japan,on leaves,
16855,Geometridae,Epirrita,viridipurpurescens,,Prout,Fagaceae,Quercus,serrata,,Japan,on leaves,
16933,Geometridae,Erannis,golda,,Butler,Fagaceae,Quercus,serrata,,Japan,,
16951,Geometridae,Erannis,golda,,Djakonov,Fagaceae,Quercus,serrata,,Japan,on leaves,
31004,Hesperiidae,Erynnis,montanus,,Bremer,Fagaceae,Quercus,serrata,,Japan,on leaves,
133094,Tortricidae,Eudemis,profundana,,Denis & Schiff.,Fagaceae,Quercus,serrata,,Japan,,
133099,Tortricidae,Eudemis,profundana,,Denis & Schiff.,Fagaceae,Quercus,serrata,,Japan,on leaves,
97899,Psychidae,Eumeta,japonica,,Heylaerts,Fagaceae,Quercus,serrata,,Japan,on leaves,
97923,Psychidae,Eumeta,minuscula,,Butler,Fagaceae,Quercus,serrata,,Japan,on leaves,
46019,Lymantriidae,Euproctis,kanshireia,,Wileman,Fagaceae,Quercus,serrata,,Japan,on leaves,Y
46181,Lymantriidae,Euproctis,similis,,Fuessly,Fagaceae,Quercus,serrata,,Japan,on leaves,
46231,Lymantriidae,Euproctis,subflava,,Bremer,Fagaceae,Quercus,serrata,,Japan,on leaves,
60542,Noctuidae,Eupsilia,transversa,,Hufnagel,Fagaceae,Quercus,serrata,,Japan,on leaves,
60681,Noctuidae,Eutelia,adulatricoides,,Mell,Fagaceae,Quercus,serrata,,Japan,on leaves,
18630,Geometridae,Exangerona,prattiaria,,Leech,Fagaceae,Quercus,serrata,,Japan,,
18631,Geometridae,Exangerona,prattiaria,,Leech,Fagaceae,Quercus,serrata,,Japan,on leaves,
40568,Lycaenidae,Favonius,cognatus,,Staudinger,Fagaceae,Quercus,serrata,,Japan,on leaves,
40572,Lycaenidae,Favonius,jezoensis,,Matsumura,Fagaceae,Quercus,serrata,,Japan,on buds,
40580,Lycaenidae,Favonius,jezoensis,,Matsumura,Fagaceae,Quercus,serrata,,Japan,on leaves,
40592,Lycaenidae,Favonius,latifasciatus,,Shirôzu & Hayas.,Fagaceae,Quercus,serrata,,Japan,on leaves,Y
40613,Lycaenidae,Favonius,orientalis,,Murray,Fagaceae,Quercus,serrata,,Japan,on leaves,
40631,Lycaenidae,Favonius,saphirinus,,Staudinger,Fagaceae,Quercus,serrata,,Japan,on leaves,
40642,Lycaenidae,Favonius,ultramarinus,,Fixsen,Fagaceae,Quercus,serrata,,Japan,on leaves,Y
40646,Lycaenidae,Favonius,yuasai,,Shiraki,Fagaceae,Quercus,serrata,,Japan,on leaves,
76419,Notodontidae,Fentonia,ocypete,,Bremer,Fagaceae,Quercus,serrata,,Japan,on leaves,
18717,Geometridae,Gelasma,albistrigata,,Warren,Fagaceae,Quercus,serrata,,Japan,on leaves,
18752,Geometridae,Geometra,dieckmanni,,Graeser,Fagaceae,Quercus,serrata,,Japan,,
18757,Geometridae,Geometra,dieckmanni,,Graeser,Fagaceae,Quercus,serrata,,Japan,on leaves,
18781,Geometridae,Geometra,ussuriensis,,Sauber,Fagaceae,Quercus,serrata,,Japan,,
18783,Geometridae,Geometra,ussuriensis,,Sauber,Fagaceae,Quercus,serrata,,Japan,on leaves,
18789,Geometridae,Geometra,valida,,Felder & Felder,Fagaceae,Quercus,serrata,,Japan,,
18794,Geometridae,Geometra,valida,,Felder & Rogenh.,Fagaceae,Quercus,serrata,,Japan,on leaves,
61443,Noctuidae,Gonepatica,opalina,,Butler,Fagaceae,Quercus,serrata,,Japan,on leaves,
61448,Noctuidae,Goniocraspidum,pryeri,,Leech,Fagaceae,Quercus,serrata,,Japan,on leaves,
76590,Notodontidae,Harpyia,umbrosa,,Staudinger,Fagaceae,Quercus,serrata,,Japan,on leaves,
133900,Tortricidae,Hedya,inornata,,Walsingham,Fagaceae,Quercus,serrata,,Japan,on leaves,
133956,Tortricidae,Hedya,semiassana,,Kennel,Fagaceae,Quercus,serrata,,Japan,,
133958,Tortricidae,Hedya,semiassana,,Kennel,Fagaceae,Quercus,serrata,,Japan,on leaves,
18985,Geometridae,Hemistola,tenuilinea,,Alphéraky,Fagaceae,Quercus,serrata,,Japan,,
18988,Geometridae,Hemistola,tenuilinea,,Alphéraky,Fagaceae,Quercus,serrata,,Japan,on leaves,
19026,Geometridae,Hemithea,aestivaria,,Hübner,Fagaceae,Quercus,serrata,,Japan,,
19051,Geometridae,Hemithea,aestivaria,,Hübner,Fagaceae,Quercus,serrata,,Japan,on leaves,
19094,Geometridae,Hemithea,tritonaria,,Walker,Fagaceae,Quercus,serrata,,Japan,on leaves,Y
19138,Geometridae,Heterarmia,charon,,Butler,Fagaceae,Quercus,serrata,,Japan,,
19140,Geometridae,Heterarmia,charon,,Butler,Fagaceae,Quercus,serrata,,Japan,on leaves,
36414,Limacodidae,Heterogenea,asella,,Denis & Schiff.,Fagaceae,Quercus,serrata,,Japan,on leaves,
76749,Notodontidae,Hexafrenum,leucodera,,Staudinger,Fagaceae,Quercus,serrata,,Japan,on leaves,
19182,Geometridae,Hirasa,paupera,,Butler,Fagaceae,Quercus,serrata,,Japan,,
19184,Geometridae,Hirasa,paupera,,Butler,Fagaceae,Quercus,serrata,,Japan,on leaves,
134246,Tortricidae,Homona,magnanima,,Diakonoff,Fagaceae,Quercus,serrata,,Japan,on leaves,
134346,Tortricidae,Homonopsis,illotana,,Kennel,Fagaceae,Quercus,serrata,,Japan,on leaves,
63092,Noctuidae,Hydrillodes,repugnalis,,Walker,Fagaceae,Quercus,serrata,,Japan,on leaves,Y
63098,Noctuidae,Hylonycta,carbonaria,,Graeser,Fagaceae,Quercus,serrata,,Japan,on leaves,
11566,Gelechiidae,Hypatima,sp. 1,,,Fagaceae,Quercus,serrata,,Japan,on leaves,
11571,Gelechiidae,Hypatima,sp. 3,,,Fagaceae,Quercus,serrata,,Japan,on leaves,
63330,Noctuidae,Hypersypnoides,submarginata,,Walker,Fagaceae,Quercus,serrata,,Japan,on leaves,
2379,Arctiidae,Hyphantria,cunea,,Drury,Fagaceae,Quercus,serrata,,Japan,on leaves,
19541,Geometridae,Hypomecis,kuriligena,,Bryk,Fagaceae,Quercus,serrata,,Japan,on leaves,Y
19546,Geometridae,Hypomecis,lunifera,,Butler,Fagaceae,Quercus,serrata,,Japan,on leaves,
19565,Geometridae,Hypomecis,punctinalis,,Scopoli,Fagaceae,Quercus,serrata,,Japan,,
19578,Geometridae,Hypomecis,punctinalis,,Scopoli,Fagaceae,Quercus,serrata,,Japan,on leaves,
19589,Geometridae,Hypomecis,roboraria,,Denis & Schiff.,Fagaceae,Quercus,serrata,,Japan,,
19595,Geometridae,Hypomecis,roboraria,,Denis & Schiff.,Fagaceae,Quercus,serrata,,Japan,on leaves,
19613,Geometridae,Hypomecis,yuwanina,,Sato,Fagaceae,Quercus,serrata,,Japan,on leaves,Y
19915,Geometridae,Idiotephria,amelia,,Butler,Fagaceae,Quercus,serrata,,Japan,on leaves,
19918,Geometridae,Idiotephria,debilitata,,Leech,Fagaceae,Quercus,serrata,,Japan,on leaves,
19936,Geometridae,Inurois,fletcheri,,Inoue,Fagaceae,Quercus,serrata,,Japan,,
19939,Geometridae,Inurois,fletcheri,,Inoue,Fagaceae,Quercus,serrata,,Japan,on leaves,
19959,Geometridae,Inurois,punctigera,,Prout,Fagaceae,Quercus,serrata,,Japan,,
19967,Geometridae,Inurois,punctigera,,Prout,Fagaceae,Quercus,serrata,,Japan,on leaves,
19975,Geometridae,Inurois,tenuis,,Butler,Fagaceae,Quercus,serrata,,Japan,,
19981,Geometridae,Inurois,tenuis,,Butler,Fagaceae,Quercus,serrata,,Japan,on leaves,
20205,Geometridae,Jankowskia,fuscaria,,Leech,Fagaceae,Quercus,serrata,,Japan,on leaves,
20211,Geometridae,Jankowskia,pseudathleta,,Sato,Fagaceae,Quercus,serrata,,Japan,,
41630,Lycaenidae,Japonica,lutea,,Hewitson,Fagaceae,Quercus,serrata,,Japan,on buds,
41640,Lycaenidae,Japonica,lutea,,Hewitson,Fagaceae,Quercus,serrata,,Japan,on leaves,
41660,Lycaenidae,Japonica,saepestriata,,Hewitson,Fagaceae,Quercus,serrata,,Japan,on leaves,
105693,Pyralidae,Jocara,rufescens,,Hampson,Fagaceae,Quercus,serrata,,Japan,on leaves,
20225,Geometridae,Jodis,lactearia,,Linnaeus,Fagaceae,Quercus,serrata,,Japan,,
20237,Geometridae,Jodis,lactearia,,Linnaeus,Fagaceae,Quercus,serrata,,Japan,on leaves,
20238,Geometridae,Jodis,praerupta,,Butler,Fagaceae,Quercus,serrata,,Japan,,
20239,Geometridae,Jodis,praerupta,,Butler,Fagaceae,Quercus,serrata,,Japan,on leaves,
8417,Drepanidae,Kurama,mirabilis,,Butler,Fagaceae,Quercus,serrata,,Japan,on leaves,
36470,Limacodidae,Latoia,consocia,,Walker,Fagaceae,Quercus,serrata,,Japan,on leaves,
36491,Limacodidae,Latoia,sinica,,Moore,Fagaceae,Quercus,serrata,,Japan,on leaves,
2453,Arctiidae,Lemyra,imparilis,,Butler,Fagaceae,Quercus,serrata,,Japan,on leaves,
2456,Arctiidae,Lemyra,inaequalis,,Butler,Fagaceae,Quercus,serrata,,Japan,on leaves,
64852,Noctuidae,Lithophane,ustulata,,Butler,Fagaceae,Quercus,serrata,,Japan,on leaves,
64900,Noctuidae,Lophoptera,hayesi,,Sugi,Fagaceae,Quercus,serrata,,Japan,on leaves,
46873,Lymantriidae,Lymantria,dispar,,Linnaeus,Fagaceae,Quercus,serrata,,Japan,on leaves,
46925,Lymantriidae,Lymantria,lucescens,,Butler,Fagaceae,Quercus,serrata,,Japan,on leaves,
46970,Lymantriidae,Lymantria,mathura,,Moore,Fagaceae,Quercus,serrata,,Japan,on leaves,
8425,Drepanidae,Macrauzata,maxima,,Inoue,Fagaceae,Quercus,serrata,,Japan,on leaves,
90845,Oecophoridae,Macrobathra,quercea,,Moriuti,Fagaceae,Quercus,serrata,,Japan,on leaves,
8433,Drepanidae,Macrocilix,mysticata,,Walker,Fagaceae,Quercus,serrata,,Japan,on leaves,
121787,Sphingidae,Marumba,sperchius,,Ménétriés,Fagaceae,Quercus,serrata,,Japan,on leaves,
20825,Geometridae,Medasina,nikkonis,,Butler,Fagaceae,Quercus,serrata,,Japan,on leaves,Y
20838,Geometridae,Megabiston,plumosaria,,Leech,Fagaceae,Quercus,serrata,,Japan,,
20842,Geometridae,Megabiston,plumosaria,,Leech,Fagaceae,Quercus,serrata,,Japan,on leaves,
75078,Nolidae,Meganola,fumosa,,Butler,Fagaceae,Quercus,serrata,,Japan,on leaves,
21005,Geometridae,Menophra,harutai,,Inoue,Fagaceae,Quercus,serrata,,Japan,on leaves,
21016,Geometridae,Menophra,retractaria,,Moore,Fagaceae,Quercus,serrata,,Japan,,
21018,Geometridae,Menophra,senilis,,Butler,Fagaceae,Quercus,serrata,,Japan,on leaves,
76882,Notodontidae,Mesophalera,sigmata,,Butler,Fagaceae,Quercus,serrata,,Japan,on leaves,
75114,Nolidae,Mimerastria,mandschuriana,,Oberthür,Fagaceae,Quercus,serrata,,Japan,on leaves,
21180,Geometridae,Mixochlora,vittata,,Moore,Fagaceae,Quercus,serrata,,Japan,,
21187,Geometridae,Mixochlora,vittata,,Moore,Fagaceae,Quercus,serrata,,Japan,on leaves,
66021,Noctuidae,Moma,alpium,,Osbeck,Fagaceae,Quercus,serrata,,Japan,on leaves,
36700,Limacodidae,Monema,flavescens,,Walker,Fagaceae,Quercus,serrata,,Japan,on leaves,
42561,Lycaenidae,Narathura,japonica,,Murray,Fagaceae,Quercus,serrata,,Japan,on leaves,
75143,Nolidae,Negritothripa,hampsoni,,Wileman,Fagaceae,Quercus,serrata,,Japan,on leaves,
21474,Geometridae,Neohipparchus,vallata,,Butler,Fagaceae,Quercus,serrata,,Japan,,
21478,Geometridae,Neohipparchus,vallata,,Butler,Fagaceae,Quercus,serrata,,Japan,on leaves,
8441,Drepanidae,Neoploca,arctipennis,,Butler,Fagaceae,Quercus,serrata,,Japan,on leaves,
42597,Lycaenidae,Neozephyrus,taxila,,Bremer,Fagaceae,Quercus,serrata,,Japan,on buds,
42601,Lycaenidae,Neozephyrus,taxila,,Bremer,Fagaceae,Quercus,serrata,,Japan,on leaves,Y
8450,Drepanidae,Nordstromia,japonica,,Moore,Fagaceae,Quercus,serrata,,Japan,on leaves,
75327,Nolidae,Nycteola,dufayi,,Sugi,Fagaceae,Quercus,serrata,,Japan,on leaves,
90990,Oecophoridae,Odites,leucostola,,Meyrick,Fagaceae,Quercus,serrata,,Japan,on leaves,
90997,Oecophoridae,Odites,lividula,,Meyrick,Fagaceae,Quercus,serrata,,Japan,on leaves,
21608,Geometridae,Odontopera,arida,,Butler,Fagaceae,Quercus,serrata,,Japan,,
21613,Geometridae,Odontopera,arida,,Butler,Fagaceae,Quercus,serrata,,Japan,on leaves,
21845,Geometridae,Operophtera,japonaria,,Leech,Fagaceae,Quercus,serrata,,Japan,on leaves,
21867,Geometridae,Operophtera,relegata,,Prout,Fagaceae,Quercus,serrata,,Japan,on leaves,
48282,Lymantriidae,Orgyia,recens,,Hübner,Fagaceae,Quercus,serrata,,Japan,on leaves,
48295,Lymantriidae,Orgyia,thyellina,,Butler,Fagaceae,Quercus,serrata,,Japan,on leaves,
107267,Pyralidae,Orthaga,achatina,,Butler,Fagaceae,Quercus,serrata,,Japan,on leaves,
66879,Noctuidae,Orthosia,angustipennis,,Matsumura,Fagaceae,Quercus,serrata,,Japan,on leaves,
66885,Noctuidae,Orthosia,carnipennis,,Butler,Fagaceae,Quercus,serrata,,Japan,on leaves,
66908,Noctuidae,Orthosia,evanida,,Butler,Fagaceae,Quercus,serrata,,Japan,on leaves,
66971,Noctuidae,Orthosia,gothica,,Linnaeus,Fagaceae,Quercus,serrata,,Japan,on leaves,
67144,Noctuidae,Orthosia,limbata,,Butler,Fagaceae,Quercus,serrata,,Japan,on leaves,
67147,Noctuidae,Orthosia,lizetta,,Butler,Fagaceae,Quercus,serrata,,Japan,on leaves,
67173,Noctuidae,Orthosia,munda,,Denis & Schiff.,Fagaceae,Quercus,serrata,,Japan,on leaves,
67179,Noctuidae,Orthosia,odiosa,,Butler,Fagaceae,Quercus,serrata,,Japan,on leaves,
21968,Geometridae,Ourapteryx,nivea,,Butler,Fagaceae,Quercus,serrata,,Japan,on leaves,
21977,Geometridae,Ourapteryx,obtusicauda,,Warren,Fagaceae,Quercus,serrata,,Japan,,
21985,Geometridae,Ourapteryx,obtusicauda,,Warren,Fagaceae,Quercus,serrata,,Japan,on leaves,
22035,Geometridae,Pachyerannis,obliquaria,,Motschulsky,Fagaceae,Quercus,serrata,,Japan,,
22040,Geometridae,Pachyerannis,obliquaria,,Motschulsky,Fagaceae,Quercus,serrata,,Japan,on leaves,
22052,Geometridae,Pachyligia,dolosa,,Butler,Fagaceae,Quercus,serrata,,Japan,,
22059,Geometridae,Pachyligia,dolosa,,Butler,Fagaceae,Quercus,serrata,,Japan,on leaves,
67984,Noctuidae,Paracolax,trilinealis,,Bremer,Fagaceae,Quercus,serrata,,Japan,on leaves,
22163,Geometridae,Paradarisa,consonaria,,Hübner,Fagaceae,Quercus,serrata,,Japan,,
22169,Geometridae,Paradarisa,consonaria,,Hübner,Fagaceae,Quercus,serrata,,Japan,on leaves,
22201,Geometridae,Parectropis,extersaria,,Hübner,Fagaceae,Quercus,serrata,,Japan,on leaves,Y
77262,Notodontidae,Peridea,basilinea,,Wileman,Fagaceae,Quercus,serrata,,Japan,on leaves,
77277,Notodontidae,Peridea,gigantea,,Butler,Fagaceae,Quercus,serrata,,Japan,on leaves,
77283,Notodontidae,Peridea,lativitta,,Wileman,Fagaceae,Quercus,serrata,,Japan,on leaves,
68340,Noctuidae,Perigrapha,hoenei,,Püngeler,Fagaceae,Quercus,serrata,,Japan,on leaves,
136254,Tortricidae,Phaecadophora,fimbriata,,Walsingham,Fagaceae,Quercus,serrata,,Japan,on leaves,
77301,Notodontidae,Phalera,assimilis,,Bremer & Grey,Fagaceae,Quercus,serrata,,Japan,on leaves,
77358,Notodontidae,Phalera,flavescens,,Bremer & Grey,Fagaceae,Quercus,serrata,,Japan,on leaves,
77380,Notodontidae,Phalera,minor,,Nagano,Fagaceae,Quercus,serrata,,Japan,on leaves,
77403,Notodontidae,Phalera,takasagoensis,,Matsumura,Fagaceae,Quercus,serrata,,Japan,on leaves,Y
77413,Notodontidae,Phalerodonta,manleyi,,Leech,Fagaceae,Quercus,serrata,,Japan,on leaves,
22496,Geometridae,Phigalia,sinuosaria,,Leech,Fagaceae,Quercus,serrata,,Japan,,
22501,Geometridae,Phigalia,sinuosaria,,Leech,Fagaceae,Quercus,serrata,,Japan,on leaves,
22571,Geometridae,Phigalia,verecundaria,,Leech,Fagaceae,Quercus,serrata,,Japan,,
22576,Geometridae,Phigalia,verecundaria,,Leech,Fagaceae,Quercus,serrata,,Japan,on leaves,
22578,Geometridae,Phigaliohybernia,fulvinfula,,Inoue,Fagaceae,Quercus,serrata,,Japan,,
22579,Geometridae,Phigaliohybernia,fulvinfula,,Inoue,Fagaceae,Quercus,serrata,,Japan,on leaves,
22608,Geometridae,Photoscotosia,lucicolens,,Butler,Fagaceae,Quercus,serrata,,Japan,on leaves,
37291,Limacodidae,Phrixolepia,sericea,,Butler,Fagaceae,Quercus,serrata,,Japan,on leaves,
22650,Geometridae,Phthonosema,tendinosaria,,Bremer,Fagaceae,Quercus,serrata,,Japan,,
22657,Geometridae,Phthonosema,tendinosaria,,Bremer,Fagaceae,Quercus,serrata,,Japan,on leaves,
27961,Gracillariidae,Phyllonorycter,acutissimae,,Kumata,Fagaceae,Quercus,serrata,,Japan,,
27966,Gracillariidae,Phyllonorycter,acutissimae,,Kumata,Fagaceae,Quercus,serrata,,Japan,on leaves,
28222,Gracillariidae,Phyllonorycter,cretata,,Kumata,Fagaceae,Quercus,serrata,,Japan,,
28224,Gracillariidae,Phyllonorycter,cretata,,Kumata,Fagaceae,Quercus,serrata,,Japan,on leaves,
28488,Gracillariidae,Phyllonorycter,leucocorona,,Kumata,Fagaceae,Quercus,serrata,,Japan,,
28491,Gracillariidae,Phyllonorycter,leucocorona,,Kumata,Fagaceae,Quercus,serrata,,Japan,on leaves,
28595,Gracillariidae,Phyllonorycter,mongolicae,,Kumata,Fagaceae,Quercus,serrata,,Japan,,
28597,Gracillariidae,Phyllonorycter,mongolicae,,Kumata,Fagaceae,Quercus,serrata,,Japan,on leaves,
28628,Gracillariidae,Phyllonorycter,nigristella,,Kumata,Fagaceae,Quercus,serrata,,Japan,,
28630,Gracillariidae,Phyllonorycter,nigristella,,Kumata,Fagaceae,Quercus,serrata,,Japan,on leaves,
28637,Gracillariidae,Phyllonorycter,nipponicella,,Issiki,Fagaceae,Quercus,serrata,,Japan,,
28641,Gracillariidae,Phyllonorycter,nipponicella,,Issiki,Fagaceae,Quercus,serrata,,Japan,on leaves,
28729,Gracillariidae,Phyllonorycter,pseudolautella,,Kumata,Fagaceae,Quercus,serrata,,Japan,,
28731,Gracillariidae,Phyllonorycter,pseudolautella,,Kumata,Fagaceae,Quercus,serrata,,Japan,on leaves,
28808,Gracillariidae,Phyllonorycter,rostrispinosa,,Kumata,Fagaceae,Quercus,serrata,,Japan,,
28810,Gracillariidae,Phyllonorycter,rostrispinosa,,Kumata,Fagaceae,Quercus,serrata,,Japan,on leaves,
28878,Gracillariidae,Phyllonorycter,similis,,Kumata,Fagaceae,Quercus,serrata,,Japan,,
28883,Gracillariidae,Phyllonorycter,similis,,Kumata,Fagaceae,Quercus,serrata,,Japan,on leaves,
22753,Geometridae,Plagodis,dolabraria,,Linnaeus,Fagaceae,Quercus,serrata,,Japan,,
22765,Geometridae,Plagodis,dolabraria,,Linnaeus,Fagaceae,Quercus,serrata,,Japan,on leaves,
22810,Geometridae,Plagodis,pulveraria,,Linnaeus,Fagaceae,Quercus,serrata,,Japan,,
22829,Geometridae,Plagodis,pulveraria,,Linnaeus,Fagaceae,Quercus,serrata,,Japan,on leaves,
22861,Geometridae,Planociampa,modesta,,Butler,Fagaceae,Quercus,serrata,,Japan,,
22865,Geometridae,Planociampa,modesta,,Butler,Fagaceae,Quercus,serrata,,Japan,on leaves,
23172,Geometridae,Protoboarmia,simpliciaria,,Leech,Fagaceae,Quercus,serrata,,Japan,,
23174,Geometridae,Protoboarmia,simpliciaria,,Leech,Fagaceae,Quercus,serrata,,Japan,on leaves,
23192,Geometridae,Pseuderannis,amplipennis,,Inoue,Fagaceae,Quercus,serrata,,Japan,,
23194,Geometridae,Pseuderannis,amplipennis,,Inoue,Fagaceae,Quercus,serrata,,Japan,on leaves,
91165,Oecophoridae,Pseudodoxia,achlyphanes,,Meyrick,Fagaceae,Quercus,serrata,,Japan,on leaves,
75402,Nolidae,Pseudoips,fagana,,Fabricius,Fagaceae,Quercus,serrata,,Japan,on leaves,
75410,Nolidae,Pseudoips,sylpha,,Butler,Fagaceae,Quercus,serrata,,Japan,on leaves,
77553,Notodontidae,Quadricalcarifera,pryeri,,Butler,Fagaceae,Quercus,serrata,,Japan,,
43241,Lycaenidae,Quercusia,fujisana,,Matsumura,Fagaceae,Quercus,serrata,,Japan,on leaves,Y
77568,Notodontidae,Rabtala,cristata,,Butler,Fagaceae,Quercus,serrata,,Japan,on leaves,
35654,Lecithoceridae,Rhizosthenes,falciformis,,Meyrick,Fagaceae,Quercus,serrata,,Japan,on leaves,
116687,Saturniidae,Rhodinia,fugax,,Butler,Fagaceae,Quercus,serrata,,Japan,on leaves,
137135,Tortricidae,Rhopalovalva,pulchra,,Butler,Fagaceae,Quercus,serrata,,Japan,on leaves,
118553,Sesiidae,Sesia,molybdoceps,,Hampson,Fagaceae,Quercus,serrata,,Japan,in branches/trunk,
118559,Sesiidae,Sesia,molybdoceps,,Hampson,Fagaceae,Quercus,serrata,,Japan,in trunks,
118578,Sesiidae,Sesia,scribai,,Bartel,Fagaceae,Quercus,serrata,,Japan,in trunks,
43695,Lycaenidae,Shirozua,jonasi,,Janson,Fagaceae,Quercus,serrata,,Japan,on leaves,
70437,Noctuidae,Simplicia,niphona,,Butler,Fagaceae,Quercus,serrata,,Japan,on leaves,
77880,Notodontidae,Spatalia,doerriesi,,Graeser,Fagaceae,Quercus,serrata,,Japan,on leaves,
137955,Tortricidae,Spilonota,melanocopa,,Meyrick,Fagaceae,Quercus,serrata,,Japan,on leaves,
29195,Gracillariidae,Spulerina,virgulata,,Kumata & Kuroko,Fagaceae,Quercus,serrata,,Japan,on leaves,
77913,Notodontidae,Stauropus,fagi,,Linnaeus,Fagaceae,Quercus,serrata,,Japan,on leaves,
77915,Notodontidae,Stauropus,teikichiana,,Matsumura,Fagaceae,Quercus,serrata,,Japan,on leaves,Y
138248,Tortricidae,Strophedra,nitidana,,Fabricius,Fagaceae,Quercus,serrata,,Japan,on leaves,
77927,Notodontidae,Suzukiana,cinerea,,Butler,Fagaceae,Quercus,serrata,,Japan,on leaves,
109470,Pyralidae,Sybrida,approximans,,Leech,Fagaceae,Quercus,serrata,,Japan,on leaves,
119030,Sesiidae,Synanthedon,quercus,,Matsumura,Fagaceae,Quercus,serrata,,Japan,in branches/trunk,
119036,Sesiidae,Synanthedon,quercus,,Matsumura,Fagaceae,Quercus,serrata,,Japan,in trunks,
72703,Noctuidae,Sypnoides,picta,,Butler,Fagaceae,Quercus,serrata,,Japan,on leaves,
24468,Geometridae,Tanaorhinus,reciprocata,,Walker,Fagaceae,Quercus,serrata,,Japan,,
24471,Geometridae,Tanaorhinus,reciprocata,,Walker,Fagaceae,Quercus,serrata,,Japan,on leaves,
12850,Gelechiidae,Teleiodes,sp. 1,,,Fagaceae,Quercus,serrata,,Japan,on leaves,
12853,Gelechiidae,Teleiodes,sp. 2,,,Fagaceae,Quercus,serrata,,Japan,on leaves,
12856,Gelechiidae,Teleiodes,sp. 3,,,Fagaceae,Quercus,serrata,,Japan,on leaves,
12901,Gelechiidae,Telphusa,necromantis,,Meyrick,Fagaceae,Quercus,serrata,,Japan,on leaves,
12930,Gelechiidae,Telphusa,sp. 1,,,Fagaceae,Quercus,serrata,,Japan,on leaves,
109698,Pyralidae,Termioptycha,inimica,,Butler,Fagaceae,Quercus,serrata,,Japan,on leaves,
8545,Drepanidae,Tethea,octogesima,,Butler,Fagaceae,Quercus,serrata,,Japan,on leaves,
139800,Yponomeutidae,Thecobathra,anas,,Stringer,Fagaceae,Quercus,serrata,,Japan,,
139803,Yponomeutidae,Thecobathra,anas,,Stringer,Fagaceae,Quercus,serrata,,Japan,on leaves,
72815,Noctuidae,Thyas,juno,,Dalman,Fagaceae,Quercus,serrata,,Japan,on leaves,
124287,Tischeriidae,Tischeria,decidua,,Wocke,Fagaceae,Quercus,serrata,,Japan,on leaves,
124390,Tischeriidae,Tischeria,quercifolia,,Kuroko,Fagaceae,Quercus,serrata,,Japan,on leaves,
138594,Tortricidae,Tortrix,sinapina,,Butler,Fagaceae,Quercus,serrata,,Japan,on leaves,
24817,Geometridae,Trichopteryx,misera,,Butler,Fagaceae,Quercus,serrata,,Japan,on leaves,
8575,Drepanidae,Tridrepana,crocea,,Leech,Fagaceae,Quercus,serrata,,Japan,on leaves,
73451,Noctuidae,Trisateles,emortualis,,Denis & Schiff.,Fagaceae,Quercus,serrata,,Japan,on leaves,
78048,Notodontidae,Urodonta,branickii,,Oberthür,Fagaceae,Quercus,serrata,,Japan,on leaves,
73501,Noctuidae,Viminia,rumicis,,Linnaeus,Fagaceae,Quercus,serrata,,Japan,on leaves,
44573,Lycaenidae,Wagimo,signata,,Butler,Fagaceae,Quercus,serrata,,Japan,on buds/twigs,
44582,Lycaenidae,Wagimo,signata,,Butler,Fagaceae,Quercus,serrata,,Japan,on leaves,
24923,Geometridae,Wilemania,nitobei,,Nitobe,Fagaceae,Quercus,serrata,,Japan,,
24936,Geometridae,Wilemania,nitobei,,Nitobe,Fagaceae,Quercus,serrata,,Japan,on leaves,
74117,Noctuidae,Xylena,formosa,,Butler,Fagaceae,Quercus,serrata,,Japan,on leaves,
140030,Yponomeutidae,Ypsolopha,parallela,,Caradja,Fagaceae,Quercus,serrata,,Japan,on leaves,
140040,Yponomeutidae,Ypsolopha,parenthesella,,Linnaeus,Fagaceae,Quercus,serrata,,Japan,on leaves,
8134,Cossidae,Zeuzera,multistrigata,,Moore,Fagaceae,Quercus,serrata,,Japan,in branches/trunk,
25789,Gracillariidae,Acrocercops,unistriata,,Yuan,Fagaceae,Quercus,sessilifolia,,Japan,,
25795,Gracillariidae,Acrocercops,unistriata,,Yuan,Fagaceae,Quercus,sessilifolia,,Japan,on leaves,
39492,Lycaenidae,Chrysozephyrus,ataxus,,Westwood,Fagaceae,Quercus,sessilifolia,,Japan,on leaves,
39512,Lycaenidae,Chrysozephyrus,aurorinus,,Oberthür,Fagaceae,Quercus,sessilifolia,,Japan,on leaves,
39545,Lycaenidae,Chrysozephyrus,hisamatsusanus,,Nagami & Ishiga,Fagaceae,Quercus,sessilifolia,,Japan,on leaves,
27078,Gracillariidae,Cryptolectica,ensiformis,,Yuan,Fagaceae,Quercus,sessilifolia,,Japan,,
27080,Gracillariidae,Cryptolectica,ensiformis,,Yuan,Fagaceae,Quercus,sessilifolia,,Japan,in leaves,
27082,Gracillariidae,Cryptolectica,ensiformis,,Yuan,Fagaceae,Quercus,sessilifolia,,Japan,on leaves,
40581,Lycaenidae,Favonius,jezoensis,,Matsumura,Fagaceae,Quercus,sessilifolia,,Japan,on leaves,
40614,Lycaenidae,Favonius,orientalis,,Murray,Fagaceae,Quercus,sessilifolia,,Japan,on leaves,
41641,Lycaenidae,Japonica,lutea,,Hewitson,Fagaceae,Quercus,sessilifolia,,Japan,on leaves,Y
67163,Noctuidae,Orthosia,mirabilis,,Sugi,Fagaceae,Quercus,sessilifolia,,Japan,on leaves,Y
118554,Sesiidae,Sesia,molybdoceps,,Hampson,Fagaceae,Quercus,sessilifolia,,Japan,in branches/trunk,
118560,Sesiidae,Sesia,molybdoceps,,Hampson,Fagaceae,Quercus,sessilifolia,,Japan,in trunks,
118579,Sesiidae,Sesia,scribai,,Bartel,Fagaceae,Quercus,sessilifolia,,Japan,in trunks,
74126,Noctuidae,Xylena,japonica,,Höne,Fagaceae,Quercus,sessilifolia,,Japan,on leaves,Y
14453,Geometridae,Biston,robustus,,Butler,Fagaceae,Quercus,stenophylla,,Japan,,
15349,Geometridae,Cleora,leucophaea,,Butler,Fagaceae,Quercus,stenophylla,,Japan,,
20262,Geometridae,Jodis,urosticta,,Prout,Fagaceae,Quercus,stenophylla,,Japan,,
124461,Tortricidae,Acleris,affinatana,,Snellen,Fagaceae,Quercus,variabilis,,Japan,on leaves,
124857,Tortricidae,Acleris,leechi,,Walsingham,Fagaceae,Quercus,variabilis,,Japan,on leaves,
89641,Oecophoridae,Acria,ceramitis,,Meyrick,Fagaceae,Quercus,variabilis,,Japan,on leaves,
25796,Gracillariidae,Acrocercops,unistriata,,Yuan,Fagaceae,Quercus,variabilis,,Japan,on leaves,
125644,Tortricidae,Adoxophyes,sp.,,,Fagaceae,Quercus,variabilis,,Japan,on leaves,
8257,Drepanidae,Agnidra,scabiosa,,Butler,Fagaceae,Quercus,variabilis,,Japan,on leaves,
13234,Geometridae,Agriopis,dira,,Butler,Fagaceae,Quercus,variabilis,,Japan,on leaves,
100515,Pyralidae,Agrotera,posticalis,,Wileman,Fagaceae,Quercus,variabilis,,Japan,on leaves,
13282,Geometridae,Alcis,angulifera,,Butler,Fagaceae,Quercus,variabilis,,Japan,on leaves,
13374,Geometridae,Alsophila,japonensis,,Warren,Fagaceae,Quercus,variabilis,,Japan,on leaves,
42602,Lycaenidae,Amphion,floridensis,,Bremer,Fagaceae,Quercus,variabilis,,Japan,on leaves,Y
54321,Noctuidae,Amphipyra,livida,,Denis & Schiff.,Fagaceae,Quercus,variabilis,,Japan,on leaves,
54326,Noctuidae,Amphipyra,monolitha,,Guenée,Fagaceae,Quercus,variabilis,,Japan,on leaves,
54340,Noctuidae,Amphipyra,pyramidea,,Linnaeus,Fagaceae,Quercus,variabilis,,Japan,on leaves,
9516,Gelechiidae,Anacampsis,okui,,Park,Fagaceae,Quercus,variabilis,,Japan,on leaves,
100670,Pyralidae,Anartula,melanophia,,Staudinger,Fagaceae,Quercus,variabilis,,Japan,on leaves,
111076,Saturniidae,Antheraea,pernyi,,Guérin-Méneville,Fagaceae,Quercus,variabilis,,Japan,on leaves,Y
111429,Saturniidae,Antheraea,yamamai,,Guérin-Méneville,Fagaceae,Quercus,variabilis,,Japan,on leaves,
38287,Lycaenidae,Antigius,attilia,,Bremer,Fagaceae,Quercus,variabilis,,Japan,,
38302,Lycaenidae,Antigius,attilia,,Bremer,Fagaceae,Quercus,variabilis,,Japan,on leaves,
38319,Lycaenidae,Antigius,butleri,,Fenton,Fagaceae,Quercus,variabilis,,Japan,on leaves,Y
55291,Noctuidae,Antivaleria,viridimacula,,Graeser,Fagaceae,Quercus,variabilis,,Japan,on leaves,
13898,Geometridae,Apochima,juglansiaria,,Graeser,Fagaceae,Quercus,variabilis,,Japan,on leaves,
126794,Tortricidae,Archips,audax,,Razowski,Fagaceae,Quercus,variabilis,,Japan,on leaves,
126855,Tortricidae,Archips,capsigeranus,,Kennel,Fagaceae,Quercus,variabilis,,Japan,on leaves,
127063,Tortricidae,Archips,fuscocupreanus,,Walsingham,Fagaceae,Quercus,variabilis,,Japan,on leaves,
127430,Tortricidae,Archips,nigricaudanus,,Walsingham,Fagaceae,Quercus,variabilis,,Japan,on leaves,
14117,Geometridae,Ascotis,selenaria,,Denis & Schiff.,Fagaceae,Quercus,variabilis,,Japan,on leaves,
14468,Geometridae,Biston,robustus,,Butler,Fagaceae,Quercus,variabilis,,Japan,on leaves,
9960,Gelechiidae,Brachmia,japonicella,,Zeller,Fagaceae,Quercus,variabilis,,Japan,on leaves,
112715,Saturniidae,Caligula,japonica,,Moore,Fagaceae,Quercus,variabilis,,Japan,on leaves,
112720,Saturniidae,Caligula,jonasii,,Butler,Fagaceae,Quercus,variabilis,,Japan,on leaves,
45099,Lymantriidae,Calliteara,nachiensis,,Marumo,Fagaceae,Quercus,variabilis,,Japan,on leaves,
45105,Lymantriidae,Calliteara,pseudabietis,,Butler,Fagaceae,Quercus,variabilis,,Japan,on leaves,
26338,Gracillariidae,Caloptilia,sapporella,,Matsumura,Fagaceae,Quercus,variabilis,,Japan,on leaves,
1041,Arctiidae,Camptoloma,interiorata,,Walker,Fagaceae,Quercus,variabilis,,Japan,on leaves,
57240,Noctuidae,Catocala,actaea,,Felder & Rogenh.,Fagaceae,Quercus,variabilis,,Japan,on leaves,
57407,Noctuidae,Catocala,dula,,Bremer,Fagaceae,Quercus,variabilis,,Japan,on leaves,
57415,Noctuidae,Catocala,duplicata,,Butler,Fagaceae,Quercus,variabilis,,Japan,on leaves,
57497,Noctuidae,Catocala,hyperconnexa,,Sugi,Fagaceae,Quercus,variabilis,,Japan,on leaves,
57692,Noctuidae,Catocala,praegnax,,Walker,Fagaceae,Quercus,variabilis,,Japan,on leaves,
57744,Noctuidae,Catocala,separans,,Leech,Fagaceae,Quercus,variabilis,,Japan,,
57746,Noctuidae,Catocala,separans,,Leech,Fagaceae,Quercus,variabilis,,Japan,on leaves,
57767,Noctuidae,Catocala,streckeri,,Staudinger,Fagaceae,Quercus,variabilis,,Japan,on leaves,
74677,Nolidae,Characoma,ruficirra,,Hampson,Fagaceae,Quercus,variabilis,,Japan,on leaves,
129111,Tortricidae,Choristoneura,longicellana,,Walsingham,Fagaceae,Quercus,variabilis,,Japan,on leaves,
39493,Lycaenidae,Chrysozephyrus,ataxus,,Westwood,Fagaceae,Quercus,variabilis,,Japan,on leaves,Y
39513,Lycaenidae,Chrysozephyrus,aurorinus,,Oberthür,Fagaceae,Quercus,variabilis,,Japan,on leaves,
39546,Lycaenidae,Chrysozephyrus,hisamatsusanus,,Nagami & Ishiga,Fagaceae,Quercus,variabilis,,Japan,on leaves,Y
45184,Lymantriidae,Cifuna,locuples,,Walker,Fagaceae,Quercus,variabilis,,Japan,on leaves,
58335,Noctuidae,Clavipalpula,aurariae,,Oberthür,Fagaceae,Quercus,variabilis,,Japan,on leaves,
58518,Noctuidae,Conistra,ardescens,,Butler,Fagaceae,Quercus,variabilis,,Japan,on leaves,
101886,Pyralidae,Conobathra,tricolorella,,Inoue,Fagaceae,Quercus,variabilis,,Japan,on leaves,
58643,Noctuidae,Cosmia,camptostigma,,Ménétriés,Fagaceae,Quercus,variabilis,,Japan,on leaves,
58649,Noctuidae,Cosmia,exigua,,Butler,Fagaceae,Quercus,variabilis,,Japan,on leaves,
102540,Pyralidae,Cryptoblabes,loxiella,,Ragonot,Fagaceae,Quercus,variabilis,,Japan,on leaves,
33372,Lasiocampidae,Cyclophragma,undans,,Walker,Fagaceae,Quercus,variabilis,,Japan,on leaves,
33377,Lasiocampidae,Cyclophragma,yamadai,,Nagano,Fagaceae,Quercus,variabilis,,Japan,on leaves,
10551,Gelechiidae,Dactylethrella,tegulifera,,Meyrick,Fagaceae,Quercus,variabilis,,Japan,on leaves,
90421,Oecophoridae,Depressaria,nomia,,Butler,Fagaceae,Quercus,variabilis,,Japan,on leaves,
90461,Oecophoridae,Depressaria,sp. 1,,,Fagaceae,Quercus,variabilis,,Japan,on leaves,
15867,Geometridae,Descoreba,simplex,,Butler,Fagaceae,Quercus,variabilis,,Japan,on leaves,
10650,Gelechiidae,Dichomeris,atomogypsa,,Meyrick,Fagaceae,Quercus,variabilis,,Japan,on leaves,
15909,Geometridae,Diplodesma,ussuriaria,,Bremer,Fagaceae,Quercus,variabilis,,Japan,on leaves,
15915,Geometridae,Diplurodes,parvularia,,Leech,Fagaceae,Quercus,variabilis,,Japan,on leaves,
16283,Geometridae,Ectropis,crepuscularia,,Denis & Schiff.,Fagaceae,Quercus,variabilis,,Japan,on leaves,
16328,Geometridae,Ectropis,excellens,,Butler,Fagaceae,Quercus,variabilis,,Japan,on leaves,
29599,Hepialidae,Endoclita,excrescens,,Butler,Fagaceae,Quercus,variabilis,,Japan,in branches/trunk,
8364,Drepanidae,Epipsestis,ornata,,Leech,Fagaceae,Quercus,variabilis,,Japan,on leaves,
16856,Geometridae,Epirrita,viridipurpurescens,,Prout,Fagaceae,Quercus,variabilis,,Japan,on leaves,
16952,Geometridae,Erannis,golda,,Djakonov,Fagaceae,Quercus,variabilis,,Japan,on leaves,
31005,Hesperiidae,Erynnis,montanus,,Bremer,Fagaceae,Quercus,variabilis,,Japan,on leaves,
17114,Geometridae,Esakiopteryx,volitans,,Butler,Fagaceae,Quercus,variabilis,,Japan,on leaves,
133100,Tortricidae,Eudemis,profundana,,Denis & Schiff.,Fagaceae,Quercus,variabilis,,Japan,on leaves,
97900,Psychidae,Eumeta,japonica,,Heylaerts,Fagaceae,Quercus,variabilis,,Japan,on leaves,
97924,Psychidae,Eumeta,minuscula,,Butler,Fagaceae,Quercus,variabilis,,Japan,on leaves,
46182,Lymantriidae,Euproctis,similis,,Fuessly,Fagaceae,Quercus,variabilis,,Japan,on leaves,
46232,Lymantriidae,Euproctis,subflava,,Bremer,Fagaceae,Quercus,variabilis,,Japan,on leaves,
60478,Noctuidae,Eupsilia,quadrilinea,,Leech,Fagaceae,Quercus,variabilis,,Japan,on leaves,
60682,Noctuidae,Eutelia,adulatricoides,,Mell,Fagaceae,Quercus,variabilis,,Japan,on leaves,
40569,Lycaenidae,Favonius,cognatus,,Staudinger,Fagaceae,Quercus,variabilis,,Japan,on leaves,
40582,Lycaenidae,Favonius,jezoensis,,Matsumura,Fagaceae,Quercus,variabilis,,Japan,on leaves,
40593,Lycaenidae,Favonius,latifasciatus,,Shirôzu & Hayas.,Fagaceae,Quercus,variabilis,,Japan,on leaves,Y
40615,Lycaenidae,Favonius,orientalis,,Murray,Fagaceae,Quercus,variabilis,,Japan,on leaves,
40632,Lycaenidae,Favonius,saphirinus,,Staudinger,Fagaceae,Quercus,variabilis,,Japan,on leaves,Y
40643,Lycaenidae,Favonius,ultramarinus,,Fixsen,Fagaceae,Quercus,variabilis,,Japan,on leaves,Y
40647,Lycaenidae,Favonius,yuasai,,Shiraki,Fagaceae,Quercus,variabilis,,Japan,on leaves,
40649,Lycaenidae,Favonius,yuasai,,Shirôzu,Fagaceae,Quercus,variabilis,,Japan,,
76420,Notodontidae,Fentonia,ocypete,,Bremer,Fagaceae,Quercus,variabilis,,Japan,on leaves,
18784,Geometridae,Geometra,ussuriensis,,Sauber,Fagaceae,Quercus,variabilis,,Japan,on leaves,
61449,Noctuidae,Goniocraspidum,pryeri,,Leech,Fagaceae,Quercus,variabilis,,Japan,on leaves,
133901,Tortricidae,Hedya,inornata,,Walsingham,Fagaceae,Quercus,variabilis,,Japan,on leaves,
18989,Geometridae,Hemistola,tenuilinea,,Alphéraky,Fagaceae,Quercus,variabilis,,Japan,on leaves,
19052,Geometridae,Hemithea,aestivaria,,Hübner,Fagaceae,Quercus,variabilis,,Japan,on leaves,
19141,Geometridae,Heterarmia,charon,,Butler,Fagaceae,Quercus,variabilis,,Japan,on leaves,
134247,Tortricidae,Homona,magnanima,,Diakonoff,Fagaceae,Quercus,variabilis,,Japan,on leaves,
134331,Tortricidae,Homonopsis,foederatana,,Kennel,Fagaceae,Quercus,variabilis,,Japan,on leaves,
134347,Tortricidae,Homonopsis,illotana,,Kennel,Fagaceae,Quercus,variabilis,,Japan,on leaves,
11567,Gelechiidae,Hypatima,sp. 1,,,Fagaceae,Quercus,variabilis,,Japan,on leaves,
11569,Gelechiidae,Hypatima,sp. 2,,,Fagaceae,Quercus,variabilis,,Japan,on leaves,
11572,Gelechiidae,Hypatima,sp. 3,,,Fagaceae,Quercus,variabilis,,Japan,on leaves,
11574,Gelechiidae,Hypatima,sp. 4,,,Fagaceae,Quercus,variabilis,,Japan,on leaves,
63393,Noctuidae,Hypocala,subsatura,,Guenée,Fagaceae,Quercus,variabilis,,Japan,on leaves,
19547,Geometridae,Hypomecis,lunifera,,Butler,Fagaceae,Quercus,variabilis,,Japan,on leaves,
19579,Geometridae,Hypomecis,punctinalis,,Scopoli,Fagaceae,Quercus,variabilis,,Japan,on leaves,Y
19916,Geometridae,Idiotephria,amelia,,Butler,Fagaceae,Quercus,variabilis,,Japan,on leaves,
19940,Geometridae,Inurois,fletcheri,,Inoue,Fagaceae,Quercus,variabilis,,Japan,on leaves,
19948,Geometridae,Inurois,fumosa,,Inoue,Fagaceae,Quercus,variabilis,,Japan,on leaves,
41487,Lycaenidae,Iratsume,orsedice,,Butler,Fagaceae,Quercus,variabilis,,Japan,on leaves,Y
20206,Geometridae,Jankowskia,fuscaria,,Leech,Fagaceae,Quercus,variabilis,,Japan,on leaves,
41642,Lycaenidae,Japonica,lutea,,Hewitson,Fagaceae,Quercus,variabilis,,Japan,on leaves,
41652,Lycaenidae,Japonica,saepestriata,,Hewitson,Fagaceae,Quercus,variabilis,,Japan,,
41655,Lycaenidae,Japonica,saepestriata,,Hewitson,Fagaceae,Quercus,variabilis,,Japan,on buds,
41661,Lycaenidae,Japonica,saepestriata,,Hewitson,Fagaceae,Quercus,variabilis,,Japan,on leaves,
105694,Pyralidae,Jocara,rufescens,,Hampson,Fagaceae,Quercus,variabilis,,Japan,on leaves,
8418,Drepanidae,Kurama,mirabilis,,Butler,Fagaceae,Quercus,variabilis,,Japan,on leaves,
36471,Limacodidae,Latoia,consocia,,Walker,Fagaceae,Quercus,variabilis,,Japan,on leaves,
36492,Limacodidae,Latoia,sinica,,Moore,Fagaceae,Quercus,variabilis,,Japan,on leaves,
2444,Arctiidae,Lemyra,flammeola,,Moore,Fagaceae,Quercus,variabilis,,Japan,on leaves,
2454,Arctiidae,Lemyra,imparilis,,Butler,Fagaceae,Quercus,variabilis,,Japan,on leaves,
2457,Arctiidae,Lemyra,inaequalis,,Butler,Fagaceae,Quercus,variabilis,,Japan,on leaves,
64856,Noctuidae,Lithophane,venusta,,Leech,Fagaceae,Quercus,variabilis,,Japan,on leaves,
64901,Noctuidae,Lophoptera,hayesi,,Sugi,Fagaceae,Quercus,variabilis,,Japan,on leaves,
46874,Lymantriidae,Lymantria,dispar,,Linnaeus,Fagaceae,Quercus,variabilis,,Japan,on leaves,
46926,Lymantriidae,Lymantria,lucescens,,Butler,Fagaceae,Quercus,variabilis,,Japan,on leaves,
46971,Lymantriidae,Lymantria,mathura,,Moore,Fagaceae,Quercus,variabilis,,Japan,on leaves,
90846,Oecophoridae,Macrobathra,quercea,,Moriuti,Fagaceae,Quercus,variabilis,,Japan,on leaves,
34554,Lasiocampidae,Malacosoma,neustria,,Linnaeus,Fagaceae,Quercus,variabilis,,Japan,on leaves,
121788,Sphingidae,Marumba,sperchius,,Ménétriés,Fagaceae,Quercus,variabilis,,Japan,on leaves,
20843,Geometridae,Megabiston,plumosaria,,Leech,Fagaceae,Quercus,variabilis,,Japan,on leaves,
75079,Nolidae,Meganola,fumosa,,Butler,Fagaceae,Quercus,variabilis,,Japan,on leaves,
36620,Limacodidae,Microleon,longipalpis,,Butler,Fagaceae,Quercus,variabilis,,Japan,on leaves,
75115,Nolidae,Mimerastria,mandschuriana,,Oberthür,Fagaceae,Quercus,variabilis,,Japan,on leaves,
21188,Geometridae,Mixochlora,vittata,,Moore,Fagaceae,Quercus,variabilis,,Japan,on leaves,
66022,Noctuidae,Moma,alpium,,Osbeck,Fagaceae,Quercus,variabilis,,Japan,on leaves,
36701,Limacodidae,Monema,flavescens,,Walker,Fagaceae,Quercus,variabilis,,Japan,on leaves,
42562,Lycaenidae,Narathura,japonica,,Murray,Fagaceae,Quercus,variabilis,,Japan,on leaves,
21479,Geometridae,Neohipparchus,vallata,,Butler,Fagaceae,Quercus,variabilis,,Japan,on leaves,
8442,Drepanidae,Neoploca,arctipennis,,Butler,Fagaceae,Quercus,variabilis,,Japan,on leaves,
77061,Notodontidae,Neostauropus,basalis,,Moore,Fagaceae,Quercus,variabilis,,Japan,on leaves,
8451,Drepanidae,Nordstromia,japonica,,Moore,Fagaceae,Quercus,variabilis,,Japan,on leaves,
75328,Nolidae,Nycteola,dufayi,,Sugi,Fagaceae,Quercus,variabilis,,Japan,on leaves,
90991,Oecophoridae,Odites,leucostola,,Meyrick,Fagaceae,Quercus,variabilis,,Japan,on leaves,
90998,Oecophoridae,Odites,lividula,,Meyrick,Fagaceae,Quercus,variabilis,,Japan,on leaves,
21824,Geometridae,Operophtera,brumata,,Linnaeus,Fagaceae,Quercus,variabilis,,Japan,on leaves,
21868,Geometridae,Operophtera,relegata,,Prout,Fagaceae,Quercus,variabilis,,Japan,on leaves,
48208,Lymantriidae,Orgyia,postica,,Walker,Fagaceae,Quercus,variabilis,,Japan,on leaves,
48296,Lymantriidae,Orgyia,thyellina,,Butler,Fagaceae,Quercus,variabilis,,Japan,on leaves,
107268,Pyralidae,Orthaga,achatina,,Butler,Fagaceae,Quercus,variabilis,,Japan,on leaves,
66880,Noctuidae,Orthosia,angustipennis,,Matsumura,Fagaceae,Quercus,variabilis,,Japan,on leaves,
66886,Noctuidae,Orthosia,carnipennis,,Butler,Fagaceae,Quercus,variabilis,,Japan,on leaves,
66909,Noctuidae,Orthosia,evanida,,Butler,Fagaceae,Quercus,variabilis,,Japan,on leaves,
66972,Noctuidae,Orthosia,gothica,,Linnaeus,Fagaceae,Quercus,variabilis,,Japan,on leaves,
67116,Noctuidae,Orthosia,ijimai,,Sugi,Fagaceae,Quercus,variabilis,,Japan,on leaves,
67145,Noctuidae,Orthosia,limbata,,Butler,Fagaceae,Quercus,variabilis,,Japan,on leaves,
67174,Noctuidae,Orthosia,munda,,Denis & Schiff.,Fagaceae,Quercus,variabilis,,Japan,on leaves,
67180,Noctuidae,Orthosia,odiosa,,Butler,Fagaceae,Quercus,variabilis,,Japan,on leaves,
67219,Noctuidae,Orthosia,paromoea,,Hampson,Fagaceae,Quercus,variabilis,,Japan,on leaves,
22041,Geometridae,Pachyerannis,obliquaria,,Motschulsky,Fagaceae,Quercus,variabilis,,Japan,on leaves,
22060,Geometridae,Pachyligia,dolosa,,Butler,Fagaceae,Quercus,variabilis,,Japan,on leaves,
135843,Tortricidae,Pandemis,dumetana,,Treitschke,Fagaceae,Quercus,variabilis,,Japan,on leaves,
22152,Geometridae,Parabapta,aetheriata,,Graeser,Fagaceae,Quercus,variabilis,,Japan,on leaves,
22159,Geometridae,Parabapta,clarissa,,Butler,Fagaceae,Quercus,variabilis,,Japan,on leaves,
136119,Tortricidae,Parapammene,sp. 1,,,Fagaceae,Quercus,variabilis,,Japan,on leaves,
136121,Tortricidae,Parapammene,sp. B,,,Fagaceae,Quercus,variabilis,brevipetiolata,Japan,,
136255,Tortricidae,Phaecadophora,fimbriata,,Walsingham,Fagaceae,Quercus,variabilis,,Japan,on leaves,
77294,Notodontidae,Phalera,angustipennis,,Matsumura,Fagaceae,Quercus,variabilis,,Japan,on leaves,
77302,Notodontidae,Phalera,assimilis,,Bremer & Grey,Fagaceae,Quercus,variabilis,,Japan,on leaves,
77381,Notodontidae,Phalera,minor,,Nagano,Fagaceae,Quercus,variabilis,,Japan,on leaves,
77404,Notodontidae,Phalera,takasagoensis,,Matsumura,Fagaceae,Quercus,variabilis,,Japan,on leaves,
77414,Notodontidae,Phalerodonta,manleyi,,Leech,Fagaceae,Quercus,variabilis,,Japan,on leaves,
22502,Geometridae,Phigalia,sinuosaria,,Leech,Fagaceae,Quercus,variabilis,,Japan,on leaves,
22577,Geometridae,Phigalia,verecundaria,,Leech,Fagaceae,Quercus,variabilis,,Japan,on leaves,
27903,Gracillariidae,Phyllocnistis,sp. 1,,,Fagaceae,Quercus,variabilis,,Japan,on leaves,
27962,Gracillariidae,Phyllonorycter,acutissimae,,Kumata,Fagaceae,Quercus,variabilis,,Japan,,
27967,Gracillariidae,Phyllonorycter,acutissimae,,Kumata,Fagaceae,Quercus,variabilis,,Japan,on leaves,
28452,Gracillariidae,Phyllonorycter,kamijoi,,Kumata,Fagaceae,Quercus,variabilis,,Japan,on leaves,
28642,Gracillariidae,Phyllonorycter,nipponicella,,Issiki,Fagaceae,Quercus,variabilis,,Japan,on leaves,
22856,Geometridae,Planociampa,antipala,,Prout,Fagaceae,Quercus,variabilis,,Japan,on leaves,
22866,Geometridae,Planociampa,modesta,,Butler,Fagaceae,Quercus,variabilis,,Japan,on leaves,
23102,Geometridae,Protoboarmia,faustinata,,Warren,Fagaceae,Quercus,variabilis,,Japan,on leaves,
75411,Nolidae,Pseudoips,sylpha,,Butler,Fagaceae,Quercus,variabilis,,Japan,on leaves,
12297,Gelechiidae,Psoricoptera,triorthias,,Meyrick,Fagaceae,Quercus,variabilis,,Japan,on leaves,
43242,Lycaenidae,Quercusia,fujisana,,Matsumura,Fagaceae,Quercus,variabilis,,Japan,on leaves,Y
35655,Lecithoceridae,Rhizosthenes,falciformis,,Meyrick,Fagaceae,Quercus,variabilis,,Japan,on leaves,
116688,Saturniidae,Rhodinia,fugax,,Butler,Fagaceae,Quercus,variabilis,,Japan,on leaves,
69801,Noctuidae,Sarcopolia,illoba,,Butler,Fagaceae,Quercus,variabilis,,Japan,on leaves,
37362,Limacodidae,Scopelodes,contracta,,Walker,Fagaceae,Quercus,variabilis,,Japan,on leaves,
43696,Lycaenidae,Shirozua,jonasi,,Janson,Fagaceae,Quercus,variabilis,,Japan,on leaves,
29196,Gracillariidae,Spulerina,virgulata,,Kumata & Kuroko,Fagaceae,Quercus,variabilis,,Japan,on leaves,
12690,Gelechiidae,Stenolechia,kodamai,,Okada,Fagaceae,Quercus,variabilis,,Japan,on leaves,
138249,Tortricidae,Strophedra,nitidana,,Fabricius,Fagaceae,Quercus,variabilis,,Japan,on leaves,
109471,Pyralidae,Sybrida,approximans,,Leech,Fagaceae,Quercus,variabilis,,Japan,on leaves,
72695,Noctuidae,Sypnoides,fumosa,,Butler,Fagaceae,Quercus,variabilis,,Japan,on leaves,
72699,Noctuidae,Sypnoides,hercules,,Butler,Fagaceae,Quercus,variabilis,,Japan,on leaves,
72704,Noctuidae,Sypnoides,picta,,Butler,Fagaceae,Quercus,variabilis,,Japan,on leaves,
12840,Gelechiidae,Teleiodes,paripunctella,,Thunberg,Fagaceae,Quercus,variabilis,,Japan,on leaves,
12851,Gelechiidae,Teleiodes,sp. 1,,,Fagaceae,Quercus,variabilis,,Japan,on leaves,
12854,Gelechiidae,Teleiodes,sp. 2,,,Fagaceae,Quercus,variabilis,,Japan,on leaves,
12857,Gelechiidae,Teleiodes,sp. 3,,,Fagaceae,Quercus,variabilis,,Japan,on leaves,
109636,Pyralidae,Teliphasa,elegans,,Butler,Fagaceae,Quercus,variabilis,,Japan,on leaves,
72751,Noctuidae,Telorta,edentata,,Leech,Fagaceae,Quercus,variabilis,,Japan,on leaves,
12902,Gelechiidae,Telphusa,necromantis,,Meyrick,Fagaceae,Quercus,variabilis,,Japan,on leaves,
12931,Gelechiidae,Telphusa,sp. 1,,,Fagaceae,Quercus,variabilis,,Japan,on leaves,
109699,Pyralidae,Termioptycha,inimica,,Butler,Fagaceae,Quercus,variabilis,,Japan,on leaves,
109701,Pyralidae,Termioptycha,nigrescens,,Warren,Fagaceae,Quercus,variabilis,,Japan,on leaves,
8541,Drepanidae,Tethea,ampliata,,Butler,Fagaceae,Quercus,variabilis,,Japan,on leaves,
72816,Noctuidae,Thyas,juno,,Dalman,Fagaceae,Quercus,variabilis,,Japan,on leaves,
124288,Tischeriidae,Tischeria,decidua,,Wocke,Fagaceae,Quercus,variabilis,,Japan,on leaves,
124372,Tischeriidae,Tischeria,naraensis,,Sato,Fagaceae,Quercus,variabilis,,Japan,on leaves,
124391,Tischeriidae,Tischeria,quercifolia,,Kuroko,Fagaceae,Quercus,variabilis,,Japan,on leaves,
138595,Tortricidae,Tortrix,sinapina,,Butler,Fagaceae,Quercus,variabilis,,Japan,on leaves,
24818,Geometridae,Trichopteryx,misera,,Butler,Fagaceae,Quercus,variabilis,,Japan,on leaves,
8576,Drepanidae,Tridrepana,crocea,,Leech,Fagaceae,Quercus,variabilis,,Japan,on leaves,
73502,Noctuidae,Viminia,rumicis,,Linnaeus,Fagaceae,Quercus,variabilis,,Japan,on leaves,
44574,Lycaenidae,Wagimo,signata,,Butler,Fagaceae,Quercus,variabilis,,Japan,on buds/twigs,
44583,Lycaenidae,Wagimo,signata,,Butler,Fagaceae,Quercus,variabilis,,Japan,on leaves,
24937,Geometridae,Wilemania,nitobei,,Nitobe,Fagaceae,Quercus,variabilis,,Japan,on leaves,
25055,Geometridae,Xanthorhoe,saturata,,Guenée,Fagaceae,Quercus,variabilis,,Japan,on leaves,
74118,Noctuidae,Xylena,formosa,,Butler,Fagaceae,Quercus,variabilis,,Japan,on leaves,
140041,Yponomeutidae,Ypsolopha,parenthesella,,Linnaeus,Fagaceae,Quercus,variabilis,,Japan,on leaves,
79394,Nymphalidae,Athyma,selenophora,,Kollar,Rubiaceae,Randia,armata,pubescens,Japan,,
16316,Geometridae,Ectropis,excellens,,Butler,Ranunculaceae,Ranunculus,,,Japan,,
96237,Pieridae,Eurema,hecabe,,Linnaeus,Rhamnaceae,Rhamnus,davurica,,Japan,on leaves,
43598,Lycaenidae,Satyrium,mera,,Janson,Rhamnaceae,Rhamnus,davurica,,Japan,on buds/leaves,
96238,Pieridae,Eurema,hecabe,,Linnaeus,Rhamnaceae,Rhamnus,japonica,,Japan,on leaves,
40673,Lycaenidae,Fixsenia,iyonis,,Ota & Kusunoki,Rhamnaceae,Rhamnus,japonica,,Japan,on buds/leaves,
43259,Lycaenidae,Rapala,arata,,Bremer,Rhamnaceae,Rhamnus,japonica,,Japan,on buds/flowers,
43599,Lycaenidae,Satyrium,mera,,Janson,Rhamnaceae,Rhamnus,japonica,,Japan,on buds/leaves,
40674,Lycaenidae,Fixsenia,iyonis,,Ota & Kusunoki,Rhamnaceae,Rhamnus,yoshinoi,,Japan,on buds/leaves,
127547,Tortricidae,Archips,peratratus,,Yasuda,Rosaceae,Rhaphiolepis,umbellata,,Japan,,
10891,Gelechiidae,Dichomeris,ochthophora,,Meyrick,Rosaceae,Rhaphiolepis,umbellata,,Japan,,
49058,Lyonetiidae,Lyonetia,anthemopa,,Meyrick,Rosaceae,Rhaphiolepis,umbellata,,Japan,,
38941,Lycaenidae,Callophrys,ferrea,,Butler,Ericaceae,Rhododendron,,,Japan,on flowers/fruits/leaves,
26148,Gracillariidae,Caloptilia,leucothoes,,Kumata,Ericaceae,Rhododendron,,,Japan,,
21609,Geometridae,Odontopera,arida,,Butler,Ericaceae,Rhododendron,,,Japan,,
28549,Gracillariidae,Phyllonorycter,melacoronis,,Kumata,Ericaceae,Rhododendron,,,Japan,,
22811,Geometridae,Plagodis,pulveraria,,Linnaeus,Ericaceae,Rhododendron,albrechtii,,Japan,,
81337,Nymphalidae,Clossiana,freija,,Thunberg,Ericaceae,Rhododendron,aurea,,Japan,,
26149,Gracillariidae,Caloptilia,leucothoes,,Kumata,Ericaceae,Rhododendron,dauricum,,Japan,,
25946,Gracillariidae,Caloptilia,azaleella,,Brants,Ericaceae,Rhododendron,dilatatum,decandrum,Japan,,
26150,Gracillariidae,Caloptilia,leucothoes,,Kumata,Ericaceae,Rhododendron,dilatatum,,Japan,,
16934,Geometridae,Erannis,golda,,Butler,Ericaceae,Rhododendron,dilatatum,,Japan,,
22651,Geometridae,Phthonosema,tendinosaria,,Bremer,Ericaceae,Rhododendron,dilatatum,,Japan,,
22812,Geometridae,Plagodis,pulveraria,,Linnaeus,Ericaceae,Rhododendron,dilatatum,,Japan,,
125021,Tortricidae,Acleris,platynotana,,Walsingham,Ericaceae,Rhododendron,indicum,,Japan,,
13126,Geometridae,Acrodontis,sp. A,,,Ericaceae,Rhododendron,indicum,,Japan,,
13272,Geometridae,Alcis,angulifera,,Butler,Ericaceae,Rhododendron,indicum,,Japan,,
13683,Geometridae,Angerona,nigrisparsa,,Butler,Ericaceae,Rhododendron,indicum,,Japan,,
13954,Geometridae,Arichanna,melanaria,,Linnaeus,Ericaceae,Rhododendron,indicum,,Japan,,
25949,Gracillariidae,Caloptilia,azaleella,,Brants,Ericaceae,Rhododendron,indicum,,Japan,,
16438,Geometridae,Endropiodes,sp. A,,,Ericaceae,Rhododendron,indicum,,Japan,,
18710,Geometridae,Garaeus,specularis,,Moore,Ericaceae,Rhododendron,indicum,,Japan,,
19960,Geometridae,Inurois,punctigera,,Prout,Ericaceae,Rhododendron,indicum,,Japan,,
20226,Geometridae,Jodis,lactearia,,Linnaeus,Ericaceae,Rhododendron,indicum,,Japan,,
20263,Geometridae,Jodis,urosticta,,Prout,Ericaceae,Rhododendron,indicum,,Japan,,
21978,Geometridae,Ourapteryx,obtusicauda,,Warren,Ericaceae,Rhododendron,indicum,,Japan,,
22813,Geometridae,Plagodis,pulveraria,,Linnaeus,Ericaceae,Rhododendron,indicum,,Japan,,
22862,Geometridae,Planociampa,modesta,,Butler,Ericaceae,Rhododendron,indicum,,Japan,,
137147,Tortricidae,Rhopobota,kaempferiana,,Oku,Ericaceae,Rhododendron,indicum,,Japan,,
125023,Tortricidae,Acleris,platynotana,,Walsingham,Ericaceae,Rhododendron,japonicum,,Japan,,
13127,Geometridae,Acrodontis,sp. A,,,Ericaceae,Rhododendron,japonicum,,Japan,,
13893,Geometridae,Apochima,juglansiaria,,Graeser,Ericaceae,Rhododendron,japonicum,,Japan,,
13951,Geometridae,Arichanna,jaguararia,,Guenée,Ericaceae,Rhododendron,japonicum,,Japan,,
13955,Geometridae,Arichanna,melanaria,,Linnaeus,Ericaceae,Rhododendron,japonicum,,Japan,,
25951,Gracillariidae,Caloptilia,azaleella,,Brants,Ericaceae,Rhododendron,japonicum,,Japan,,
15837,Geometridae,Deileptenia,ribeata,,Clerck,Ericaceae,Rhododendron,japonicum,,Japan,,
16180,Geometridae,Ectropis,bistortata,,Goeze,Ericaceae,Rhododendron,japonicum,,Japan,,
16935,Geometridae,Erannis,golda,,Butler,Ericaceae,Rhododendron,japonicum,,Japan,,
19028,Geometridae,Hemithea,aestivaria,,Hübner,Ericaceae,Rhododendron,japonicum,,Japan,,
19949,Geometridae,Inurois,kyushuensis,,Inoue,Ericaceae,Rhododendron,japonicum,,Japan,,
22814,Geometridae,Plagodis,pulveraria,,Linnaeus,Ericaceae,Rhododendron,japonicum,,Japan,,
22851,Geometridae,Planociampa,antipala,,Prout,Ericaceae,Rhododendron,japonicum,,Japan,,
24924,Geometridae,Wilemania,nitobei,,Nitobe,Ericaceae,Rhododendron,japonicum,,Japan,,
137148,Tortricidae,Rhopobota,macrosepalana,,Oku,Ericaceae,Rhododendron,linearifolium,,Japan,,
25952,Gracillariidae,Caloptilia,azaleella,,Brants,Ericaceae,Rhododendron,macrosepalum,,Japan,,
26332,Gracillariidae,Caloptilia,sapporella,,Matsumura,Ericaceae,Rhododendron,macrosepalum,,Japan,,
20264,Geometridae,Jodis,urosticta,,Prout,Ericaceae,Rhododendron,nudipes,,Japan,,
130114,Tortricidae,Cornicacoecia,lafauryana,,Ragonot,Ericaceae,Rhododendron,palustre,,Japan,,
26151,Gracillariidae,Caloptilia,leucothoes,,Kumata,Ericaceae,Rhododendron,reticulatum,,Japan,,
29066,Gracillariidae,Phyllonorycter,yakusimensis,,Kumata,Ericaceae,Rhododendron,tashiroi,,Japan,,
25953,Gracillariidae,Caloptilia,azaleella,,Brants,Ericaceae,Rhododendron,viscistylum,,Japan,,
22815,Geometridae,Plagodis,pulveraria,,Linnaeus,Ericaceae,Rhododendron,wadanum,,Japan,,
86835,Nymphalidae,Neptis,sappho,,Pallas,Leguminosae (P),Rhynchosia,,,Japan,,
133202,Tortricidae,Eupoecilia,ambiguella,,Hübner,Grossulariaceae,Ribes,,,Japan,,
87817,Nymphalidae,Polygonia,c-album,,Linnaeus,Grossulariaceae,Ribes,,,Japan,,
126839,Tortricidae,Archips,breviplicanus,,Walsingham,Grossulariaceae,Ribes,uva-crispa,sativum,Japan,,
127047,Tortricidae,Archips,fuscocupreanus,,Walsingham,Grossulariaceae,Ribes,uva-crispa,sativum,Japan,,
134541,Tortricidae,Lobesia,aeolopa,,Meyrick,Euphorbiaceae,Ricinus,communis,,Japan,,
86836,Nymphalidae,Neptis,sappho,,Pallas,Leguminosae (P),Robinia,,,Japan,,
14091,Geometridae,Ascotis,selenaria,,Denis & Schiff.,Leguminosae (P),Robinia,pseudoacacia,,Japan,,
14454,Geometridae,Biston,robustus,,Butler,Leguminosae (P),Robinia,pseudoacacia,,Japan,,
39176,Lycaenidae,Celastrina,argiolus,,Linnaeus,Leguminosae (P),Robinia,pseudoacacia,,Japan,on flower buds,
16181,Geometridae,Ectropis,bistortata,,Goeze,Leguminosae (P),Robinia,pseudoacacia,,Japan,,
16363,Geometridae,Ectropis,obliqua,,Prout,Leguminosae (P),Robinia,pseudoacacia,,Japan,,
96239,Pieridae,Eurema,hecabe,,Linnaeus,Leguminosae (P),Robinia,pseudoacacia,,Japan,on leaves,
86837,Nymphalidae,Neptis,sappho,,Pallas,Leguminosae (P),Robinia,pseudoacacia,,Japan,,
77494,Notodontidae,Pterostoma,sinicum,,Moore,Leguminosae (P),Robinia,pseudoacacia,,Japan,,
124495,Tortricidae,Acleris,bergmanniana,,Linnaeus,Rosaceae,Rosa,,,Japan,,
126840,Tortricidae,Archips,breviplicanus,,Walsingham,Rosaceae,Rosa,,,Japan,,
14455,Geometridae,Biston,robustus,,Butler,Rosaceae,Rosa,,,Japan,,
129105,Tortricidae,Choristoneura,longicellana,,Walsingham,Rosaceae,Rosa,,,Japan,,
46134,Lymantriidae,Euproctis,pulverea,,Leech,Rosaceae,Rosa,,,Japan,,
133987,Tortricidae,Hedya,walsinghami,,Oku,Rosaceae,Rosa,,,Japan,,
19031,Geometridae,Hemithea,aestivaria,,Hübner,Rosaceae,Rosa,,,Japan,,
134235,Tortricidae,Homona,magnanima,,Diakonoff,Rosaceae,Rosa,,,Japan,,
21610,Geometridae,Odontopera,arida,,Butler,Rosaceae,Rosa,,,Japan,,
137034,Tortricidae,Ptycholoma,circumclusana,,Christoph,Rosaceae,Rosa,,,Japan,,
119283,Sesiidae,Trichocerota,constricta,,Butler,Rosaceae,Rosa,,,Japan,,
119286,Sesiidae,Trichocerota,constricta,,Butler,Rosaceae,Rosa,,,Japan,in stems,
19033,Geometridae,Hemithea,aestivaria,,Hübner,Rosaceae,Rosa,acicularis,,Japan,,
131565,Tortricidae,Dudua,hesperialis,,Walker,Rosaceae,Rosa,microphylla,hirtula,Japan,,
133988,Tortricidae,Hedya,walsinghami,,Oku,Rosaceae,Rosa,microphylla,hirtula,Japan,,
127048,Tortricidae,Archips,fuscocupreanus,,Walsingham,Rosaceae,Rosa,multiflora,,Japan,,
14092,Geometridae,Ascotis,selenaria,,Denis & Schiff.,Rosaceae,Rosa,multiflora,,Japan,,
14177,Geometridae,Auaxa,cesadaria,,Walker,Rosaceae,Rosa,multiflora,,Japan,,
15907,Geometridae,Diplodesma,ussuriaria,,Bremer,Rosaceae,Rosa,multiflora,,Japan,,
131566,Tortricidae,Dudua,hesperialis,,Walker,Rosaceae,Rosa,multiflora,,Japan,,
16317,Geometridae,Ectropis,excellens,,Butler,Rosaceae,Rosa,multiflora,,Japan,,
133989,Tortricidae,Hedya,walsinghami,,Oku,Rosaceae,Rosa,multiflora,,Japan,,
19034,Geometridae,Hemithea,aestivaria,,Hübner,Rosaceae,Rosa,multiflora,,Japan,,
19566,Geometridae,Hypomecis,punctinalis,,Scopoli,Rosaceae,Rosa,multiflora,,Japan,,
135014,Tortricidae,Notocelia,longispina,,Nasu,Rosaceae,Rosa,multiflora,,Japan,,
21586,Geometridae,Nyssiodes,lefuarius,,Erschoff,Rosaceae,Rosa,multiflora,,Japan,,
119287,Sesiidae,Trichocerota,constricta,,Butler,Rosaceae,Rosa,multiflora,,Japan,in stems,
37892,Lycaenidae,Acytolepis,puspa,,Horsfield,Rosaceae,Rosa,polyantha,,Japan,on flower buds,
5121,Carposinidae,Carposina,sasakii,,Matsumura,Rosaceae,Rosa,rugosa,,Japan,in fruits,
134723,Tortricidae,Lobesia,yasudai,,Bae & Komai,Rosaceae,Rosa,rugosa,,Japan,,
134727,Tortricidae,Lobesia,yasudai,,Bae & Komai,Rosaceae,Rosa,rugosa,,Japan,on leaves,
135015,Tortricidae,Notocelia,plumbea,,Nasu,Rosaceae,Rosa,rugosa,,Japan,,
126841,Tortricidae,Archips,breviplicanus,,Walsingham,Rosaceae,Rubus,,,Japan,,
127050,Tortricidae,Archips,fuscocupreanus,,Walsingham,Rosaceae,Rubus,,,Japan,,
127786,Tortricidae,Archips,semistructa,,Meyrick,Rosaceae,Rubus,,,Japan,,
26555,Gracillariidae,Caloptilia,zachrysa,,Meyrick,Rosaceae,Rubus,,,Japan,,
129704,Tortricidae,Cnephasia,cinereipalpana,,Razowski,Rosaceae,Rubus,,,Japan,,
135798,Tortricidae,Pandemis,corylana,,Fabricius,Rosaceae,Rubus,,,Japan,,
10735,Gelechiidae,Dichomeris,hoplocrates,,Meyrick,Rosaceae,Rubus,buergeri,,Japan,,
13273,Geometridae,Alcis,angulifera,,Butler,Rosaceae,Rubus,crataegifolius,,Japan,,
79844,Nymphalidae,Brenthis,ino,,Rottemburg,Rosaceae,Rubus,crataegifolius,,Japan,,
19037,Geometridae,Hemithea,aestivaria,,Hübner,Rosaceae,Rubus,crataegifolius,,Japan,,
118426,Sesiidae,Pennisetia,fixseni,fixseni,Leech,Rosaceae,Rubus,crataegifolius,,Japan,in roots/stems,
22816,Geometridae,Plagodis,pulveraria,,Linnaeus,Rosaceae,Rubus,crataegifolius,,Japan,,
119173,Sesiidae,Synanthedon,tenue,,Butler,Rosaceae,Rubus,crataegifolius,,Japan,in stems,
118439,Sesiidae,Pennisetia,insulicola,,Arita,Rosaceae,Rubus,croceacanthus,,Japan,in roots/stems,
118440,Sesiidae,Pennisetia,insulicola,,Arita,Rosaceae,Rubus,grayanus,,Japan,in roots/stems,
119289,Sesiidae,Trichocerota,esakii,,Yano,Rosaceae,Rubus,grayanus,,Japan,in stems,
118425,Sesiidae,Pennisetia,fixseni,admirabilis,Arita,Rosaceae,Rubus,idaeus,,Japan,in roots/stems,
118435,Sesiidae,Pennisetia,hylaeiformis,assimilis,Arita,Rosaceae,Rubus,idaeus,,Japan,in stems,
28734,Gracillariidae,Phyllonorycter,pulchra,,Kumata,Rosaceae,Rubus,illecebrosus,,Japan,,
124658,Tortricidae,Acleris,enitescens,,Meyrick,Rosaceae,Rubus,microphyllus,,Japan,,
127787,Tortricidae,Archips,semistructa,,Meyrick,Rosaceae,Rubus,microphyllus,,Japan,,
13274,Geometridae,Alcis,angulifera,,Butler,Rosaceae,Rubus,palmatus,,Japan,,
13684,Geometridae,Angerona,nigrisparsa,,Butler,Rosaceae,Rubus,palmatus,,Japan,,
18711,Geometridae,Garaeus,specularis,,Moore,Rosaceae,Rubus,palmatus,,Japan,,
19038,Geometridae,Hemithea,aestivaria,,Hübner,Rosaceae,Rubus,palmatus,,Japan,,
21587,Geometridae,Nyssiodes,lefuarius,,Erschoff,Rosaceae,Rubus,palmatus,,Japan,,
22636,Geometridae,Phthonosema,invenustaria,,Leech,Rosaceae,Rubus,palmatus,,Japan,,
28811,Gracillariidae,Phyllonorycter,rubicola,,Kumata,Rosaceae,Rubus,paniculatus,,Japan,,
15550,Geometridae,Comibaena,argentataria,,Leech,Rosaceae,Rubus,pungens,oldhamii,Japan,,
23173,Geometridae,Protoboarmia,simpliciaria,,Leech,Rosaceae,Rubus,pungens,oldhamii,Japan,,
10736,Gelechiidae,Dichomeris,hoplocrates,,Meyrick,Rosaceae,Rubus,sieboldii,,Japan,,
119291,Sesiidae,Trichocerota,yakushimaensis,,Arita,Rosaceae,Rubus,sieboldii,,Japan,in stems,
42261,Lycaenidae,Lycaena,phlaeas,,Linnaeus,Polygonaceae,Rumex,,,Japan,on flowers/nuts,
26578,Gracillariidae,Calybites,phasianipennella,,Hübner,Polygonaceae,Rumex,japonicus,,Japan,,
21588,Geometridae,Nyssiodes,lefuarius,,Erschoff,Polygonaceae,Rumex,japonicus,,Japan,,
26579,Gracillariidae,Calybites,phasianipennella,,Hübner,Polygonaceae,Rumex,obtusifolius,,Japan,,
129705,Tortricidae,Cnephasia,cinereipalpana,,Razowski,Polygonaceae,Rumex,obtusifolius,,Japan,,
86143,Nymphalidae,Melanitis,phedima,,Cramer,Gramineae,Saccharum,,,Japan,,
124630,Tortricidae,Acleris,dealbata,,Yasuda,Salicaceae,Salix,,,Japan,on,
79077,Nymphalidae,Apatura,ilia,,Denis & Schiff.,Salicaceae,Salix,,,Japan,,
126969,Tortricidae,Archips,endoi,,Yasuda,Salicaceae,Salix,,,Japan,,
127052,Tortricidae,Archips,fuscocupreanus,,Walsingham,Salicaceae,Salix,,,Japan,,
127890,Tortricidae,Archips,xylosteana,,Linnaeus,Salicaceae,Salix,,,Japan,,
26442,Gracillariidae,Caloptilia,stigmatella,,Fabricius,Salicaceae,Salix,,,Japan,,
75758,Notodontidae,Cerura,menciana,,Moore,Salicaceae,Salix,,,Japan,,
75793,Notodontidae,Cerura,vinula,,Linnaeus,Salicaceae,Salix,,,Japan,,
128804,Tortricidae,Choristoneura,adumbratana,,Walsingham,Salicaceae,Salix,,,Japan,,
75847,Notodontidae,Clostera,anachoreta,,Denis & Schiff.,Salicaceae,Salix,,,Japan,,
75866,Notodontidae,Clostera,anastomosis,,Linnaeus,Salicaceae,Salix,,,Japan,,
130117,Tortricidae,Cornicacoecia,lafauryana,,Ragonot,Salicaceae,Salix,,,Japan,,
132177,Tortricidae,Epinotia,cruciana,,Linnaeus,Salicaceae,Salix,,,Japan,,
76479,Notodontidae,Furcula,infumata,,Staudinger,Salicaceae,Salix,,,Japan,,
76481,Notodontidae,Furcula,lanigera,,Butler,Salicaceae,Salix,,,Japan,,
133393,Tortricidae,Gibberifera,simplana,,Fischer v. Rösl.,Salicaceae,Salix,,,Japan,,
76563,Notodontidae,Gonoclostera,triomoniorum,,Bremer,Salicaceae,Salix,,,Japan,,
133983,Tortricidae,Hedya,vicinana,,Ragonot,Salicaceae,Salix,,,Japan,,
134236,Tortricidae,Homona,magnanima,,Diakonoff,Salicaceae,Salix,,,Japan,,
134329,Tortricidae,Homonopsis,foederatana,,Kennel,Salicaceae,Salix,,,Japan,,
134958,Tortricidae,Metendothenia,atropunctana,,Zetterstedt,Salicaceae,Salix,,,Japan,,
77126,Notodontidae,Notodonta,torva,,Hübner,Salicaceae,Salix,,,Japan,,
86957,Nymphalidae,Nymphalis,antiopa,,Linnaeus,Salicaceae,Salix,,,Japan,,
87067,Nymphalidae,Nymphalis,polychloros,,Linnaeus,Salicaceae,Salix,,,Japan,,
87128,Nymphalidae,Nymphalis,xanthomelas,,Denis & Schiff.,Salicaceae,Salix,,,Japan,,
87129,Nymphalidae,Nymphalis,xanthomelas,,Denis & Schiff.,Salicaceae,Salix,,,Japan,,
118405,Sesiidae,Paranthrene,tabaniformis,,Rottemburg,Salicaceae,Salix,,,Japan,in trunks,
28690,Gracillariidae,Phyllonorycter,pastorella,,Zeller,Salicaceae,Salix,,,Japan,,
28814,Gracillariidae,Phyllonorycter,salicicolella,,Sircom,Salicaceae,Salix,,,Japan,,
28848,Gracillariidae,Phyllonorycter,salictella,,Zeller,Salicaceae,Salix,,,Japan,,
77535,Notodontidae,Ptilodon,robusta,,Matsumura,Salicaceae,Salix,,,Japan,,
137035,Tortricidae,Ptycholoma,circumclusana,,Christoph,Salicaceae,Salix,,,Japan,,
137453,Tortricidae,Saliciphaga,acharis,,Butler,Salicaceae,Salix,,,Japan,,
137457,Tortricidae,Saliciphaga,caesia,,Falkovitsh,Salicaceae,Salix,,,Japan,,
77899,Notodontidae,Stauropus,fagi,,Linnaeus,Salicaceae,Salix,,,Japan,,
118811,Sesiidae,Synanthedon,fukuzumii,,Spatenka & Arita,Salicaceae,Salix,,,Japan,in trunks,
118856,Sesiidae,Synanthedon,herzi,,Spatenka & Gorb.,Salicaceae,Salix,,,Japan,in trunks,
118884,Sesiidae,Synanthedon,multitarsus,,Spatenka & Arita,Salicaceae,Salix,,,Japan,in branches/trunk,
13031,Geometridae,Abraxas,fulvobasalis,,Warren,Salicaceae,Salix,babylonica,,Japan,,
79081,Nymphalidae,Apatura,ilia,,Denis & Schiff.,Salicaceae,Salix,babylonica,,Japan,,
26004,Gracillariidae,Caloptilia,chrysolampra,,Meyrick,Salicaceae,Salix,babylonica,,Japan,,
16182,Geometridae,Ectropis,bistortata,,Goeze,Salicaceae,Salix,babylonica,,Japan,,
28692,Gracillariidae,Phyllonorycter,pastorella,,Zeller,Salicaceae,Salix,babylonica,,Japan,,
14554,Geometridae,Cabera,exanthemata,,Scopoli,Salicaceae,Salix,caprea,,Japan,,
26446,Gracillariidae,Caloptilia,stigmatella,,Fabricius,Salicaceae,Salix,caprea,,Japan,,
16936,Geometridae,Erannis,golda,,Butler,Salicaceae,Salix,caprea,,Japan,,
19040,Geometridae,Hemithea,aestivaria,,Hübner,Salicaceae,Salix,caprea,,Japan,,
20454,Geometridae,Larerannis,filipjevi,,Wehrli,Salicaceae,Salix,caprea,,Japan,,
20678,Geometridae,Lycia,hirtaria,,Clerck,Salicaceae,Salix,caprea,,Japan,,
19945,Geometridae,Inurois,fumosa,,Inoue,Salicaceae,Salix,gracilistyla,,Japan,,
21595,Geometridae,Ochrognesia,difficta,,Walker,Salicaceae,Salix,gracilistyla,,Japan,,
118885,Sesiidae,Synanthedon,multitarsus,,Spatenka & Arita,Salicaceae,Salix,gracilistyla,,Japan,in branches/trunk,
13032,Geometridae,Abraxas,fulvobasalis,,Warren,Salicaceae,Salix,integra,,Japan,,
124820,Tortricidae,Acleris,issikii,,Oku,Salicaceae,Salix,integra,,Japan,,
14093,Geometridae,Ascotis,selenaria,,Denis & Schiff.,Salicaceae,Salix,integra,,Japan,,
16318,Geometridae,Ectropis,excellens,,Butler,Salicaceae,Salix,integra,,Japan,,
16364,Geometridae,Ectropis,obliqua,,Prout,Salicaceae,Salix,integra,,Japan,,
79083,Nymphalidae,Apatura,ilia,,Denis & Schiff.,Salicaceae,Salix,koriyanagi,,Japan,,
21596,Geometridae,Ochrognesia,difficta,,Walker,Salicaceae,Salix,koriyanagi,,Japan,,
20680,Geometridae,Lycia,hirtaria,,Clerck,Salicaceae,Salix,miyabeana,,Japan,,
22637,Geometridae,Phthonosema,invenustaria,,Leech,Salicaceae,Salix,triandra,,Japan,,
24114,Geometridae,Semiothisa,shanghaisaria,,Walker,Salicaceae,Salix,triandra,,Japan,,
24115,Geometridae,Semiothisa,shanghaisaria,,Walker,Salicaceae,Salix,udensis,,Japan,,
118607,Sesiidae,Sesia,yezoensis,,Hampson,Salicaceae,Salix,udensis,,Japan,in roots/trunk,
118609,Sesiidae,Sesia,yezoensis,,Hampson,Salicaceae,Salix,udensis,,Japan,in trunks,
20682,Geometridae,Lycia,hirtaria,,Clerck,Salicaceae,Salix,urbaniana,,Japan,,
13033,Geometridae,Abraxas,fulvobasalis,,Warren,Salicaceae,Salix,vulpina,,Japan,,
13057,Geometridae,Abraxas,grossulariata,,Linnaeus,Salicaceae,Salix,vulpina,,Japan,,
13361,Geometridae,Alsophila,japonensis,,Warren,Salicaceae,Salix,vulpina,,Japan,,
15533,Geometridae,Colotois,pennaria,,Linnaeus,Salicaceae,Salix,vulpina,,Japan,,
16319,Geometridae,Ectropis,excellens,,Butler,Salicaceae,Salix,vulpina,,Japan,,
16365,Geometridae,Ectropis,obliqua,,Prout,Salicaceae,Salix,vulpina,,Japan,,
19567,Geometridae,Hypomecis,punctinalis,,Scopoli,Salicaceae,Salix,vulpina,,Japan,,
21979,Geometridae,Ourapteryx,obtusicauda,,Warren,Salicaceae,Salix,vulpina,,Japan,,
22497,Geometridae,Phigalia,sinuosaria,,Leech,Salicaceae,Salix,vulpina,,Japan,,
22652,Geometridae,Phthonosema,tendinosaria,,Bremer,Salicaceae,Salix,vulpina,,Japan,,
25198,Geometridae,Zethenia,albonotaria,,Bremer,Salicaceae,Salix,vulpina,,Japan,,
79079,Nymphalidae,Apatura,ilia,,Denis & Schiff.,Salicaceae,Salix,X blanda,,Japan,,
43678,Lycaenidae,Shijimia,moorei,moorei,Leech,Labiatae,Salvia,japonica,taipingshanensis,Japan,on buds/flowers,
43679,Lycaenidae,Shijimia,moorei,moorei,Leech,Labiatae,Salvia,scapiformis,,Japan,on buds/flowers,
20215,Geometridae,Jodis,argutaria,,Walker,Caprifoliaceae,Sambucus,sieboldiana,,Japan,,
79823,Nymphalidae,Brenthis,daphne,,Denis & Schiff.,Rosaceae,Sanguisorba,,,Japan,,
42316,Lycaenidae,Maculinea,teleius,,Bergsträsser,Rosaceae,Sanguisorba,officinalis,,Japan,on flowers,
21589,Geometridae,Nyssiodes,lefuarius,,Erschoff,Rosaceae,Sanguisorba,officinalis,,Japan,,
133242,Tortricidae,Eupoecilia,citrinana,,Razowski,Rosaceae,Sanguisorba,tenuifolia,,Japan,,
134574,Tortricidae,Lobesia,bicinctana,,Duponchel,Rosaceae,Sanguisorba,tenuifolia,,Japan,,
42317,Lycaenidae,Maculinea,teleius,,Bergsträsser,Rosaceae,Sanguisorba,tenuifolia,,Japan,on flowers,
9992,Gelechiidae,Capidentalia,sapindivora,,Clarke,Sapindaceae,Sapindus,mukurossi,,Japan,,
77522,Notodontidae,Ptilodon,hoegei,,Graeser,Sapindaceae,Sapindus,mukurossi,,Japan,,
26324,Gracillariidae,Caloptilia,sapiivora,,Kumata,Euphorbiaceae,Sapium,japonicum,,Japan,,
76888,Notodontidae,Mimopydna,pallida,,Butler,Gramineae,Sasa,,,Japan,,
86588,Nymphalidae,Neope,goschkevitschii,,Ménétriés,Gramineae,Sasa,,,Japan,,
78029,Notodontidae,Torigea,plumosa,,Leech,Gramineae,Sasa,,,Japan,,
78030,Notodontidae,Torigea,straminea,,Moore,Gramineae,Sasa,,,Japan,,
131687,Tortricidae,Enarmonia,flammeata,,Kuznetsov,Gramineae,Sasa,palmata,,Japan,,
110332,Saturniidae,Actias,artemis,,Bremer & Grey,Anacardiaceae,Schinus,terebinthifolius,,Japan (prov),,Y
26359,Gracillariidae,Caloptilia,schisandrae,,Kumata,Schisandraceae,Schisandra,chinensis,,Japan,,
43674,Lycaenidae,Scolitantides,orion,,Pallas,Crassulaceae,Sedum,kamtschaticum,,Japan,on leaves,
139794,Yponomeutidae,Swammerdamia,sedella,,Moriuti,Crassulaceae,Sedum,makinoi,,Japan,,
78535,Nymphalidae,Acrophtalmia,artemis,,Felder,Selaginellaceae,Selaginella,delicatula,,Japan,,
88366,Nymphalidae,Ragadia,luzonia,,Felder,Selaginellaceae,Selaginella,delicatula,,Japan,,
88368,Nymphalidae,Ragadia,luzonia,,Felder,Selaginellaceae,Selaginella,fenixii ?,,Japan,,
78536,Nymphalidae,Acrophtalmia,artemis,,Felder,Selaginellaceae,Selaginella,fenixii,,Japan,,
134724,Tortricidae,Lobesia,yasudai,,Bae & Komai,Compositae,Senecio,cannabifolius,,Japan,,
95081,Pieridae,Catopsilia,pomona,,Fabricius,Leguminosae (C),Senna,alata,,Japan,,
95127,Pieridae,Catopsilia,pyranthe,,Linnaeus,Leguminosae (C),Senna,alata,,Japan,,
95084,Pieridae,Catopsilia,pomona,,Fabricius,Leguminosae (C),Senna,didymobotrya,,Japan,,
95131,Pieridae,Catopsilia,pyranthe,,Linnaeus,Leguminosae (C),Senna,obtusifolia,,Japan,,
96243,Pieridae,Eurema,hecabe,,Linnaeus,Leguminosae (C),Senna,obtusifolia,,Japan,on leaves,
95136,Pieridae,Catopsilia,pyranthe,,Linnaeus,Leguminosae (C),Senna,occidentalis,,Japan,,
96245,Pieridae,Eurema,hecabe,,Linnaeus,Leguminosae (C),Senna,siamea,,Japan,on leaves,
81217,Nymphalidae,Cinclidia,phoebe,,Denis & Schiff.,Compositae,Serratula,,,Japan,,
14095,Geometridae,Ascotis,selenaria,,Denis & Schiff.,Compositae,Serratula,wolffii,,Japan,,
81343,Nymphalidae,Clossiana,freija,,Thunberg,Rosaceae,Sieversia,,,Japan,,
85512,Nymphalidae,Kaniska,canace,,Linnaeus,Smilacaceae,Smilax,,,Japan,,
85513,Nymphalidae,Kaniska,canace,,Linnaeus,Smilacaceae,Smilax,bracteata,,Japan,,
134341,Tortricidae,Homonopsis,illotana,,Kennel,Smilacaceae,Smilax,china,,Japan,,
49250,Lyonetiidae,Proleucoptera,smilactis,,Kuroko,Smilacaceae,Smilax,china,,Japan,,
85518,Nymphalidae,Kaniska,canace,,Linnaeus,Smilacaceae,Smilax,sebeana,,Japan,,
129927,Tortricidae,Cochylidia,heydeniana,,Herrich-Schäffer,Compositae,Solidago,,,Japan,,
134543,Tortricidae,Lobesia,aeolopa,,Meyrick,Compositae,Solidago,canadensis,scabra,Japan,,
14869,Geometridae,Chlorissa,obliterata,,Walker,Compositae,Solidago,virga-aurea,,Japan,,
129706,Tortricidae,Cnephasia,cinereipalpana,,Razowski,Compositae,Solidago,virga-aurea,,Japan,,
58946,Noctuidae,Cucullia,fraterna,,Butler,Compositae,Sonchus,,,Japan,,
39177,Lycaenidae,Celastrina,argiolus,,Linnaeus,Leguminosae (P),Sophora,flavescens,,Japan,on flower buds,
130982,Tortricidae,Cydia,orientis,,Kuznetsov,Leguminosae (P),Sophora,flavescens,,Japan,,
43683,Lycaenidae,Shijimiaeoides,divina,,Fixsen,Leguminosae (P),Sophora,flavescens,,Japan,on flowers,
125163,Tortricidae,Acleris,umbrana,,Hübner,Rosaceae,Sorbus,,,Japan,,
127053,Tortricidae,Archips,fuscocupreanus,,Walsingham,Rosaceae,Sorbus,,,Japan,,
76801,Notodontidae,Leucodonta,bicoloria,,Denis & Schiff.,Rosaceae,Sorbus,,,Japan,,
87072,Nymphalidae,Nymphalis,polychloros,,Linnaeus,Rosaceae,Sorbus,,,Japan,,
28894,Gracillariidae,Phyllonorycter,sorbicola,,Kumata,Rosaceae,Sorbus,,,Japan,,
77526,Notodontidae,Ptilodon,jezoensis,,Matsumura,Rosaceae,Sorbus,,,Japan,,
137215,Tortricidae,Rhopobota,unipunctana,,Haworth,Rosaceae,Sorbus,,,Japan,,
8543,Drepanidae,Tethea,consimilis,,Warren,Rosaceae,Sorbus,,,Japan,,
125136,Tortricidae,Acleris,tigricolor,,Walsingham,Rosaceae,Sorbus,alnifolia,,Japan,,
132213,Tortricidae,Epinotia,exquisitana,,Christoph,Rosaceae,Sorbus,alnifolia,,Japan,,
132882,Tortricidae,Eucosma,exquisitana,,Christoph,Rosaceae,Sorbus,alnifolia,,Japan,,
135261,Tortricidae,Olethreutes,mori,,Matsumura,Rosaceae,Sorbus,alnifolia,,Japan,,
21881,Geometridae,Ophthalmitis,irrorataria,,Bremer & Grey,Rosaceae,Sorbus,alnifolia,,Japan,,
28895,Gracillariidae,Phyllonorycter,sorbicola,,Kumata,Rosaceae,Sorbus,alnifolia,,Japan,,
29029,Gracillariidae,Phyllonorycter,uchidai,,Kumata,Rosaceae,Sorbus,alnifolia,,Japan,,
138591,Tortricidae,Tortrix,sinapina,,Butler,Rosaceae,Sorbus,alnifolia,,Japan,,
126786,Tortricidae,Archips,asiaticus,,Walsingham,Rosaceae,Sorbus,commixta,,Japan,,
132214,Tortricidae,Epinotia,exquisitana,,Christoph,Rosaceae,Sorbus,commixta,,Japan,,
16937,Geometridae,Erannis,golda,,Butler,Rosaceae,Sorbus,commixta,,Japan,,
132883,Tortricidae,Eucosma,exquisitana,,Christoph,Rosaceae,Sorbus,commixta,,Japan,,
20581,Geometridae,Lomographa,simplicior,,Butler,Rosaceae,Sorbus,commixta,,Japan,,
20594,Geometridae,Lomographa,temerata,,Denis & Schiff.,Rosaceae,Sorbus,commixta,,Japan,,
77075,Notodontidae,Nerice,bipartita,,Butler,Rosaceae,Sorbus,commixta,,Japan,,
135774,Tortricidae,Pandemis,cinnamomeana,,Treitschke,Rosaceae,Sorbus,commixta,,Japan,,
28896,Gracillariidae,Phyllonorycter,sorbicola,,Kumata,Rosaceae,Sorbus,commixta,,Japan,,
137172,Tortricidae,Rhopobota,naevana,,Hübner,Rosaceae,Sorbus,commixta,,Japan,,
125001,Tortricidae,Acleris,paradiseana,,Walsingham,Rosaceae,Sorbus,sambucifolia,,Japan,,
86785,Nymphalidae,Neptis,pryeri,,Butler,Rosaceae,Spiraea,,,Japan,,
86796,Nymphalidae,Neptis,rivularis,,Scopoli,Rosaceae,Spiraea,,,Japan,,
135347,Tortricidae,Olethreutes,siderana,,Treitschke,Rosaceae,Spiraea,miyabei,,Japan,,
27985,Gracillariidae,Phyllonorycter,aino,,Kumata,Rosaceae,Spiraea,salicifolia,,Japan,,
13130,Geometridae,Acrodontis,sp. B,,,Stachyuraceae,Stachyurus,praecox,,Japan,,
16320,Geometridae,Ectropis,excellens,,Butler,Stachyuraceae,Stachyurus,praecox,,Japan,,
16674,Geometridae,Epholca,arenosa,,Butler,Stachyuraceae,Stachyurus,praecox,,Japan,,
22653,Geometridae,Phthonosema,tendinosaria,,Bremer,Stachyuraceae,Stachyurus,praecox,,Japan,,
20216,Geometridae,Jodis,argutaria,,Walker,Staphyleaceae,Staphylea,bumalda,,Japan,,
22638,Geometridae,Phthonosema,invenustaria,,Leech,Staphyleaceae,Staphylea,bumalda,,Japan,,
13830,Geometridae,Apeira,syringaria,,Linnaeus,Rosaceae,Stephanandra,incisa,,Japan,,
14096,Geometridae,Ascotis,selenaria,,Denis & Schiff.,Rosaceae,Stephanandra,incisa,,Japan,,
28933,Gracillariidae,Phyllonorycter,stephanandrae,,Kumata,Rosaceae,Stephanandra,incisa,,Japan,,
17980,Geometridae,Eupithecia,melanolopha,,Swinhoe,Menispermaceae,Stephania,,,Japan,,
27733,Gracillariidae,Phodoryctis,stephaniae,,Kumata & Kuroko,Menispermaceae,Stephania,,,Japan,,
27736,Gracillariidae,Phodoryctis,stephaniae,,Kumata & Kuroko,Menispermaceae,Stephania,japonica,,Japan,,
85520,Nymphalidae,Kaniska,canace,,Linnaeus,Convallariaceae,Streptopus,,,Japan,,
85483,Nymphalidae,Kallima,inachus,,Boisduval,Acanthaceae,Strobilanthes,flaccidifolius,,Japan,,
84887,Nymphalidae,Junonia,almana,,Linnaeus,Acanthaceae,Strobilanthes,glandulifera,,Japan,,
85484,Nymphalidae,Kallima,inachus,,Boisduval,Acanthaceae,Strobilanthes,glandulifera,,Japan,,
84888,Nymphalidae,Junonia,almana,,Linnaeus,Acanthaceae,Strobilanthes,japonica,,Japan,,
84889,Nymphalidae,Junonia,almana,,Linnaeus,Acanthaceae,Strobilanthes,oliganthus,,Japan,,
85486,Nymphalidae,Kallima,inachus,,Boisduval,Acanthaceae,Strobilanthes,tashiroi,,Japan,,
21199,Geometridae,Myrteta,sericea,,Butler,Theaceae,Stuartia,pseudo-camellia,,Japan,,
76401,Notodontidae,Eufentonia,nihonica,,Wileman,Theaceae,Stuartia,serrata,,Japan,,
21200,Geometridae,Myrteta,sericea,,Butler,Theaceae,Stuartia,serrata,,Japan,,
77546,Notodontidae,Quadricalcarifera,cyanea,,Leech,Styracaceae,Styrax,,,Japan,,
13128,Geometridae,Acrodontis,sp. A,,,Styracaceae,Styrax,japonicus,,Japan,,
13275,Geometridae,Alcis,angulifera,,Butler,Styracaceae,Styrax,japonicus,,Japan,,
14456,Geometridae,Biston,robustus,,Butler,Styracaceae,Styrax,japonicus,,Japan,,
15802,Geometridae,Cystidia,couaggaria,,Guenée,Styracaceae,Styrax,japonicus,,Japan,,
16321,Geometridae,Ectropis,excellens,,Butler,Styracaceae,Styrax,japonicus,,Japan,,
134712,Tortricidae,Lobesia,virulenta,,Bae & Komai,Styracaceae,Styrax,japonicus,,Japan,on galls,
21195,Geometridae,Myrteta,angelica,,Butler,Styracaceae,Styrax,japonicus,,Japan,,
22190,Geometridae,Pareclipsis,gracilis,,Butler,Styracaceae,Styrax,japonicus,,Japan,,
28951,Gracillariidae,Phyllonorycter,styracis,,Kumata,Styracaceae,Styrax,japonicus,,Japan,,
23198,Geometridae,Pseuderannis,lomozemia,,Prout,Styracaceae,Styrax,japonicus,,Japan,,
21980,Geometridae,Ourapteryx,obtusicauda,,Warren,Styracaceae,Styrax,obassia,,Japan,,
23718,Geometridae,Selenia,adustaria,,Leech,Styracaceae,Styrax,obassia,,Japan,,
44478,Lycaenidae,Udara,albocaeruleus,,Moore,Symplocaceae,Symplocos,glauca,,Japan,,
44479,Lycaenidae,Udara,albocaeruleus,,Moore,Symplocaceae,Symplocos,lucida,,Japan,,
16183,Geometridae,Ectropis,bistortata,,Goeze,Symplocaceae,Symplocos,paniculata,,Japan,,
76422,Notodontidae,Formotensha,deliana,,Gaede,Symplocaceae,Symplocos,paniculata,,Japan,,
21992,Geometridae,Ourapteryx,subpunctaria,,Leech,Symplocaceae,Symplocos,paniculata,,Japan,,
23191,Geometridae,Pseudepione,magnaria,,Wileman,Symplocaceae,Symplocos,paniculata,,Japan,,
23415,Geometridae,Rhynchobapta,cervinaria,,Moore,Symplocaceae,Symplocos,paniculata,,Japan,,
38613,Lycaenidae,Artopoetes,pryeri,,Murray,Oleaceae,Syringa,,,Japan,,
107619,Pyralidae,Palpita,nigropunctalis,,Bremer,Oleaceae,Syringa,,,Japan,,
25896,Gracillariidae,Caloptilia,albicapitata,,Issiki,Oleaceae,Syringa,reticulata,,Japan,,
25931,Gracillariidae,Caloptilia,arsenievi,,Ermolaev,Oleaceae,Syringa,reticulata,,Japan,,
26040,Gracillariidae,Caloptilia,cuculipennella,,Hübner,Oleaceae,Syringa,reticulata,,Japan,,
131329,Tortricidae,Dicanticinta,diticinctana,,Walsingham,Oleaceae,Syringa,reticulata,,Japan,,
25897,Gracillariidae,Caloptilia,albicapitata,,Issiki,Oleaceae,Syringa,vulgaris,,Japan,,
126999,Tortricidae,Archips,fumosus,,Kodama,Taxaceae,Taxus,cuspidata,,Japan,,
134237,Tortricidae,Homona,magnanima,,Diakonoff,Taxaceae,Taxus,cuspidata,,Japan,,
134330,Tortricidae,Homonopsis,foederatana,,Kennel,Taxaceae,Taxus,cuspidata,,Japan,,
21951,Geometridae,Ourapteryx,maculicaudaria,,Motschulsky,Taxaceae,Taxus,cuspidata,,Japan,,
126565,Tortricidae,Apotomis,geminata,,Walsingham,Theaceae,Ternstroemia,,,Japan,,
134544,Tortricidae,Lobesia,aeolopa,,Meyrick,Theaceae,Ternstroemia,gymnanthera,,Japan,,
14098,Geometridae,Ascotis,selenaria,,Denis & Schiff.,Ranunculaceae,Thalictrum,simplex,,Japan,,
48409,Lymantriidae,Parocneria,furva,,Leech,Cupressaceae,Thujopsis,dolabrata,,Japan,,
76568,Notodontidae,Hagapteryx,admirabilis,,Staudinger,Tiliaceae,Tilia,,,Japan,,
64790,Noctuidae,Lithophane,plumbealis,,Matsumura,Tiliaceae,Tilia,,,Japan,,
77902,Notodontidae,Stauropus,fagi,,Linnaeus,Tiliaceae,Tilia,,,Japan,,
78049,Notodontidae,Urodonta,viridimixta,,Bremer,Tiliaceae,Tilia,,,Japan,,
73529,Noctuidae,Xanthia,japonago,,Wileman & West,Tiliaceae,Tilia,,,Japan,,
28421,Gracillariidae,Phyllonorycter,issikii,,Kumata,Tiliaceae,Tilia,amurensis,,Japan,,
124491,Tortricidae,Acleris,aurichalcana,,Bremer,Tiliaceae,Tilia,japonica,,Japan,,
15681,Geometridae,Cryptochorina,amphidasyaria,,Oberthür,Tiliaceae,Tilia,japonica,,Japan,,
76397,Notodontidae,Epinotodonta,fumosa,,Matsumura,Tiliaceae,Tilia,japonica,,Japan,,
16938,Geometridae,Erannis,golda,,Butler,Tiliaceae,Tilia,japonica,,Japan,,
20687,Geometridae,Lycia,hirtaria,,Clerck,Tiliaceae,Tilia,japonica,,Japan,,
135219,Tortricidae,Olethreutes,hydrangeana,,Kuznetsov,Tiliaceae,Tilia,japonica,,Japan,,
28422,Gracillariidae,Phyllonorycter,issikii,,Kumata,Tiliaceae,Tilia,japonica,,Japan,,
77527,Notodontidae,Ptilodon,jezoensis,,Matsumura,Tiliaceae,Tilia,japonica,,Japan,,
28423,Gracillariidae,Phyllonorycter,issikii,,Kumata,Tiliaceae,Tilia,kiusiana,,Japan,,
28424,Gracillariidae,Phyllonorycter,issikii,,Kumata,Tiliaceae,Tilia,mandshurica,,Japan,,
15682,Geometridae,Cryptochorina,amphidasyaria,,Oberthür,Tiliaceae,Tilia,maximowicziana,,Japan,,
16939,Geometridae,Erannis,golda,,Butler,Tiliaceae,Tilia,maximowicziana,,Japan,,
20688,Geometridae,Lycia,hirtaria,,Clerck,Tiliaceae,Tilia,maximowicziana,,Japan,,
28426,Gracillariidae,Phyllonorycter,issikii,,Kumata,Tiliaceae,Tilia,maximowicziana,,Japan,,
29282,Gracillariidae,Telamoptilia,tiliae,,Kumata & Ermol.,Tiliaceae,Tilia,maximowicziana,,Japan,,
21952,Geometridae,Ourapteryx,maculicaudaria,,Motschulsky,Taxaceae,Torreya,nucifera,,Japan,,
27158,Gracillariidae,Eteoryctis,deversa,,Meyrick,Anacardiaceae,Toxicodendron,orientale,,Japan,,
25938,Gracillariidae,Caloptilia,aurifasciata,,Kumata,Anacardiaceae,Toxicodendron,succedaneum,,Japan,,
26050,Gracillariidae,Caloptilia,elongata,,Kumata,Anacardiaceae,Toxicodendron,succedaneum,,Japan,,
26310,Gracillariidae,Caloptilia,rhois,,Kumata,Anacardiaceae,Toxicodendron,succedaneum,,Japan,,
27160,Gracillariidae,Eteoryctis,deversa,,Meyrick,Anacardiaceae,Toxicodendron,succedaneum,,Japan,,
25939,Gracillariidae,Caloptilia,aurifasciata,,Kumata,Anacardiaceae,Toxicodendron,sylvestre,,Japan,,
26051,Gracillariidae,Caloptilia,elongata,,Kumata,Anacardiaceae,Toxicodendron,sylvestre,,Japan,,
26162,Gracillariidae,Caloptilia,matsumurai,,Kumata,Anacardiaceae,Toxicodendron,sylvestre,,Japan,,
26284,Gracillariidae,Caloptilia,recitata,,Meyrick,Anacardiaceae,Toxicodendron,sylvestre,,Japan,,
27161,Gracillariidae,Eteoryctis,deversa,,Meyrick,Anacardiaceae,Toxicodendron,sylvestre,,Japan,,
26163,Gracillariidae,Caloptilia,matsumurai,,Kumata,Anacardiaceae,Toxicodendron,trichocarpum,,Japan,,
26285,Gracillariidae,Caloptilia,recitata,,Meyrick,Anacardiaceae,Toxicodendron,trichocarpum,,Japan,,
27162,Gracillariidae,Eteoryctis,deversa,,Meyrick,Anacardiaceae,Toxicodendron,trichocarpum,,Japan,,
13188,Geometridae,Agathia,curvifiniens,,Prout,Apocynaceae,Trachelospermum,asiaticum,,Japan,,
57977,Noctuidae,Chelonomorpha,japana,,Motschulsky,Ulmaceae,Trema,,,Japan,,
118298,Sesiidae,Melittia,inouei,,Arita & Yata,Cucurbitaceae,Trichosanthes,cucumeroides,,Japan,in stems,
118308,Sesiidae,Melittia,sangaika,nipponica,Arita & Yata,Cucurbitaceae,Trichosanthes,cucumeroides,,Japan,in stems,
118299,Sesiidae,Melittia,inouei,,Arita & Yata,Cucurbitaceae,Trichosanthes,kirilowii,,Japan,in stems,
118309,Sesiidae,Melittia,sangaika,nipponica,Arita & Yata,Cucurbitaceae,Trichosanthes,kirilowii,,Japan,in stems,
85522,Nymphalidae,Kaniska,canace,,Linnaeus,Convallariaceae,Tricyrtis,,,Japan,,
126005,Tortricidae,Ancylis,badiana,,Denis & Schiff.,Leguminosae (P),Trifolium,,,Japan,,
40505,Lycaenidae,Everes,argiades,,Pallas,Leguminosae (P),Trifolium,,,Japan,on buds/leaves,
21590,Geometridae,Nyssiodes,lefuarius,,Erschoff,Leguminosae (P),Trifolium,pratense,,Japan,,
129707,Tortricidae,Cnephasia,cinereipalpana,,Razowski,Leguminosae (P),Trifolium,repens,,Japan,,
130118,Tortricidae,Cornicacoecia,lafauryana,,Ragonot,Leguminosae (P),Trifolium,repens,,Japan,,
15691,Geometridae,Culpinia,diffusa,,Walker,Leguminosae (P),Trifolium,repens,,Japan,,
16366,Geometridae,Ectropis,obliqua,,Prout,Leguminosae (P),Trifolium,repens,,Japan,,
21591,Geometridae,Nyssiodes,lefuarius,,Erschoff,Leguminosae (P),Trifolium,repens,,Japan,,
49245,Lyonetiidae,Proleucoptera,celastrella,,Kuroko,Celastraceae,Tripterygium,regelii,,Japan,,
21144,Geometridae,Microcalicha,sordida,,Butler,Celastraceae,Tripterygium,wilfordii,,Japan,,
23083,Geometridae,Proteostrenia,leda,,Butler,Celastraceae,Tripterygium,wilfordii,,Japan,,
13290,Geometridae,Alcis,medialbifera,,Inoue,Pinaceae,Tsuga,diversifolia,,Japan,,
18698,Geometridae,Garaeus,mirandus,,Butler,Pinaceae,Tsuga,diversifolia,,Japan,,
24862,Geometridae,Tristrophis,veneris,,Butler,Pinaceae,Tsuga,diversifolia,,Japan,,
131230,Tortricidae,Cymolomia,hartigiana,,Saxesen,Pinaceae,Tsuga,sieboldii,,Japan,,
90898,Oecophoridae,Metathrinca,tsugensis,,Kearfott,Pinaceae,Tsuga,sieboldii,,Japan,on,
135676,Tortricidae,Pammene,tsugae,,Issiki,Pinaceae,Tsuga,sieboldii,,Japan,on needles,
136079,Tortricidae,Paracroesia,abievora,,Issiki,Pinaceae,Tsuga,sieboldii,,Japan,,
127054,Tortricidae,Archips,fuscocupreanus,,Walsingham,Ulmaceae,Ulmus,,,Japan,,
76009,Notodontidae,Cnethodonta,grisescens,,Staudinger,Ulmaceae,Ulmus,,,Japan,,
16455,Geometridae,Ennomos,autumnaria,,Werneburg,Ulmaceae,Ulmus,,,Japan,,
87075,Nymphalidae,Nymphalis,polychloros,,Linnaeus,Ulmaceae,Ulmus,,,Japan,,
87133,Nymphalidae,Nymphalis,xanthomelas,,Denis & Schiff.,Ulmaceae,Ulmus,,,Japan,,
87832,Nymphalidae,Polygonia,c-album,,Linnaeus,Ulmaceae,Ulmus,,,Japan,,
89394,Nymphalidae,Vanessa,indica,,Herbst,Ulmaceae,Ulmus,,,Japan,,
13083,Geometridae,Abraxas,satoi,,Inoue,Ulmaceae,Ulmus,davidiana,,Japan,,
13090,Geometridae,Abraxas,sylvata,,Scopoli,Ulmaceae,Ulmus,davidiana,,Japan,,
125150,Tortricidae,Acleris,ulmicola,,Meyrick,Ulmaceae,Ulmus,davidiana,,Japan,,
13362,Geometridae,Alsophila,japonensis,,Warren,Ulmaceae,Ulmus,davidiana,,Japan,,
13685,Geometridae,Angerona,nigrisparsa,,Butler,Ulmaceae,Ulmus,davidiana,,Japan,,
127895,Tortricidae,Archips,xylosteana,,Linnaeus,Ulmaceae,Ulmus,davidiana,japonica,Japan,,
26518,Gracillariidae,Caloptilia,ulmi,,Kumata,Ulmaceae,Ulmus,davidiana,,Japan,,
26519,Gracillariidae,Caloptilia,ulmi,,Kumata,Ulmaceae,Ulmus,davidiana,japonica,Japan,,
129462,Tortricidae,Clepsis,imitator,,Walsingham,Ulmaceae,Ulmus,davidiana,,Japan,,
132567,Tortricidae,Epinotia,ulmi,,Kuznetsov,Ulmaceae,Ulmus,davidiana,,Japan,,
132568,Tortricidae,Epinotia,ulmi,,Kuznetsov,Ulmaceae,Ulmus,davidiana,japonica,Japan,,
132570,Tortricidae,Epinotia,ulmicola,,Kuznetsov,Ulmaceae,Ulmus,davidiana,,Japan,,
132571,Tortricidae,Epinotia,ulmicola,,Kuznetsov,Ulmaceae,Ulmus,davidiana,japonica,Japan,,
16940,Geometridae,Erannis,golda,,Butler,Ulmaceae,Ulmus,davidiana,,Japan,,
76764,Notodontidae,Hupodonta,lignea,,Matsumura,Ulmaceae,Ulmus,davidiana,,Japan,,
20455,Geometridae,Larerannis,filipjevi,,Wehrli,Ulmaceae,Ulmus,davidiana,,Japan,,
76859,Notodontidae,Lophontosia,cuculus,,Staudinger,Ulmaceae,Ulmus,davidiana,,Japan,,
20690,Geometridae,Lycia,hirtaria,,Clerck,Ulmaceae,Ulmus,davidiana,,Japan,,
77076,Notodontidae,Nerice,davidi,,Oberthür,Ulmaceae,Ulmus,davidiana,,Japan,,
22053,Geometridae,Pachyligia,dolosa,,Butler,Ulmaceae,Ulmus,davidiana,,Japan,,
135776,Tortricidae,Pandemis,cinnamomeana,,Treitschke,Ulmaceae,Ulmus,davidiana,japonica,Japan,,
77278,Notodontidae,Peridea,graeseri,,Staudinger,Ulmaceae,Ulmus,davidiana,,Japan,,
28062,Gracillariidae,Phyllonorycter,bicinctella,,Matsumura,Ulmaceae,Ulmus,davidiana,,Japan,,
29038,Gracillariidae,Phyllonorycter,ulmi,,Kumata,Ulmaceae,Ulmus,davidiana,,Japan,,
137036,Tortricidae,Ptycholoma,circumclusana,,Christoph,Ulmaceae,Ulmus,davidiana,,Japan,,
43662,Lycaenidae,Satyrium,w-album,,Knoch,Ulmaceae,Ulmus,davidiana,,Japan,on buds/leaves,
77875,Notodontidae,Spatalia,dives,,Oberthür,Ulmaceae,Ulmus,davidiana,,Japan,,
78044,Notodontidae,Urodonta,arcuata,,Alphéraky,Ulmaceae,Ulmus,davidiana,,Japan,,
13091,Geometridae,Abraxas,sylvata,,Scopoli,Ulmaceae,Ulmus,laciniata,,Japan,,
14424,Geometridae,Biston,regalis,,Moore,Ulmaceae,Ulmus,laciniata,,Japan,,
132569,Tortricidae,Epinotia,ulmi,,Kuznetsov,Ulmaceae,Ulmus,laciniata,,Japan,,
132572,Tortricidae,Epinotia,ulmicola,,Kuznetsov,Ulmaceae,Ulmus,laciniata,,Japan,,
16941,Geometridae,Erannis,golda,,Butler,Ulmaceae,Ulmus,laciniata,,Japan,,
76765,Notodontidae,Hupodonta,lignea,,Matsumura,Ulmaceae,Ulmus,laciniata,,Japan,,
20691,Geometridae,Lycia,hirtaria,,Clerck,Ulmaceae,Ulmus,laciniata,,Japan,,
77077,Notodontidae,Nerice,davidi,,Oberthür,Ulmaceae,Ulmus,laciniata,,Japan,,
28469,Gracillariidae,Phyllonorycter,laciniatae,,Kumata,Ulmaceae,Ulmus,laciniata,,Japan,,
29014,Gracillariidae,Phyllonorycter,tristrigella,,Haworth,Ulmaceae,Ulmus,laciniata,,Japan,,
29039,Gracillariidae,Phyllonorycter,ulmi,,Kumata,Ulmaceae,Ulmus,laciniata,,Japan,,
24925,Geometridae,Wilemania,nitobei,,Nitobe,Ulmaceae,Ulmus,laciniata,,Japan,,
97649,Psychidae,Chalioides,kondonis,,Kondo,Ulmaceae,Ulmus,parvifolia,,Japan,,
134546,Tortricidae,Lobesia,aeolopa,,Meyrick,Ulmaceae,Ulmus,parvifolia,,Japan,,
134566,Tortricidae,Lobesia,aeolopa,,Meyrick,Ulmaceae,Ulmus,parvifolia,,Japan,on leaves,
29254,Gracillariidae,Telamoptilia,cathedraea,,Meyrick,Malvaceae,Urena,lobata,,Japan,,
29257,Gracillariidae,Telamoptilia,cathedraea,,Meyrick,Malvaceae,Urena,tomentosa,,Japan,,
78287,Nymphalidae,Acraea,issoria,,Hübner,Urticaceae,Urtica,,,Japan,,
78724,Nymphalidae,Aglais,urticae,,Linnaeus,Urticaceae,Urtica,,,Japan,,
79120,Nymphalidae,Araschnia,burejana,,Bremer,Urticaceae,Urtica,,,Japan,,
79123,Nymphalidae,Araschnia,levana,,Linnaeus,Urticaceae,Urtica,,,Japan,,
84782,Nymphalidae,Inachis,io,,Linnaeus,Urticaceae,Urtica,,,Japan,,
89395,Nymphalidae,Vanessa,indica,,Herbst,Urticaceae,Urtica,,,Japan,,
78725,Nymphalidae,Aglais,urticae,,Linnaeus,Urticaceae,Urtica,angustifolia,,Japan,,
78731,Nymphalidae,Aglais,urticae,,Linnaeus,Urticaceae,Urtica,laetevirens,,Japan,,
127118,Tortricidae,Archips,ingentanus,,Christoph,Urticaceae,Urtica,thunbergiana,,Japan,,
128756,Tortricidae,Celypha,lacunana,,Denis & Schiff.,Urticaceae,Urtica,thunbergiana,,Japan,,
89398,Nymphalidae,Vanessa,indica,,Herbst,Urticaceae,Urtica,thunbergiana,,Japan,,
26078,Gracillariidae,Caloptilia,geminata,,Kumata,Ericaceae,Vaccinium,,,Japan,,
134342,Tortricidae,Homonopsis,illotana,,Kennel,Ericaceae,Vaccinium,,,Japan,,
137218,Tortricidae,Rhopobota,unipunctana,,Haworth,Ericaceae,Vaccinium,,,Japan,,
134239,Tortricidae,Homona,magnanima,,Diakonoff,Ericaceae,Vaccinium,bracteatum,,Japan,,
139735,Yponomeutidae,Saridoscelis,,,,Ericaceae,Vaccinium,bracteatum,,Japan,,
21981,Geometridae,Ourapteryx,obtusicauda,,Warren,Ericaceae,Vaccinium,hirsutum,,Japan,,
26079,Gracillariidae,Caloptilia,geminata,,Kumata,Ericaceae,Vaccinium,hirtum,,Japan,,
20265,Geometridae,Jodis,urosticta,,Prout,Ericaceae,Vaccinium,hirtum,,Japan,,
23418,Geometridae,Sabaria,paupera,,Butler,Ericaceae,Vaccinium,hirtum,,Japan,,
22823,Geometridae,Plagodis,pulveraria,,Linnaeus,Ericaceae,Vaccinium,japonicum,,Japan,,
23419,Geometridae,Sabaria,paupera,,Butler,Ericaceae,Vaccinium,japonicum,,Japan,,
13061,Geometridae,Abraxas,grossulariata,,Linnaeus,Ericaceae,Vaccinium,oldhami,,Japan,,
20245,Geometridae,Jodis,putata,,Linnaeus,Ericaceae,Vaccinium,oldhami,,Japan,,
135256,Tortricidae,Olethreutes,moderata,,Falkovitsh,Ericaceae,Vaccinium,oldhami,,Japan,,
21982,Geometridae,Ourapteryx,obtusicauda,,Warren,Ericaceae,Vaccinium,oldhami,,Japan,,
23199,Geometridae,Pseuderannis,lomozemia,,Prout,Ericaceae,Vaccinium,oldhami,,Japan,,
138649,Tortricidae,Ukamenia,sapporensis,,Matsumura,Ericaceae,Vaccinium,oldhami,,Japan,,
23877,Geometridae,Semiothisa,brunneata,,Thunberg,Ericaceae,Vaccinium,uliginosum,,Japan,,
129708,Tortricidae,Cnephasia,cinereipalpana,,Razowski,Ericaceae,Vaccinium,vitis-idaea,,Japan,,
23878,Geometridae,Semiothisa,brunneata,,Thunberg,Ericaceae,Vaccinium,vitis-idaea,,Japan,,
86192,Nymphalidae,Melitaea,diamina,,Lang,Valerianaceae,Valeriana,,,Japan,,
15687,Geometridae,Culcula,panterinaria,,Bremer & Grey,Euphorbiaceae,Vernicia,cordata,,Japan,,
13062,Geometridae,Abraxas,grossulariata,,Linnaeus,Caprifoliaceae,Viburnum,dilatatum,,Japan,,
13276,Geometridae,Alcis,angulifera,,Butler,Caprifoliaceae,Viburnum,dilatatum,,Japan,,
14457,Geometridae,Biston,robustus,,Butler,Caprifoliaceae,Viburnum,dilatatum,,Japan,,
15535,Geometridae,Colotois,pennaria,,Linnaeus,Caprifoliaceae,Viburnum,dilatatum,,Japan,,
15803,Geometridae,Cystidia,couaggaria,,Guenée,Caprifoliaceae,Viburnum,dilatatum,,Japan,,
21948,Geometridae,Otoplecta,frigida,,Butler,Caprifoliaceae,Viburnum,dilatatum,,Japan,on flower buds,
21983,Geometridae,Ourapteryx,obtusicauda,,Warren,Caprifoliaceae,Viburnum,dilatatum,,Japan,,
29054,Gracillariidae,Phyllonorycter,viburni,,Kumata,Caprifoliaceae,Viburnum,dilatatum,,Japan,,
44480,Lycaenidae,Udara,albocaeruleus,,Moore,Caprifoliaceae,Viburnum,dilatatum,,Japan,,
25199,Geometridae,Zethenia,albonotaria,,Bremer,Caprifoliaceae,Viburnum,dilatatum,,Japan,,
26747,Gracillariidae,Cameraria,hikosanensis,,Kumata,Caprifoliaceae,Viburnum,erosum,,Japan,,
29055,Gracillariidae,Phyllonorycter,viburni,,Kumata,Caprifoliaceae,Viburnum,erosum,,Japan,,
28122,Gracillariidae,Phyllonorycter,cinctata,,Kumata,Caprifoliaceae,Viburnum,erubescens,,Japan,,
97650,Psychidae,Chalioides,kondonis,,Kondo,Caprifoliaceae,Viburnum,odoratissimum,,Japan,,
15628,Geometridae,Comostola,subtiliaria,,Bremer,Caprifoliaceae,Viburnum,odoratissimum,awabuki,Japan,,
134240,Tortricidae,Homona,magnanima,,Diakonoff,Caprifoliaceae,Viburnum,odoratissimum,awabuki,Japan,,
21611,Geometridae,Odontopera,arida,,Butler,Caprifoliaceae,Viburnum,odoratissimum,awabuki,Japan,,
21966,Geometridae,Ourapteryx,nivea,,Butler,Caprifoliaceae,Viburnum,odoratissimum,awabuki,Japan,,
44481,Lycaenidae,Udara,albocaeruleus,,Moore,Caprifoliaceae,Viburnum,odoratissimum,awabuki,Japan,,
124662,Tortricidae,Acleris,exsucana,,Kennel,Caprifoliaceae,Viburnum,opulus,calvescens,Japan,,
13686,Geometridae,Angerona,nigrisparsa,,Butler,Caprifoliaceae,Viburnum,plicatum,,Japan,,
18712,Geometridae,Garaeus,specularis,,Moore,Caprifoliaceae,Viburnum,plicatum,,Japan,,
24926,Geometridae,Wilemania,nitobei,,Nitobe,Caprifoliaceae,Viburnum,plicatum,,Japan,,
26748,Gracillariidae,Cameraria,hikosanensis,,Kumata,Caprifoliaceae,Viburnum,sieboldii,,Japan,,
29056,Gracillariidae,Phyllonorycter,viburni,,Kumata,Caprifoliaceae,Viburnum,wrightii,,Japan,,
40773,Lycaenidae,Glaucopsyche,lycormas,,Butler,Leguminosae (P),Vicia,cracca,,Japan,on flower buds,
42149,Lycaenidae,Lycaeides,cleobis,,Bremer,Leguminosae (P),Vicia,cracca,,Japan,,
40774,Lycaenidae,Glaucopsyche,lycormas,,Butler,Leguminosae (P),Vicia,japonica,,Japan,on flower buds,
29057,Gracillariidae,Phyllonorycter,viciae,,Kumata,Leguminosae (P),Vicia,japonica,,Japan,,
21592,Geometridae,Nyssiodes,lefuarius,,Erschoff,Leguminosae (P),Vicia,sativa,,Japan,,
42151,Lycaenidae,Lycaeides,cleobis,,Bremer,Leguminosae (P),Vicia,unijuga,,Japan,on buds/leaves,
21593,Geometridae,Nyssiodes,lefuarius,,Erschoff,Leguminosae (P),Vicia,unijuga,,Japan,,
42150,Lycaenidae,Lycaeides,cleobis,,Bremer,Leguminosae (P),Vicia,venosa,,Japan,,
14100,Geometridae,Ascotis,selenaria,,Denis & Schiff.,Leguminosae (P),Vigna,angularis,,Japan,,
40240,Lycaenidae,Euchrysops,cnejus,,Fabricius,Leguminosae (P),Vigna,angularis,,Japan,on buds/flowers/fruits,
41819,Lycaenidae,Lampides,boeticus,,Linnaeus,Leguminosae (P),Vigna,angularis,,Japan,on flowers/fruits,
40241,Lycaenidae,Euchrysops,cnejus,,Fabricius,Leguminosae (P),Vigna,marina,,Japan,on buds/flowers/fruits,
41552,Lycaenidae,Jamides,bochus,,Stoll,Leguminosae (P),Vigna,marina,,Japan,,
27699,Gracillariidae,Phodoryctis,caerulea,,Meyrick,Leguminosae (P),Vigna,marina,,Japan,,
134855,Tortricidae,Matsumuraeses,phaseoli,,Matsumura,Leguminosae (P),Vigna,mungo,,Japan,in fruits,
79151,Nymphalidae,Argynnis,anadyomene,,Felder,Violaceae,Viola,,,Japan,,
79166,Nymphalidae,Argynnis,paphia,,Linnaeus,Violaceae,Viola,,,Japan,,
79204,Nymphalidae,Argyronome,laodice,,Pallas,Violaceae,Viola,,,Japan,,
79208,Nymphalidae,Argyronome,ruslana,,Motschulsky,Violaceae,Viola,,,Japan,,
81372,Nymphalidae,Clossiana,iphigenia,,Graeser,Violaceae,Viola,,,Japan,,
81411,Nymphalidae,Clossiana,thore,,Hübner,Violaceae,Viola,,,Japan,,
81713,Nymphalidae,Damora,sagana,,Doubleday,Violaceae,Viola,,,Japan,,
86316,Nymphalidae,Mesoacidalia,aglaja,,Linnaeus,Violaceae,Viola,,,Japan,,
83819,Nymphalidae,Fabriciana,nerippe,,Felder,Violaceae,Viola,betonicifolia,,Japan,,
79178,Nymphalidae,Argyreus,hyperbius,,Linnaeus,Violaceae,Viola,confusa,,Japan,,
83820,Nymphalidae,Fabriciana,nerippe,,Felder,Violaceae,Viola,confusa,,Japan,,
79152,Nymphalidae,Argynnis,anadyomene,,Felder,Violaceae,Viola,grypoceras,,Japan,,
79182,Nymphalidae,Argyreus,hyperbius,,Linnaeus,Violaceae,Viola,mandshurica,,Japan,,
83821,Nymphalidae,Fabriciana,nerippe,,Felder,Violaceae,Viola,mandshurica,,Japan,,
83822,Nymphalidae,Fabriciana,nerippe,,Felder,Violaceae,Viola,phalacrocarpa,,Japan,,
79155,Nymphalidae,Argynnis,anadyomene,,Felder,Violaceae,Viola,philippica ?,,Japan,,
83823,Nymphalidae,Fabriciana,nerippe,,Felder,Violaceae,Viola,sieboldii,,Japan,,
83824,Nymphalidae,Fabriciana,nerippe,,Felder,Violaceae,Viola,sororia,,Japan,,
83825,Nymphalidae,Fabriciana,nerippe,,Felder,Violaceae,Viola,tricolor,,Japan,,
83826,Nymphalidae,Fabriciana,nerippe,,Felder,Violaceae,Viola,verecunda,,Japan,,
55935,Noctuidae,Asteropetes,noctuina,,Butler,Vitaceae,Vitis,,,Japan,,
118236,Sesiidae,Glossosphecia,romanovi,,Leech,Vitaceae,Vitis,,,Japan,in stems,
134548,Tortricidae,Lobesia,aeolopa,,Meyrick,Vitaceae,Vitis,,,Japan,,
134567,Tortricidae,Lobesia,aeolopa,,Meyrick,Vitaceae,Vitis,,,Japan,on leaves,
118328,Sesiidae,Nokona,regalis,,Butler,Vitaceae,Vitis,coignetiae,,Japan,in stems,
118321,Sesiidae,Nokona,purpurea,,Yano,Vitaceae,Vitis,ficifolia,,Japan,in stems,
118329,Sesiidae,Nokona,regalis,,Butler,Vitaceae,Vitis,ficifolia,,Japan,in stems,
134549,Tortricidae,Lobesia,aeolopa,,Meyrick,Vitaceae,Vitis,labrusca,,Japan,,
118330,Sesiidae,Nokona,regalis,,Butler,Vitaceae,Vitis,vinifera,,Japan,in stems,
24745,Geometridae,Thinopteryx,crocoptera,,Kollar,Vitaceae,Vitis,vinifera,,Japan,,
119278,Sesiidae,Toleria,romanovi,,Leech,Vitaceae,Vitis,vinifera,,Japan,in stems,
15804,Geometridae,Cystidia,couaggaria,,Guenée,Caprifoliaceae,Weigela,coraeensis,,Japan,,
15807,Geometridae,Cystidia,stratonice,,Stoll,Caprifoliaceae,Weigela,coraeensis,,Japan,,
85563,Nymphalidae,Ladoga,camilla,,Linnaeus,Caprifoliaceae,Weigela,coraeensis,,Japan,,
10875,Gelechiidae,Dichomeris,oceanis,,Meyrick,Leguminosae (P),Wisteria,,,Japan,,
65006,Noctuidae,Lygephila,vulcanea,,Butler,Leguminosae (P),Wisteria,,,Japan,,
86838,Nymphalidae,Neptis,sappho,,Pallas,Leguminosae (P),Wisteria,,,Japan,,
77904,Notodontidae,Stauropus,fagi,,Linnaeus,Leguminosae (P),Wisteria,,,Japan,,
13363,Geometridae,Alsophila,japonensis,,Warren,Leguminosae (P),Wisteria,floribunda,,Japan,,
13687,Geometridae,Angerona,nigrisparsa,,Butler,Leguminosae (P),Wisteria,floribunda,,Japan,,
13894,Geometridae,Apochima,juglansiaria,,Graeser,Leguminosae (P),Wisteria,floribunda,,Japan,,
14101,Geometridae,Ascotis,selenaria,,Denis & Schiff.,Leguminosae (P),Wisteria,floribunda,,Japan,,
15350,Geometridae,Cleora,leucophaea,,Butler,Leguminosae (P),Wisteria,floribunda,,Japan,,
10877,Gelechiidae,Dichomeris,oceanis,,Meyrick,Leguminosae (P),Wisteria,floribunda,,Japan,,
16322,Geometridae,Ectropis,excellens,,Butler,Leguminosae (P),Wisteria,floribunda,,Japan,,
134241,Tortricidae,Homona,magnanima,,Diakonoff,Leguminosae (P),Wisteria,floribunda,,Japan,,
27201,Gracillariidae,Hyloconis,wisteriae,,Kumata,Leguminosae (P),Wisteria,floribunda,,Japan,,
19569,Geometridae,Hypomecis,punctinalis,,Scopoli,Leguminosae (P),Wisteria,floribunda,,Japan,,
134806,Tortricidae,Matsumuraeses,azukivora,,Matsumura,Leguminosae (P),Wisteria,floribunda,,Japan,on leaves,
86839,Nymphalidae,Neptis,sappho,,Pallas,Leguminosae (P),Wisteria,floribunda,,Japan,,
22498,Geometridae,Phigalia,sinuosaria,,Leech,Leguminosae (P),Wisteria,floribunda,,Japan,,
29149,Gracillariidae,Psydrocerocops,wisteriae,,Kuroko,Leguminosae (P),Wisteria,floribunda,,Japan,,
77495,Notodontidae,Pterostoma,sinicum,,Moore,Leguminosae (P),Wisteria,floribunda,,Japan,,
43260,Lycaenidae,Rapala,arata,,Bremer,Leguminosae (P),Wisteria,floribunda,,Japan,on buds/flowers,
119177,Sesiidae,Synanthedon,tenue,,Butler,Leguminosae (P),Wisteria,floribunda,,Japan,in vine galls,
10879,Gelechiidae,Dichomeris,oceanis,,Meyrick,Leguminosae (P),Wisteria,japonica,,Japan,,
16185,Geometridae,Ectropis,bistortata,,Goeze,Rutaceae,Zanthoxylum,ailanthoides,,Japan,,
16186,Geometridae,Ectropis,bistortata,,Goeze,Rutaceae,Zanthoxylum,schinifolium,,Japan,,
86146,Nymphalidae,Melanitis,phedima,,Cramer,Gramineae,Zea,,,Japan,,
54294,Noctuidae,Amphipoea,ussuriensis,,Peterson,Gramineae,Zea,mays,,Japan,,
55440,Noctuidae,Apamea,lateritia,,Hufnagel,Gramineae,Zea,mays,,Japan,,
61532,Noctuidae,Gortyna,fortis,,Butler,Gramineae,Zea,mays,,Japan,,
63013,Noctuidae,Hydraecia,amurensis,,Staudinger,Gramineae,Zea,mays,,Japan,,
65629,Noctuidae,Mesapamea,concinnata,,Heinicke,Gramineae,Zea,mays,,Japan,,
76569,Notodontidae,Hagapteryx,admirabilis,,Staudinger,Ulmaceae,Zelkova,,,Japan,,
87134,Nymphalidae,Nymphalis,xanthomelas,,Denis & Schiff.,Ulmaceae,Zelkova,,,Japan,,
77905,Notodontidae,Stauropus,fagi,,Linnaeus,Ulmaceae,Zelkova,,,Japan,,
124613,Tortricidae,Acleris,cristana,,Denis & Schiff.,Ulmaceae,Zelkova,serrata,,Japan,,
124822,Tortricidae,Acleris,japonica,,Walsingham,Ulmaceae,Zelkova,serrata,,Japan,,
13129,Geometridae,Acrodontis,sp. A,,,Ulmaceae,Zelkova,serrata,,Japan,,
13364,Geometridae,Alsophila,japonensis,,Warren,Ulmaceae,Zelkova,serrata,,Japan,,
13895,Geometridae,Apochima,juglansiaria,,Graeser,Ulmaceae,Zelkova,serrata,,Japan,,
14458,Geometridae,Biston,robustus,,Butler,Ulmaceae,Zelkova,serrata,,Japan,,
26520,Gracillariidae,Caloptilia,ulmi,,Kumata,Ulmaceae,Zelkova,serrata,,Japan,,
132573,Tortricidae,Epinotia,ulmicola,,Kuznetsov,Ulmaceae,Zelkova,serrata,,Japan,,
16942,Geometridae,Erannis,golda,,Butler,Ulmaceae,Zelkova,serrata,,Japan,,
19570,Geometridae,Hypomecis,punctinalis,,Scopoli,Ulmaceae,Zelkova,serrata,,Japan,,
19937,Geometridae,Inurois,fletcheri,,Inoue,Ulmaceae,Zelkova,serrata,,Japan,,
19961,Geometridae,Inurois,punctigera,,Prout,Ulmaceae,Zelkova,serrata,,Japan,,
19976,Geometridae,Inurois,tenuis,,Butler,Ulmaceae,Zelkova,serrata,,Japan,,
76860,Notodontidae,Lophontosia,pryeri,,Butler,Ulmaceae,Zelkova,serrata,,Japan,,
22054,Geometridae,Pachyligia,dolosa,,Butler,Ulmaceae,Zelkova,serrata,,Japan,,
77279,Notodontidae,Peridea,graeseri,,Staudinger,Ulmaceae,Zelkova,serrata,,Japan,,
22572,Geometridae,Phigalia,verecundaria,,Leech,Ulmaceae,Zelkova,serrata,,Japan,,
29022,Gracillariidae,Phyllonorycter,tritorrhecta,,Meyrick,Ulmaceae,Zelkova,serrata,,Japan,,
29068,Gracillariidae,Phyllonorycter,zelkovae,,Kumata,Ulmaceae,Zelkova,serrata,,Japan,,
22852,Geometridae,Planociampa,antipala,,Prout,Ulmaceae,Zelkova,serrata,,Japan,,
77876,Notodontidae,Spatalia,dives,,Oberthür,Ulmaceae,Zelkova,serrata,,Japan,,
78045,Notodontidae,Urodonta,arcuata,,Alphéraky,Ulmaceae,Zelkova,serrata,,Japan,,
24927,Geometridae,Wilemania,nitobei,,Nitobe,Ulmaceae,Zelkova,serrata,,Japan,,
41520,Lycaenidae,Jamides,alecto,,Felder,Zingiberaceae,Zingiber,zerumbet,,Japan,on flower buds,
