HOSTS ID,Insect Family,Insect Genus,Insect Species,Insect Subspecies,Insect Author,Hostplant Family,Hostplant Genus,Hostplant Species,Hostplant Subspecies/var,Location,Damage,Lab Rearing
99952,Pyralidae,Achroia,grisella,,Fabricius,Detritophagous,,,,Southern Africa,on beeswax,
53780,Noctuidae,Agrotis,oliveata,,Hampson,Polyphagous,,,,South Africa,on herbs,
529,Arctiidae,Amphicallia,bellatrix,,Dalman,Leguminosae (P),,,,Southern Africa,on wild pea,
75693,Notodontidae,Antheua,ornata,,Walker,Gramineae,,,,Southern Africa,,
75698,Notodontidae,Antheua,ornata,,Walker,Gramineae,,,,Southern Africa,on grasses,
75721,Notodontidae,Antheua,woerdeni,,Snellen,Gramineae,,,,Southern Africa,,
75727,Notodontidae,Antheua,woerdeni,,Snellen,Gramineae,,,,Southern Africa,on grasses,
44900,Lymantriidae,Aroa,discalis,,Walker,Gramineae,,,,Southern Africa,on grasses,
965,Arctiidae,Asura,sagenaria,,Wallengren,Lichenes,,,,Southern Africa,,
55961,Noctuidae,Athetis,ignava,,Guenée,Detritophagous,,,,South Africa,on sugarcane trash,
56010,Noctuidae,Athetis,xantholopha,,Hampson,Detritophagous,,,,South Africa,on sugarcane trash,
79700,Nymphalidae,Bicyclus,safitza,,Westwood,Gramineae,,,,Southern Africa,,
56881,Noctuidae,Brithys,pancratii,,Cyrillo,Liliaceae,,,,Southern Africa,,
112630,Saturniidae,Bunaeopsis,arabella,,Aurivillius,Gramineae,,,,Southern Africa,,
112646,Saturniidae,Bunaeopsis,oubie,,Guérin-Méneville,Gramineae,,,,Southern Africa,,
101214,Pyralidae,Cadra,cautella,,Walker,Detritophagous,,,,Southern Africa,on chocolate,
101215,Pyralidae,Cadra,cautella,,Walker,Detritophagous,,,,Southern Africa,on cocoa,
101216,Pyralidae,Cadra,cautella,,Walker,Detritophagous,,,,Southern Africa,on corn meal,
101217,Pyralidae,Cadra,cautella,,Walker,Detritophagous,,,,Southern Africa,on cotton meal,
101219,Pyralidae,Cadra,cautella,,Walker,Detritophagous,,,,Southern Africa,on currants,
101225,Pyralidae,Cadra,cautella,,Walker,Detritophagous,,,,Southern Africa,on figs,
101231,Pyralidae,Cadra,cautella,,Walker,Detritophagous,,,,Southern Africa,on oil cake,
101233,Pyralidae,Cadra,cautella,,Walker,Detritophagous,,,,Southern Africa,on raisins,
101262,Pyralidae,Cadra,cautella,,Walker,Detritophagous,,,,Southern Africa,on walnuts,
33332,Lasiocampidae,Catalebeda,jamesoni,,Bethune-Baker,Gramineae,,,,Southern Africa,on grasses,
1070,Arctiidae,Chionaema,pretoriae,,Distant,Lichenes,,,,Southern Africa,,
58382,Noctuidae,Coccidiphaga,scitula,,Rambur,Insecta,,,,Southern Africa,on Coccidae,
81536,Nymphalidae,Coenyra,aurantiaca,,Riley,Gramineae,,,,Southern Africa,,
102263,Pyralidae,Crocidolomia,pavonana,,Fabricius,Cruciferae,,,,Southern Africa,,
45249,Lymantriidae,Cropera,testacea,,Walker,Gramineae,,,,Southern Africa,,
45257,Lymantriidae,Cropera,testacea,,Walker,Gramineae,,,,Southern Africa,on tall grass,
1255,Arctiidae,Cyana,pretoriae,,Distant,Lichenes,,,,Southern Africa,on lichens,
102725,Pyralidae,Diaphania,indica,,Saunders,Cucurbitaceae,,,,Southern Africa,,
103030,Pyralidae,Dichocrocis,polystidzalis,,Hampson,Polyphagous,,,,Southern Africa,on fruit trees,
82217,Nymphalidae,Dingana,dingana,,Trimen,Gramineae,,,,Southern Africa,,
82261,Nymphalidae,Dira,clytus,,Linnaeus,Gramineae,,,,Southern Africa,,
82266,Nymphalidae,Dira,jansei,,Swierstra,Gramineae,,,,Southern Africa,,
82268,Nymphalidae,Dira,oxylus,,Trimen,Gramineae,,,,Southern Africa,,
82270,Nymphalidae,Dira,swanepoeli,,van Son,Gramineae,,,,Southern Africa,,
74761,Nolidae,Earias,cupreoviridis,,Walker,Malvaceae,,,,Southern Africa,,
1421,Arctiidae,Eilema,bipuncta,,Hübner,Lichenes,,,,Southern Africa,,
1459,Arctiidae,Eilema,similipuncta,,Hampson,Lichenes,,,,Southern Africa,on lichens,
29703,Hepialidae,Eudalaca,rufescens,,Hampson,Gramineae,,,,South Africa,on pastures,
97931,Psychidae,Eumeta,moddermanni,,Heylaerts,Polyphagous,,,,South Africa,on fruit trees,
97932,Psychidae,Eumeta,moddermanni,,Heylaerts,Polyphagous,,,,South Africa,on trees,
45826,Lymantriidae,Euproctis,crocata,,Boisduval,Lichenes,,,,Southern Africa,,
46251,Lymantriidae,Euproctis,terminalis,,Walker,Polyphagous,,,,South Africa,on conifers,
33544,Lasiocampidae,Euwallengrenia,reducta,,Walker,Gramineae,,,,Southern Africa,,
33548,Lasiocampidae,Euwallengrenia,reducta,,Walker,Gramineae,,,,Southern Africa,on grasses,
104660,Pyralidae,Galleria,mellonella,,Linnaeus,Detritophagous,,,,Southern Africa,on beeswax,
31166,Hesperiidae,Gegenes,hottentota,,Latreille,Gramineae,,,,Southern Africa,,
29710,Hepialidae,Gorgopis,libania,,Stoll,Gramineae,,,,Southern Africa,on grass roots,
29711,Hepialidae,Gorgopis,libania,,Stoll,Gramineae,,,,South Africa,on grasses,
114168,Saturniidae,Gynanisa,maja,,Klug,Polyphagous,,,,South Africa,,
62784,Noctuidae,Heraclia,superba,,Butler,Leguminosae (P),,,,Southern Africa,on wild pea,
114823,Saturniidae,Holocerina,smilax,,Westwood,Polyphagous,,,,South Africa,on broad-leaved trees,
32988,Hyblaeidae,Hyblaea,puera,,Cramer,Verbenaceae,,,,Southern Africa,,
32989,Hyblaeidae,Hyblaea,puera,,Cramer,Vitaceae,,,,Southern Africa,,
63499,Noctuidae,Idia,gigantalis,,Hampson,Detritophagous,,,,Southern Africa,on grass in termitaria,
2421,Arctiidae,Ilemodes,heterogyna,,Hampson,Lichenes,,,,Southern Africa,,
2422,Arctiidae,Ilemodes,heterogyna,,Hampson,Lichenes,,,,Southern Africa,on lichens,
115884,Saturniidae,Imbrasia,cytherea,,Fabricius,Polyphagous,,,,South Africa,on trees,
9372,Eupterotidae,Janomima,westwoodi,,Aurivillius,Gramineae,,,,Southern Africa,,
9375,Eupterotidae,Janomima,westwoodi,,Aurivillius,Gramineae,,,,Southern Africa,on grasses,
46427,Lymantriidae,Laelia,fracta,,Schaus & Clement,Gramineae,,,,Southern Africa,on grasses,
46434,Lymantriidae,Laelia,octophora,,Hampson,Lichenes,,,,Southern Africa,,
46435,Lymantriidae,Laelia,octophora,,Hampson,Lichenes,,,,Southern Africa,on lichens,
33869,Lasiocampidae,Leipoxais,peraffinis,,Holland,Rutaceae,,,,Southern Africa,,
64314,Noctuidae,Leucania,tacuna,,Felder & Rogenh.,Gramineae,,,,Southern Africa,in grasses,
105951,Pyralidae,Loxostege,frustalis,,Zeller,Polyphagous,,,,South Africa,on fodder plants,
105952,Pyralidae,Loxostege,frustalis,,Zeller,Gramineae,,,,South Africa,on pastures,
106156,Pyralidae,Maruca,testulalis,,Geyer,Leguminosae (P),,,,Southern Africa,in beans,
31618,Hesperiidae,Metisella,metis,,Linnaeus,Gramineae,,,,Southern Africa,,
65742,Noctuidae,Micragrotis,interstriata,,Hampson,Gramineae,,,,Southern Africa,,
123702,Tineidae,Monopis,speculella,,Zeller,Detritophagous,,,,South Africa,on non-keratin trash,
123703,Tineidae,Monopis,speculella,,Zeller,Detritophagous,,,,South Africa,on wool,
106510,Pyralidae,Mussidia,nigrivenella,,Ragonot,Detritophagous,,,,Southern Africa,on cereals,
116354,Saturniidae,Nudaurelia,cytherea,capensis,Cramer,Polyphagous,,,,South Africa,on conifers,
66754,Noctuidae,Ophiusa,tirhaca,,Cramer,Polyphagous,,,,South Africa,on deciduous shrubs,
34712,Lasiocampidae,Pachypasa,albofasciata,,Aurivillius,Polyphagous,,,,South Africa,on conifers,
36923,Limacodidae,Parasa,latistriga,,Walker,Polyphagous,,,,South Africa,on deciduous trees,
9410,Eupterotidae,Phyllalia,flavicostata,,Fawcett,Gramineae,,,,Southern Africa,,
9411,Eupterotidae,Phyllalia,patens,,Boisduval,Gramineae,,,,Southern Africa,,
9412,Eupterotidae,Phyllalia,thunbergii,,Boisduval,Gramineae,,,,Southern Africa,on grasses,
108331,Pyralidae,Plodia,interpunctella,,Hübner,Detritophagous,,,,Southern Africa,on beans,
108332,Pyralidae,Plodia,interpunctella,,Hübner,Detritophagous,,,,Southern Africa,on cacao,
108333,Pyralidae,Plodia,interpunctella,,Hübner,Detritophagous,,,,Southern Africa,on cakes,
108336,Pyralidae,Plodia,interpunctella,,Hübner,Detritophagous,,,,Southern Africa,on cereals,
108337,Pyralidae,Plodia,interpunctella,,Hübner,Detritophagous,,,,Southern Africa,on chillies,
108340,Pyralidae,Plodia,interpunctella,,Hübner,Detritophagous,,,,Southern Africa,on dried fruits,
108343,Pyralidae,Plodia,interpunctella,,Hübner,Detritophagous,,,,Southern Africa,on drugs,
108344,Pyralidae,Plodia,interpunctella,,Hübner,Detritophagous,,,,Southern Africa,on dry Opuntia,
108345,Pyralidae,Plodia,interpunctella,,Hübner,Detritophagous,,,,Southern Africa,on flour,
108346,Pyralidae,Plodia,interpunctella,,Hübner,Detritophagous,,,,Southern Africa,on fur,
108347,Pyralidae,Plodia,interpunctella,,Hübner,Detritophagous,,,,Southern Africa,on ground nuts,
108348,Pyralidae,Plodia,interpunctella,,Hübner,Detritophagous,,,,Southern Africa,on lupins,
108349,Pyralidae,Plodia,interpunctella,,Hübner,Detritophagous,,,,Southern Africa,on maize meal,
108351,Pyralidae,Plodia,interpunctella,,Hübner,Detritophagous,,,,Southern Africa,on peas,
108352,Pyralidae,Plodia,interpunctella,,Hübner,Detritophagous,,,,Southern Africa,on preserves,
108354,Pyralidae,Plodia,interpunctella,,Hübner,Detritophagous,,,,Southern Africa,on rice,
108375,Pyralidae,Plodia,interpunctella,,Hübner,Detritophagous,,,,Southern Africa,on yeast cakes,
68613,Noctuidae,Plusia,angulum,,Guenée,Polyphagous,,,,South Africa,on herbs,
48454,Lymantriidae,Psalis,pennatula,,Fabricius,Gramineae,,,,Southern Africa,,
116636,Saturniidae,Pseudobunaea,irius,,Fabricius,Polyphagous,,,,South Africa,on trees,
35010,Lasiocampidae,Pseudolyra,distincta,,Distant,Gramineae,,,,Southern Africa,,
35011,Lasiocampidae,Pseudolyra,distincta,,Distant,Gramineae,,,,Southern Africa,on grasses,
108687,Pyralidae,Pyralis,farinalis,,Linnaeus,Detritophagous,,,,Southern Africa,on cotton seed cake,
108689,Pyralidae,Pyralis,farinalis,,Linnaeus,Detritophagous,,,,Southern Africa,on flour,
108690,Pyralidae,Pyralis,farinalis,,Linnaeus,Detritophagous,,,,Southern Africa,on hay,
108692,Pyralidae,Pyralis,farinalis,,Linnaeus,Detritophagous,,,,Southern Africa,on maize flour,
3278,Arctiidae,Rhodogastria,amasis,,Cramer,Anacardiaceae,,,,South Africa,,
3279,Arctiidae,Rhodogastria,amasis,,Cramer,Compositae,,,,South Africa,,
3280,Arctiidae,Rhodogastria,amasis,,Cramer,Crassulaceae,,,,South Africa,,
3281,Arctiidae,Rhodogastria,amasis,,Cramer,Leguminosae,,,,South Africa,,
3282,Arctiidae,Rhodogastria,amasis,,Cramer,Passifloraceae,,,,South Africa,,
3283,Arctiidae,Rhodogastria,amasis,,Cramer,Rutaceae,,,,South Africa,,
3284,Arctiidae,Rhodogastria,amasis,,Cramer,Solanaceae,,,,South Africa,,
3285,Arctiidae,Rhodogastria,amasis,,Cramer,Verbenaceae,,,,South Africa,,
3309,Arctiidae,Rhodogastria,amasis,,Cramer,Polyphagous,,,,South Africa,on ornamental plants,
70174,Noctuidae,Serrodes,partita,,Fabricius,Polyphagous,,,,South Africa,adult fruit feeding,
70223,Noctuidae,Sesamia,calamistis,,Hampson,Gramineae,,,,South Africa,on grass stems,
70429,Noctuidae,Simplicia,extinctalis,,Zeller,Gramineae,,,,South Africa,on reeds,
70430,Noctuidae,Simplicia,extinctalis,,Zeller,Detritophagous,,,,South Africa,on sugarcane trash,
70616,Noctuidae,Sphingomorpha,chlorea,,Cramer,Polyphagous,,,,South Africa,adult fruit feeding,
70754,Noctuidae,Spodoptera,cilium,,Guenée,Gramineae,,,,Southern Africa,on grass roots,
70757,Noctuidae,Spodoptera,cilium,,Guenée,Gramineae,,,,South Africa,on grasses,
70940,Noctuidae,Spodoptera,exempta,,Walker,Gramineae,,,,Southern Africa,,
71003,Noctuidae,Spodoptera,exempta,,Walker,Gramineae,,,,Southern Africa,on grasses,
71225,Noctuidae,Spodoptera,exigua,,Hübner,Gramineae,,,,Southern Africa,on grasses,
71470,Noctuidae,Spodoptera,littoralis,,Boisduval,Cucurbitaceae,,,,Southern Africa,,
72331,Noctuidae,Spodoptera,triturata,,Walker,Gramineae,,,,Southern Africa,on grass roots,
35100,Lasiocampidae,Streblote,concolor,,Walker,Polyphagous,,,,South Africa,on conifers,
35102,Lasiocampidae,Streblote,cristata,,Cramer,Restionaceae,,,,Southern Africa,,
88724,Nymphalidae,Stygionympha,irrorata,,Trimen,Gramineae,,,,Southern Africa,,
88728,Nymphalidae,Stygionympha,wichgrafi,,van Son,Gramineae,,,,Southern Africa,,
4113,Arctiidae,Teracotona,submacula,,Walker,Polyphagous,,,,South Africa,on vegetable crops,
49722,Metarbelidae,Teragra,guttifera,,Hampson,Polyphagous,,,,South Africa,on deciduous trees,
49723,Metarbelidae,Teragra,guttifera,,Hampson,Polyphagous,,,,South Africa,on forest trees,
4130,Arctiidae,Tumicla,sagenaria,,Wallengren,Lichenes,,,,Southern Africa,on lichens,
4244,Arctiidae,Utetheisa,pulchella,,Linnaeus,Gramineae,,,,Southern Africa,on grasses,
73568,Noctuidae,Xanthodes,graellsii,,Feisthamel,Malvaceae,,,,South Africa,,
25124,Geometridae,Xenimpia,erosa,,Warren,Rutaceae,,,,Southern Africa,,
51685,Noctuidae,Acontia,antica,,Walker,Malvaceae,Abutilon,,,Southern Africa,,
54922,Noctuidae,Anomis,flava,,Fabricius,Malvaceae,Abutilon,,,Southern Africa,,
55068,Noctuidae,Anomis,luperca,,Möschler,Malvaceae,Abutilon,,,Southern Africa,,
31195,Hesperiidae,Gomalia,elma,,Trimen,Malvaceae,Abutilon,,,Southern Africa,,
97500,Psychidae,Acanthopsyche,tristis,,Janse,Leguminosae (M),Acacia,,,South Africa,,
51295,Noctuidae,Achaea,catella,,Guenée,Leguminosae (M),Acacia,,,South Africa,on leaves,
51553,Noctuidae,Achaea,lienardi,,Boisduval,Leguminosae (M),Acacia,,,Southern Africa,,
53864,Noctuidae,Agrotis,segetum,,Denis & Schiff.,Leguminosae (M),Acacia,,,South Africa,,
33224,Lasiocampidae,Anadiasa,punctifascia,,Walker,Leguminosae (M),Acacia,,,Southern Africa,,
13997,Geometridae,Ascotis,reciprocaria,,Walker,Leguminosae (M),Acacia,,,Southern Africa,,
56039,Noctuidae,Audea,fatilega,,Felder & Rogenh.,Leguminosae (M),Acacia,,,South Africa,,
38706,Lycaenidae,Azanus,natalensis,,Trimen,Leguminosae (M),Acacia,,,Southern Africa,,
33254,Lasiocampidae,Beralade,perobliqua,,Walker,Leguminosae (M),Acacia,,,Southern Africa,,
80339,Nymphalidae,Charaxes,cithaeron,,Felder & Felder,Leguminosae (M),Acacia,,,Southern Africa,,
15472,Geometridae,Colocleora,proximaria,,Walker,Leguminosae (M),Acacia,,,Southern Africa,,
33351,Lasiocampidae,Concaedes,carinata,,Wallengren,Leguminosae (M),Acacia,,,Southern Africa,,
59091,Noctuidae,Cyligramma,latona,,Cramer,Leguminosae (M),Acacia,,,Southern Africa,,
45363,Lymantriidae,Dasychira,georgiana,,Fawcett,Leguminosae (M),Acacia,,,Southern Africa,,
131609,Tortricidae,Eccopsis,incultana,,Walker,Leguminosae (M),Acacia,,,South Africa,,
45846,Lymantriidae,Euproctis,fasciata,,Walker,Leguminosae (M),Acacia,,,Southern Africa,,
33661,Lasiocampidae,Gonometa,postica,,Walker,Leguminosae (M),Acacia,,,South Africa,,
33662,Lasiocampidae,Gonometa,postica,,Walker,Leguminosae (M),Acacia,,,Southern Africa,,
98102,Psychidae,Kotochalia,junodi,,Heylaerts,Leguminosae (M),Acacia,,,South Africa,,
98103,Psychidae,Kotochalia,junodi,,Heylaerts,Leguminosae (M),Acacia,,,Southern Africa,,
98127,Psychidae,Kotochalia,junodi,,Heylaerts,Leguminosae (M),Acacia,,,Southern Africa,on,
34662,Lasiocampidae,Nadiasa,polydora,,Druce,Leguminosae (M),Acacia,,,Southern Africa,,
34719,Lasiocampidae,Pachypasa,capensis,,Linnaeus,Leguminosae (M),Acacia,,,South Africa,,
34720,Lasiocampidae,Pachypasa,capensis,,Linnaeus,Leguminosae (M),Acacia,,,Southern Africa,,
34807,Lasiocampidae,Pachypasa,truncata,,Walker,Leguminosae (M),Acacia,,,South Africa,,
34808,Lasiocampidae,Pachypasa,truncata,,Walker,Leguminosae (M),Acacia,,,Southern Africa,,
67484,Noctuidae,Pandesma,quenavadi,,Guenée,Leguminosae (M),Acacia,,,Southern Africa,,
68147,Noctuidae,Pericyma,mendax,,Walker,Leguminosae (M),Acacia,,,Southern Africa,,
68156,Noctuidae,Pericyma,umbrina,,Guenée,Leguminosae (M),Acacia,,,Southern Africa,,
23875,Geometridae,Semiothisa,brongusaria,,Walker,Leguminosae (M),Acacia,,,Southern Africa,,
24130,Geometridae,Semiothisa,simplicilinea,,Warren,Leguminosae (M),Acacia,,,Southern Africa,,
70601,Noctuidae,Sphingomorpha,chlorea,,Cramer,Leguminosae (M),Acacia,,,Southern Africa,,
35097,Lasiocampidae,Streblote,concolor,,Walker,Leguminosae (M),Acacia,,,South Africa,,
24492,Geometridae,Tephrina,pulinda,,Walker,Leguminosae (M),Acacia,,,Southern Africa,,
80461,Nymphalidae,Charaxes,ethalion,,Boisduval,Leguminosae (M),Acacia,ataxacantha,,Southern Africa,,
63412,Noctuidae,Hypotacha,retracta,,Hampson,Leguminosae (M),Acacia,caffra,,Southern Africa,,
34690,Lasiocampidae,Odontocheilopteryx,myxa,,Wallengren,Leguminosae (M),Acacia,caffra,,Southern Africa,,
68148,Noctuidae,Pericyma,mendax,,Walker,Leguminosae (M),Acacia,caffra,,Southern Africa,,
73481,Noctuidae,Ulotrichopus,glaucescens,,Hampson,Leguminosae (M),Acacia,caffra,,Southern Africa,,
98276,Psychidae,Metisa,aethiops,,Hampson,Leguminosae (M),Acacia,dealbata,,South Africa,,
34572,Lasiocampidae,Megasoma,acuminata,,Walker,Leguminosae (M),Acacia,gerrardii,,Southern Africa,,
80737,Nymphalidae,Charaxes,phaeus,,Hewitson,Leguminosae (M),Acacia,goetzei,,Southern Africa,,
33225,Lasiocampidae,Anadiasa,punctifascia,,Walker,Leguminosae (M),Acacia,hirtella,,Southern Africa,,
45364,Lymantriidae,Dasychira,georgiana,,Fawcett,Leguminosae (M),Acacia,hirtella,,Southern Africa,,
60051,Noctuidae,Eublemma,nigrivitta,,Hampson,Leguminosae (M),Acacia,hirtella,,Southern Africa,,
46399,Lymantriidae,Laelia,clarki,,Janse,Leguminosae (M),Acacia,hirtella,,Southern Africa,,
20623,Geometridae,Lophostola,atridisca,,Warren,Leguminosae (M),Acacia,hirtella,,Southern Africa,,
34691,Lasiocampidae,Odontocheilopteryx,myxa,,Wallengren,Leguminosae (M),Acacia,hirtella,,Southern Africa,,
68149,Noctuidae,Pericyma,mendax,,Walker,Leguminosae (M),Acacia,hirtella,,Southern Africa,,
69802,Noctuidae,Sarmatia,interitalis,,Guenée,Leguminosae (M),Acacia,hirtella,,Southern Africa,,
23876,Geometridae,Semiothisa,brongusaria,,Walker,Leguminosae (M),Acacia,hirtella,,Southern Africa,,
70602,Noctuidae,Sphingomorpha,chlorea,,Cramer,Leguminosae (M),Acacia,hirtella,,Southern Africa,,
24495,Geometridae,Tephrina,pulinda,deerraria,Walker,Leguminosae (M),Acacia,hirtella,,Southern Africa,,
73479,Noctuidae,Ulotrichopus,catocala,,Felder & Rogenh.,Leguminosae (M),Acacia,hirtella,,Southern Africa,,
73482,Noctuidae,Ulotrichopus,glaucescens,,Hampson,Leguminosae (M),Acacia,hirtella,,Southern Africa,,
73484,Noctuidae,Ulotrichopus,primulina,,Hampson,Leguminosae (M),Acacia,hirtella,,Southern Africa,,
101380,Pyralidae,Ceutholopha,isidis,,Zeller,Leguminosae (M),Acacia,karroo,,South Africa,in galls,
80964,Nymphalidae,Charaxes,zoolina,,Westwood,Leguminosae (M),Acacia,karroo,,Southern Africa,,
14854,Geometridae,Chlorerythra,rubriplaga,,Warren,Leguminosae (M),Acacia,karroo,,Southern Africa,,
102481,Pyralidae,Cryptoblabes,gnidiella,,Millière,Leguminosae (M),Acacia,karroo,,South Africa,in galls,
74708,Nolidae,Earias,biplaga,,Walker,Leguminosae (M),Acacia,karroo,,Southern Africa,,
98105,Psychidae,Kotochalia,junodi,,Heylaerts,Leguminosae (M),Acacia,karroo,,South Africa,,
20563,Geometridae,Lomographa,indularia,,Guenée,Leguminosae (M),Acacia,karroo,,Southern Africa,,
34693,Lasiocampidae,Odontocheilopteryx,myxa,,Wallengren,Leguminosae (M),Acacia,karroo,,Southern Africa,,
68155,Noctuidae,Pericyma,scandulata,,Felder & Rogenh.,Leguminosae (M),Acacia,karroo,,South Africa,,
108625,Pyralidae,Ptyonocera,atrifusella?,,Hampson,Leguminosae (M),Acacia,karroo,,South Africa,in galls,
108626,Pyralidae,Ptyonocera,nr. atrifusella,,Hampson,Leguminosae (M),Acacia,karroo,,South Africa,in galls,
24095,Geometridae,Semiothisa,procidata,,Guenée,Leguminosae (M),Acacia,karroo,,Southern Africa,,
109893,Pyralidae,Trachypteryx,rubripictella,,Hampson,Leguminosae (M),Acacia,karroo,,Southern Africa,,
80966,Nymphalidae,Charaxes,zoolina,,Westwood,Leguminosae (M),Acacia,kraussiana,,Southern Africa,,
51296,Noctuidae,Achaea,catella,,Guenée,Leguminosae (M),Acacia,mearnsii,,South Africa,on leaves,
33226,Lasiocampidae,Anadiasa,punctifascia,,Walker,Leguminosae (M),Acacia,mearnsii,,Southern Africa,,
33274,Lasiocampidae,Bombycopsis,indecora,,Walker,Leguminosae (M),Acacia,mearnsii,,South Africa,,
15239,Geometridae,Cleora,acaciaria,,Boisduval,Leguminosae (M),Acacia,mearnsii,,Southern Africa,,
36093,Limacodidae,Coenobasis,amoena,,Felder,Leguminosae (M),Acacia,mearnsii,,Southern Africa,,
15474,Geometridae,Colocleora,proximaria,,Walker,Leguminosae (M),Acacia,mearnsii,,Southern Africa,,
45365,Lymantriidae,Dasychira,georgiana,,Fawcett,Leguminosae (M),Acacia,mearnsii,,Southern Africa,,
59923,Noctuidae,Ericeia,inangulata,,Guenée,Leguminosae (M),Acacia,mearnsii,,Southern Africa,,
45705,Lymantriidae,Euproctis,aethiopica,,Snellen,Leguminosae (M),Acacia,mearnsii,,Southern Africa,,
45847,Lymantriidae,Euproctis,fasciata,,Walker,Leguminosae (M),Acacia,mearnsii,,Southern Africa,,
46015,Lymantriidae,Euproctis,iridescens,,Janse,Leguminosae (M),Acacia,mearnsii,,South Africa,,
114090,Saturniidae,Gonimbrasia,tyrrhea,,Cramer,Leguminosae (M),Acacia,mearnsii,,Southern Africa,,
33664,Lasiocampidae,Gonometa,postica,,Walker,Leguminosae (M),Acacia,mearnsii,,Southern Africa,,
114164,Saturniidae,Gynanisa,maia,,Klug,Leguminosae (M),Acacia,mearnsii,,Southern Africa,,
114762,Saturniidae,Heniocha,apollonia,,Cramer,Leguminosae (M),Acacia,mearnsii,,Southern Africa,,
114766,Saturniidae,Heniocha,dyops,,Maassen & Weymer,Leguminosae (M),Acacia,mearnsii,,Southern Africa,,
116049,Saturniidae,Imbrasia,wahlbergii,,Boisduval,Leguminosae (M),Acacia,mearnsii,,South Africa,,
98107,Psychidae,Kotochalia,junodi,,Heylaerts,Leguminosae (M),Acacia,mearnsii,,South Africa,,
98129,Psychidae,Kotochalia,junodi,,Heylaerts,Leguminosae (M),Acacia,mearnsii,,South Africa,on leaves,
116270,Saturniidae,Melanocera,menippe,,Westwood,Leguminosae (M),Acacia,mearnsii,,South Africa,,
34694,Lasiocampidae,Odontocheilopteryx,myxa,,Wallengren,Leguminosae (M),Acacia,mearnsii,,Southern Africa,,
34721,Lasiocampidae,Pachypasa,capensis,,Linnaeus,Leguminosae (M),Acacia,mearnsii,,South Africa,,
34809,Lasiocampidae,Pachypasa,truncata,,Walker,Leguminosae (M),Acacia,mearnsii,,Southern Africa,,
68150,Noctuidae,Pericyma,mendax,,Walker,Leguminosae (M),Acacia,mearnsii,,Southern Africa,,
24131,Geometridae,Semiothisa,simplicilinea,,Warren,Leguminosae (M),Acacia,mearnsii,,South Africa,,
3597,Arctiidae,Spilosoma,lutescens,,Walker,Leguminosae (M),Acacia,mearnsii,,South Africa,,Y
35090,Lasiocampidae,Streblote,capensis,,Aurivillius,Leguminosae (M),Acacia,mearnsii,,Southern Africa,,
35105,Lasiocampidae,Streblote,cristata,,Stoll,Leguminosae (M),Acacia,mearnsii,,Southern Africa,,
35197,Lasiocampidae,Streblote,polydora,,Druce,Leguminosae (M),Acacia,mearnsii,,Southern Africa,,
80738,Nymphalidae,Charaxes,phaeus,,Hewitson,Leguminosae (M),Acacia,nigrescens,,Southern Africa,,
56036,Noctuidae,Audea,bipunctata,,Walker,Leguminosae (M),Acacia,sassa,,Southern Africa,,
111800,Saturniidae,Aurivillius,arata,,Westwood,Leguminosae (M),Acacia,sassa,,Southern Africa,,
56679,Noctuidae,Bamra,marmorifera,,Walker,Leguminosae (M),Acacia,sassa,,Southern Africa,,
80340,Nymphalidae,Charaxes,cithaeron,,Felder & Felder,Leguminosae (M),Acacia,sassa,,Southern Africa,,
80463,Nymphalidae,Charaxes,ethalion,,Boisduval,Leguminosae (M),Acacia,sassa,,Southern Africa,,
15475,Geometridae,Colocleora,proximaria,,Walker,Leguminosae (M),Acacia,sassa,,Southern Africa,,
60110,Noctuidae,Eublemmistis,chlorozonea,,Hampson,Leguminosae (M),Acacia,sassa,,Southern Africa,,
63402,Noctuidae,Hypopyra,capensis,,Herrich-Schäffer,Leguminosae (M),Acacia,sassa,,Southern Africa,,
68151,Noctuidae,Pericyma,mendax,,Walker,Leguminosae (M),Acacia,sassa,,Southern Africa,,
35198,Lasiocampidae,Streblote,polydora,,Druce,Leguminosae (M),Acacia,sassa,,Southern Africa,,
46136,Lymantriidae,Euproctis,punctifera,,Walker,Euphorbiaceae,Acalypha,,,Southern Africa,,
86628,Nymphalidae,Neptis,goochi,,Trimen,Euphorbiaceae,Acalypha,,,Southern Africa,,
86731,Nymphalidae,Neptis,laeta,,Overlaet,Euphorbiaceae,Acalypha,,,Southern Africa,,
86745,Nymphalidae,Neptis,melicerta,,Drury,Euphorbiaceae,Acalypha,,,Southern Africa,,
74696,Nolidae,Cryptothripa,polyhymnia,,Hampson,Euphorbiaceae,Acalypha,glabrata,,Southern Africa,,
59564,Noctuidae,Dysgonia,properans,,Walker,Euphorbiaceae,Acalypha,glabrata,,Southern Africa,,
46137,Lymantriidae,Euproctis,punctifera,,Walker,Euphorbiaceae,Acalypha,glabrata,,Southern Africa,,
86811,Nymphalidae,Neptis,saclava,,Boisduval,Euphorbiaceae,Acalypha,glabrata,,Southern Africa,,
86827,Nymphalidae,Neptis,saclava,marpessa,Hopffer,Euphorbiaceae,Acalypha,glabrata,,Southern Africa,,
36795,Limacodidae,Omocena,syrtis,,Schaus & Clement,Euphorbiaceae,Acalypha,glabrata,,Southern Africa,,
15586,Geometridae,Comibaena,leucospilata,,Walker,Myrtaceae,Acca,,,Southern Africa,,
53118,Noctuidae,Aganais,speciosa,,Drury,Apocynaceae,Acokanthera,,,Southern Africa,,
1346,Arctiidae,Digama,aganais,,Felder,Apocynaceae,Acokanthera,oblongifolia,,Southern Africa,,
1357,Arctiidae,Digama,sinuosa,,Hampson,Apocynaceae,Acokanthera,oblongifolia,,Southern Africa,,
30581,Hesperiidae,Coeliades,keithloa,,Wallengren,Malpighiaceae,Acridocarpus,natalitius,,Southern Africa,,
30598,Hesperiidae,Coeliades,pisistratus,,Fabricius,Malpighiaceae,Acridocarpus,pruriens,,Southern Africa,,
78112,Nymphalidae,Acraea,anacreon,,Trimen,Passifloraceae,Adenia,,,Southern Africa,,
66816,Noctuidae,Oraesia,provocans,,Walker,Passifloraceae,Adenia,,,Southern Africa,,
78130,Nymphalidae,Acraea,anemosa,,Hewitson,Passifloraceae,Adenia,abyssinica,,Southern Africa,,
78085,Nymphalidae,Acraea,aganice,,Hewitson,Passifloraceae,Adenia,gummifera,,Southern Africa,,
78321,Nymphalidae,Acraea,natalica,,Boisduval,Passifloraceae,Adenia,gummifera,,Southern Africa,,
78338,Nymphalidae,Acraea,neobule,,Doubleday,Passifloraceae,Adenia,gummifera,,Southern Africa,,
66786,Noctuidae,Oraesia,emarginata,,Fabricius,Passifloraceae,Adenia,gummifera,,Southern Africa,,
66817,Noctuidae,Oraesia,provocans,,Walker,Passifloraceae,Adenia,gummifera,,Southern Africa,,
80968,Nymphalidae,Charaxes,zoolina,,Westwood,Leguminosae (M),Adenopodia,natalensis,,Southern Africa,,
85276,Nymphalidae,Junonia,oenone,,Linnaeus,Acanthaceae,Adhatoda,densiflora,,Southern Africa,,
57112,Noctuidae,Callopistria,yerburii,,Butler,Adiantaceae,Adiantum,,,Southern Africa,,
78114,Nymphalidae,Acraea,anacreon,,Trimen,Leguminosae (P),Aeschynomene,,,Southern Africa,,
80216,Nymphalidae,Charaxes,boueti,,Feisthamel,Leguminosae (C),Afzelia,quanzensis,,Southern Africa,,
80273,Nymphalidae,Charaxes,castor,,Cramer,Leguminosae (C),Afzelia,quanzensis,,Southern Africa,,
80423,Nymphalidae,Charaxes,etesipe,,Godart,Leguminosae (C),Afzelia,quanzensis,,Southern Africa,,
83797,Nymphalidae,Euxanthe,wakefieldi,,Ward,Leguminosae (C),Afzelia,quanzensis,,Southern Africa,,
15476,Geometridae,Colocleora,proximaria,,Walker,Leguminosae (M),Albizia,,,Southern Africa,,
33678,Lasiocampidae,Grammodora,nigrolineata,,Aurivillius,Leguminosae (M),Albizia,,,Southern Africa,,
34664,Lasiocampidae,Nadiasa,polydora,,Druce,Leguminosae (M),Albizia,,,Southern Africa,,
80346,Nymphalidae,Charaxes,cithaeron,,Felder & Felder,Leguminosae (M),Albizia,adianthifolia,,Southern Africa,,
80467,Nymphalidae,Charaxes,ethalion,,Boisduval,Leguminosae (M),Albizia,adianthifolia,,Southern Africa,,
80469,Nymphalidae,Charaxes,ethalion,,Boisduval,Leguminosae (M),Albizia,coriaria,,Southern Africa,,
80471,Nymphalidae,Charaxes,ethalion,,Boisduval,Leguminosae (M),Albizia,gummifera,,Southern Africa,,
80472,Nymphalidae,Charaxes,ethalion,,Boisduval,Leguminosae (M),Albizia,gummifera,chirindensis,Southern Africa,,
29071,Gracillariidae,Polysoma,aenicta,,Vári,Leguminosae (M),Albizia,gummifera,,South Africa,in leaves,
59193,Noctuidae,Diaphone,eumela,,Stoll,Hyacinthaceae,Albuca,,,South Africa,,
59194,Noctuidae,Diaphone,eumela,,Stoll,Hyacinthaceae,Albuca,,,Southern Africa,,
65695,Noctuidae,Metachrostis,decora,,Walker,Hyacinthaceae,Albuca,,,Southern Africa,,
54923,Noctuidae,Anomis,flava,,Fabricius,Malvaceae,Alcea,,,Southern Africa,,
47953,Lymantriidae,Orgyia,mixta,,Snellen,Euphorbiaceae,Alchornea,,,Southern Africa,,
80891,Nymphalidae,Charaxes,varanes,,Cramer,Sapindaceae,Allophylus,melanocarpus,,Southern Africa,,
80892,Nymphalidae,Charaxes,varanes,,Cramer,Sapindaceae,Allophylus,natalensis,,Southern Africa,,
27019,Gracillariidae,Corethrovalva,gonisosema,,Vári,Sapindaceae,Allophylus,natalensis,,South Africa,in leaves,
27018,Gracillariidae,Corethrovalva,allophylina,,Vári,Sapindaceae,Allophylus,transvaalensis,,South Africa,in leaves,
53203,Noctuidae,Agrapha,limbirena,,Guenée,Malvaceae,Althaea,,,Southern Africa,,
55091,Noctuidae,Anomis,sabulifera,,Guenée,Malvaceae,Althaea,,,Southern Africa,,
53204,Noctuidae,Agrapha,limbirena,,Guenée,Malvaceae,Althaea,rosea,,Southern Africa,,
55069,Noctuidae,Anomis,luperca,,Möschler,Malvaceae,Althaea,rosea,,Southern Africa,,
104835,Pyralidae,Haritalodes,derogata,,Fabricius,Malvaceae,Althaea,rosea,,Southern Africa,,
71024,Noctuidae,Spodoptera,exigua,,Hübner,Amaranthaceae,Amaranthus,,,Southern Africa,,
56882,Noctuidae,Brithys,pancratii,,Cyrillo,Amaryllidaceae,Amaryllis,,,Southern Africa,,
80532,Nymphalidae,Charaxes,fulgurata,,Aurivillius,Leguminosae (M),Amblygonocarpus,andongensis,,Southern Africa,,
80546,Nymphalidae,Charaxes,guderiana,,Dewitz,Leguminosae (M),Amblygonocarpus,andongensis,,Southern Africa,,
120959,Sphingidae,Hippotion,eson,,Cramer,Vitaceae,Ampelopsis,,,Southern Africa,,
138459,Tortricidae,Thaumatotibia,leucotreta,,Meyrick,Bromeliaceae,Ananas,comosus,,Southern Africa,on,
34714,Lasiocampidae,Pachypasa,bilinea,,Walker,Annonaceae,Annona,,,Southern Africa,,
92200,Papilionidae,Graphium,angolanus,,Goeze,Annonaceae,Annona,senegalensis,,Southern Africa,,
123022,Sphingidae,Theretra,orpheus,,Herrich-Schäffer,Orchidaceae,Ansellia,africana,,Southern Africa,,
23389,Geometridae,Rhodometra,sacraria,,Linnaeus,Compositae,Anthemis,,,Southern Africa,,
56834,Noctuidae,Brephos,decora,,Linnaeus,Rubiaceae,Anthospermum,aethiopicum,,South Africa,,
59565,Noctuidae,Dysgonia,proxima,,Hampson,Euphorbiaceae,Antidesma,venosum,,Southern Africa,,
59578,Noctuidae,Ecpatia,dulcistriga,,Walker,Euphorbiaceae,Antidesma,venosum,,Southern Africa,,
25170,Geometridae,Zerenopsis,leopardina,,Felder,Icacinaceae,Apodytes,,,Southern Africa,,
15916,Geometridae,Diptychis,geometrina,,Felder,Icacinaceae,Apodytes,dimidiata,,Southern Africa,,
116152,Saturniidae,Lobobunaea,angasana,,Westwood,Icacinaceae,Apodytes,dimidiata,,Southern Africa,,
122825,Sphingidae,Temnora,murina,,Walker,Icacinaceae,Apodytes,dimidiata,,Southern Africa,,
122828,Sphingidae,Temnora,plagiata,,Walker,Icacinaceae,Apodytes,dimidiata,,Southern Africa,,
24869,Geometridae,Veniliodes,pantheraria,,Felder,Icacinaceae,Apodytes,dimidiata,,Southern Africa,,
25171,Geometridae,Zerenopsis,leopardina,,Felder,Icacinaceae,Apodytes,dimidiata,,Southern Africa,,
51356,Noctuidae,Achaea,finita,,Guenée,Leguminosae (P),Arachis,,,Southern Africa,on foliage,
71477,Noctuidae,Spodoptera,littoralis,,Boisduval,Leguminosae (P),Arachis,,,Southern Africa,,
61816,Noctuidae,Helicoverpa,armigera,,Hübner,Leguminosae (P),Arachis,hypogaea,,Southern Africa,,
89077,Nymphalidae,Vanessa,cardui,,Linnaeus,Compositae,Arctium,,,Southern Africa,,
138521,Tortricidae,Tortrix,capensana,,Walker,Compositae,Arctotheca,,,South Africa,,
59049,Noctuidae,Cucullia,terensis,,Felder & Rogenh.,Compositae,Arctotis,,,Southern Africa,,
89087,Nymphalidae,Vanessa,cardui,,Linnaeus,Compositae,Arctotis,,,Southern Africa,,
89089,Nymphalidae,Vanessa,cardui,,Linnaeus,Compositae,Arctotis,grandis,,Southern Africa,,
89091,Nymphalidae,Vanessa,cardui,,Linnaeus,Compositae,Arctotis,stoechadifolia,,Southern Africa,,
45558,Lymantriidae,Dasychira,proteprota,,Hampson,Asclepiadaceae,Asclepias,,,Southern Africa,,
81733,Nymphalidae,Danaus,chrysippus,,Linnaeus,Asclepiadaceae,Asclepias,coarctata,,Southern Africa,,
81739,Nymphalidae,Danaus,chrysippus,,Linnaeus,Asclepiadaceae,Asclepias,fulva,,Southern Africa,,
81742,Nymphalidae,Danaus,chrysippus,,Linnaeus,Asclepiadaceae,Asclepias,lineolata,,Southern Africa,,
81745,Nymphalidae,Danaus,chrysippus,,Linnaeus,Asclepiadaceae,Asclepias,reflexa,,Southern Africa,,
81747,Nymphalidae,Danaus,chrysippus,,Linnaeus,Asclepiadaceae,Asclepias,scabrifolia,,Southern Africa,,
81751,Nymphalidae,Danaus,chrysippus,,Linnaeus,Asclepiadaceae,Asclepias,swynnertonii,,Southern Africa,,
105084,Pyralidae,Herculia,tenuis,,Butler,Annonaceae,Asimina,,,Southern Africa,on leaves,
34573,Lasiocampidae,Mesocelis,montana,,Stoll,Leguminosae (P),Aspalathus,,,Southern Africa,,
48297,Lymantriidae,Orgyia,tricolor,,Herrich-Schäffer,Leguminosae (P),Aspalathus,,,Southern Africa,,
97501,Psychidae,Acanthopsyche,tristis,,Janse,Asparagaceae,Asparagus,,,South Africa,,
46493,Lymantriidae,Leucoma,parva,,Plötz,Compositae,Aspilia,,,Southern Africa,,
33312,Lasiocampidae,Bombycopsis,ochroleuca?,,Felder,Acanthaceae,Asystasia,gangetica,,Southern Africa,,
84630,Nymphalidae,Hypolimnas,misippus,,Linnaeus,Acanthaceae,Asystasia,gangetica,,Southern Africa,,
85152,Nymphalidae,Junonia,hierta,,Fabricius,Acanthaceae,Asystasia,gangetica,,Southern Africa,,
85230,Nymphalidae,Junonia,natalica,,Felder,Acanthaceae,Asystasia,gangetica,,Southern Africa,,
85280,Nymphalidae,Junonia,oenone,,Linnaeus,Acanthaceae,Asystasia,gangetica,,Southern Africa,,
85296,Nymphalidae,Junonia,oenone,oenone,Linnaeus,Acanthaceae,Asystasia,gangetica,,Southern Africa,,
85408,Nymphalidae,Junonia,terea,,Drury,Acanthaceae,Asystasia,gangetica,,Southern Africa,,
85421,Nymphalidae,Junonia,terea,elgiva,Hewitson,Acanthaceae,Asystasia,gangetica,,Southern Africa,,
88409,Nymphalidae,Salamis,parhassus,,Drury,Acanthaceae,Asystasia,gangetica,,Southern Africa,,
64250,Noctuidae,Leucania,phaea,,Hampson,Gramineae,Avena,sativa,,South Africa,,
70195,Noctuidae,Sesamia,calamistis,,Hampson,Gramineae,Avena,sativa,,South Africa,,
89555,Nymphalidae,Ypthima,huebneri,,Kirby,Gramineae,Avena,sativa,,Southern Africa,,
56683,Noctuidae,Baniana,arvorum,,Guenée,Malvaceae,Azanza,,,Southern Africa,,
47140,Lymantriidae,Olapa,fulviceps,,Hampson,Malvaceae,Azanza,,,Southern Africa,,
69430,Noctuidae,Pteronycta,fasciata,,Fawcett,Malvaceae,Azanza,,,Southern Africa,,
70604,Noctuidae,Sphingomorpha,chlorea,,Cramer,Malvaceae,Azanza,,,Southern Africa,,
72831,Noctuidae,Thyatirina,achatina,,Weymer,Malvaceae,Azanza,,,Southern Africa,,
60391,Noctuidae,Eulymnia,pulcherrima,,Hampson,Malvaceae,Azanza,garckeana,,Southern Africa,,
121420,Sphingidae,Likoma,apicalis,,Roths. & Jordan,Malvaceae,Azanza,garckeana,,Southern Africa,,
72832,Noctuidae,Thyatirina,achatina,,Weymer,Malvaceae,Azanza,garckeana,,Southern Africa,,
73575,Noctuidae,Xanthodes,graellsii,,Feisthamel,Malvaceae,Azanza,garckeana,,Southern Africa,,
60722,Noctuidae,Eutelia,polychorda,,Hampson,Leguminosae (C),Baikiaea,,,Southern Africa,,
80349,Nymphalidae,Charaxes,cithaeron,,Felder & Felder,Leguminosae (P),Baphia,racemosa,,Southern Africa,,
39822,Lycaenidae,Deudorix,diocles,,Hewitson,Leguminosae (P),Baphia,racemosa,,Southern Africa,,
122237,Sphingidae,Pseudandriasa,mutata,,Walker,Leguminosae (P),Baphia,racemosa,,Southern Africa,,
85158,Nymphalidae,Junonia,hierta,,Fabricius,Acanthaceae,Barleria,pungens,,Southern Africa,,
78348,Nymphalidae,Acraea,nohara,,Boisduval,Passifloraceae,Basananthe,sandersonii,,Southern Africa,,
78512,Nymphalidae,Acraea,violarum,,Boisduval,Passifloraceae,Basananthe,sandersonii,,Southern Africa,,
51272,Noctuidae,Achaea,catella,,Guenée,Leguminosae (C),Bauhinia,,,Southern Africa,,
29287,Himanopteridae,Anomoeotes,levis,,Felder & Rogenh.,Leguminosae (C),Bauhinia,,,Southern Africa,,
29289,Himanopteridae,Anomoetes,levis,,Felder,Leguminosae (C),Bauhinia,,,Southern Africa,,
80089,Nymphalidae,Charaxes,achaemenes,,Felder & Felder,Leguminosae (C),Bauhinia,,,Southern Africa,,
80712,Nymphalidae,Charaxes,pelias,,Cramer,Leguminosae (C),Bauhinia,,,Southern Africa,,
45367,Lymantriidae,Dasychira,georgiana,,Fawcett,Leguminosae (C),Bauhinia,,,Southern Africa,,
18566,Geometridae,Euproutia,aggravaria,,Guenée,Leguminosae (C),Bauhinia,,,Southern Africa,,
9373,Eupterotidae,Janomima,westwoodi,,Aurivillius,Leguminosae (C),Bauhinia,,,Southern Africa,,
116272,Saturniidae,Melanocera,menippe,,Westwood,Leguminosae (C),Bauhinia,,,South Africa,,
34716,Lasiocampidae,Pachypasa,bilinea,,Walker,Leguminosae (C),Bauhinia,,,Southern Africa,,
34722,Lasiocampidae,Pachypasa,capensis,,Linnaeus,Leguminosae (C),Bauhinia,,,Southern Africa,,
23387,Geometridae,Rhodesia,viridalbata,,Warren,Leguminosae (C),Bauhinia,,,Southern Africa,,
39824,Lycaenidae,Deudorix,diocles,,Hewitson,Leguminosae (C),Bauhinia,galpinii,,Southern Africa,,
80090,Nymphalidae,Charaxes,achaemenes,,Felder & Felder,Leguminosae (C),Bauhinia,thonningii,,Southern Africa,,
53207,Noctuidae,Agrapha,limbirena,,Guenée,Labiatae,Becium,,,Southern Africa,,
53208,Noctuidae,Agrapha,limbirena,,Guenée,Labiatae,Becium,angustifolium,,Southern Africa,,
57930,Noctuidae,Cetola,pulchra,,Bethune-Baker,Labiatae,Becium,angustifolium,,Southern Africa,,
26976,Gracillariidae,Conopomorpha,chionosema,,Vári,Rhamnaceae,Berchemia,discolor,,South Africa,in leaves,
89111,Nymphalidae,Vanessa,cardui,,Linnaeus,Compositae,Berkheya,,,Southern Africa,,
89113,Nymphalidae,Vanessa,cardui,,Linnaeus,Compositae,Berkheya,discolor,,Southern Africa,,
116617,Saturniidae,Pseudobunaea,epithyrena,,Maassen & Weymer,Leguminosae (C),Berlinia,,,South Africa,,
80403,Nymphalidae,Charaxes,druceanus,,Butler,Melianthaceae,Bersama,abyssinica,,Southern Africa,,
71045,Noctuidae,Spodoptera,exigua,,Hübner,Chenopodiaceae,Beta,vulgaris,,Southern Africa,,
4101,Arctiidae,Teracotona,submacula,,Walker,Chenopodiaceae,Beta,vulgaris,,South Africa,,
3476,Arctiidae,Spilosoma,investigatorum,,Karsch,Compositae,Bidens,,,Southern Africa,,
73175,Noctuidae,Trichoplusia,orichalcea,,Fabricius,Compositae,Bidens,,,Southern Africa,,
33265,Lasiocampidae,Bombycopsis,bipars,,Walker,Compositae,Bidens,pilosa,,Southern Africa,,
58420,Noctuidae,Condica,capensis,,Guenée,Compositae,Bidens,pilosa,,Southern Africa,,
61537,Noctuidae,Gracilodes,caffra,,Guenée,Compositae,Bidens,pilosa,,Southern Africa,,
83799,Nymphalidae,Euxanthe,wakefieldi,,Ward,Sapindaceae,Blighia,,,Southern Africa,,
79033,Nymphalidae,Antanartia,schaeneia,,Trimen,Urticaceae,Boehmeria,nivea,,Southern Africa,,
89122,Nymphalidae,Vanessa,cardui,,Linnaeus,Urticaceae,Boehmeria,nivea,,Southern Africa,,
110118,Pyralidae,Uresiphita,polygonalis,,Denis & Schiff.,Leguminosae (P),Bolusanthus,,,Southern Africa,,
50085,Nepticulidae,Ectoedemia,vannifera,,Meyrick,Capparaceae,Boscia,oleoides,,South Africa,on leaves,
15922,Geometridae,Disclisioprocta,natalata,,Walker,Nyctaginaceae,Bougainvillea,,,Southern Africa,,
28083,Gracillariidae,Phyllonorycter,brachylaenae,,Vári,Compositae,Brachylaena,discolor,,South Africa,in leaves,
28084,Gracillariidae,Phyllonorycter,brachylaenae,,Vári,Compositae,Brachylaena,rotundata,,South Africa,in leaves,
88780,Nymphalidae,Tarsocera,cassina,,Butler,Gramineae,Brachypodium,distachyon,,Southern Africa,,
76360,Notodontidae,Epanaphe,clarilla,,Aurivillius,Leguminosae (C),Brachystegia,,,Southern Africa,,
33486,Lasiocampidae,Eucraera,gemmata,,Distant,Leguminosae (C),Brachystegia,,,Southern Africa,,
60723,Noctuidae,Eutelia,polychorda,,Hampson,Leguminosae (C),Brachystegia,,,Southern Africa,,
33585,Lasiocampidae,Gastroplakaeis,meridionalis,,Aurivillius,Leguminosae (C),Brachystegia,,,Southern Africa,,
33665,Lasiocampidae,Gonometa,postica,,Walker,Leguminosae (C),Brachystegia,,,Southern Africa,,
33680,Lasiocampidae,Grammodora,nigrolineata,,Aurivillius,Leguminosae (C),Brachystegia,,,Southern Africa,,
76607,Notodontidae,Heraia,thalassina,,Hampson,Leguminosae (C),Brachystegia,,,Southern Africa,,
9374,Eupterotidae,Janomima,westwoodi,,Aurivillius,Leguminosae (C),Brachystegia,,,Southern Africa,,
121493,Sphingidae,Macropoliana,natalensis,,Butler,Leguminosae (C),Brachystegia,,,South Africa,,
121500,Sphingidae,Macropoliana,oheffernani,,Gess,Leguminosae (C),Brachystegia,,,South Africa,,
34666,Lasiocampidae,Nadiasa,polydora,,Druce,Leguminosae (C),Brachystegia,,,Southern Africa,,
47141,Lymantriidae,Olapa,fulviceps,,Hampson,Leguminosae (C),Brachystegia,,,Southern Africa,,
34706,Lasiocampidae,Pachymetana,sanguicincta,,Aurivillius,Leguminosae (C),Brachystegia,,,Southern Africa,,
116618,Saturniidae,Pseudobunaea,epithyrena,,Maassen & Weymer,Leguminosae (C),Brachystegia,,,South Africa,,
77605,Notodontidae,Scalmicauda,oneili,,Janse,Leguminosae (C),Brachystegia,,,Southern Africa,,
78034,Notodontidae,Trotonotus,bettoni,,Butler,Leguminosae (C),Brachystegia,,,Southern Africa,,
80549,Nymphalidae,Charaxes,guderiana,,Dewitz,Leguminosae (C),Brachystegia,appendiculata,,Southern Africa,,
80550,Nymphalidae,Charaxes,guderiana,,Dewitz,Leguminosae (C),Brachystegia,boehmii,,Southern Africa,,
111547,Saturniidae,Athletes,semialba,,Sonthonnax,Leguminosae (C),Brachystegia,spiciformis,,Southern Africa,,
33314,Lasiocampidae,Bombycopsis,sp.,,,Leguminosae (C),Brachystegia,spiciformis,,Southern Africa,,
80334,Nymphalidae,Charaxes,chintechi,,van Someren,Leguminosae (C),Brachystegia,spiciformis,,Southern Africa,,
80552,Nymphalidae,Charaxes,guderiana,,Dewitz,Leguminosae (C),Brachystegia,spiciformis,,Southern Africa,,
80784,Nymphalidae,Charaxes,protoclea,,Feisthamel,Leguminosae (C),Brachystegia,spiciformis,,Southern Africa,,
112939,Saturniidae,Cinabra,hyperbius,,Westwood,Leguminosae (C),Brachystegia,spiciformis,,Southern Africa,,
76361,Notodontidae,Epanaphe,clarilla,,Aurivillius,Leguminosae (C),Brachystegia,spiciformis,,Southern Africa,,
33487,Lasiocampidae,Eucraera,gemmata,,Distant,Leguminosae (C),Brachystegia,spiciformis,,Southern Africa,,
60724,Noctuidae,Eutelia,polychorda,,Hampson,Leguminosae (C),Brachystegia,spiciformis,,Southern Africa,,
33586,Lasiocampidae,Gastroplakaeis,meridionalis,,Aurivillius,Leguminosae (C),Brachystegia,spiciformis,,Southern Africa,,
33666,Lasiocampidae,Gonometa,postica,,Walker,Leguminosae (C),Brachystegia,spiciformis,,Southern Africa,,
114139,Saturniidae,Goodia,kuntzei,,Dewitz,Leguminosae (C),Brachystegia,spiciformis,,Southern Africa,,
33681,Lasiocampidae,Grammodora,nigrolineata,,Aurivillius,Leguminosae (C),Brachystegia,spiciformis,,Southern Africa,,
76608,Notodontidae,Heraia,thalassina,,Hampson,Leguminosae (C),Brachystegia,spiciformis,,Southern Africa,,
115939,Saturniidae,Imbrasia,epimethea,,Drury,Leguminosae (C),Brachystegia,spiciformis,,Southern Africa,,
115950,Saturniidae,Imbrasia,ertli,,Rebel,Leguminosae (C),Brachystegia,spiciformis,,Southern Africa,,
115973,Saturniidae,Imbrasia,heroum,,Oberthür,Leguminosae (C),Brachystegia,spiciformis,,Southern Africa,,
115977,Saturniidae,Imbrasia,irius,,Fabricius,Leguminosae (C),Brachystegia,spiciformis,,Southern Africa,,
116167,Saturniidae,Lobobunaea,natalensis,,Aurivillius,Leguminosae (C),Brachystegia,spiciformis,,Southern Africa,,
47083,Lymantriidae,Marblepsis,flabellaria,,Fabricius,Leguminosae (C),Brachystegia,spiciformis,,Southern Africa,,
121822,Sphingidae,Neopolyptychus,compar,,Roths. & Jordan,Leguminosae (C),Brachystegia,spiciformis,,Southern Africa,,
34705,Lasiocampidae,Pachymeta,robusta,,Aurivillius,Leguminosae (C),Brachystegia,spiciformis,,Southern Africa,,
77560,Notodontidae,Quista,albicostata,,Hampson,Leguminosae (C),Brachystegia,spiciformis,,Southern Africa,,
77606,Notodontidae,Scalmicauda,oneili,,Janse,Leguminosae (C),Brachystegia,spiciformis,,Southern Africa,,
35199,Lasiocampidae,Streblote,polydora,,Druce,Leguminosae (C),Brachystegia,spiciformis,,Southern Africa,,
78035,Notodontidae,Trotonotus,bettoni,,Butler,Leguminosae (C),Brachystegia,spiciformis,,Southern Africa,,
80553,Nymphalidae,Charaxes,guderiana,,Dewitz,Leguminosae (C),Brachystegia,taxifolia,,Southern Africa,,
53879,Noctuidae,Agrotis,segetum,,Denis & Schiff.,Cruciferae,Brassica,,,Southern Africa,,
56000,Noctuidae,Athetis,singula,,Möschler,Cruciferae,Brassica,,,Southern Africa,,
56921,Noctuidae,Busseola,fusca,,Fuller,Cruciferae,Brassica,,,Southern Africa,,
104979,Pyralidae,Hellula,undalis,,Fabricius,Cruciferae,Brassica,,,Southern Africa,,
71047,Noctuidae,Spodoptera,exigua,,Hübner,Cruciferae,Brassica,,,Southern Africa,,
53882,Noctuidae,Agrotis,segetum,,Denis & Schiff.,Cruciferae,Brassica,oleracea,,Southern Africa,,
102276,Pyralidae,Crocidolomia,pavonana,,Fabricius,Cruciferae,Brassica,oleracea,,Southern Africa,,
104991,Pyralidae,Hellula,undalis,,Fabricius,Cruciferae,Brassica,oleracea,,Southern Africa,,
105017,Pyralidae,Hellula,undalis,,Fabricius,Cruciferae,Brassica,oleracea,,Southern Africa,in webbing,
139623,Yponomeutidae,Plutella,xylostella,,Linnaeus,Cruciferae,Brassica,oleracea,,Southern Africa,on,
71483,Noctuidae,Spodoptera,littoralis,,Boisduval,Cruciferae,Brassica,oleracea,,Southern Africa,,
4102,Arctiidae,Teracotona,submacula,,Walker,Cruciferae,Brassica,oleracea,,South Africa,,
53885,Noctuidae,Agrotis,segetum,,Denis & Schiff.,Cruciferae,Brassica,rapa,sarson,Southern Africa,,
105000,Pyralidae,Hellula,undalis,,Fabricius,Cruciferae,Brassica,rapa,sarson,Southern Africa,,
75664,Notodontidae,Anaphe,panda,,Boisduval,Euphorbiaceae,Bridelia,,,Southern Africa,,
27129,Gracillariidae,Diphtheroptila,oxyloga,,Meyrick,Euphorbiaceae,Bridelia,,,South Africa,in leaves,
80280,Nymphalidae,Charaxes,castor,,Cramer,Euphorbiaceae,Bridelia,micrantha,,Southern Africa,,
27128,Gracillariidae,Diphtheroptila,brideliae,,Vári,Euphorbiaceae,Bridelia,micrantha,,South Africa,in leaves,
7387,Cossidae,Coryphodema,tristis,,Drury,Buddlejaceae,Buddleja,madagascariensis,,South Africa,,
119961,Sphingidae,Cephonodes,hylas,,Wallengren,Rubiaceae,Burchellia,bubalina,,Southern Africa,,
27066,Gracillariidae,Cryphiomystis,cyanolampra,,Vári,Rubiaceae,Burchellia,bubalina,,South Africa,in leaves,
122838,Sphingidae,Temnora,zantus,,Herrich-Schäffer,Rubiaceae,Burchellia,bubalina,,Southern Africa,,
70606,Noctuidae,Sphingomorpha,chlorea,,Cramer,Leguminosae (C),Burkea,,,Southern Africa,,
80155,Nymphalidae,Charaxes,baumanni,,Rogenhofer,Leguminosae (C),Caesalpinia,decapetala,,Southern Africa,,
106207,Pyralidae,Maruca,testulalis,,Geyer,Leguminosae (P),Cajanus,,,Southern Africa,on pods,
12615,Gelechiidae,Sitotroga,cerealella,,Olivier,Leguminosae (P),Cajanus,,,Southern Africa,on pods,
61830,Noctuidae,Helicoverpa,armigera,,Hübner,Labiatae,Calamintha,,,Southern Africa,,
59050,Noctuidae,Cucullia,terensis,,Felder & Rogenh.,Compositae,Calendula,,,Southern Africa,,
71057,Noctuidae,Spodoptera,exigua,,Hübner,Compositae,Calendula,,,Southern Africa,,
73320,Noctuidae,Trichoplusia,vittata,,Wallengren,Compositae,Callistephus,chinensis,,Southern Africa,,
15240,Geometridae,Cleora,acaciaria,,Boisduval,Rutaceae,Calodendrum,capense,,Southern Africa,,
92837,Papilionidae,Papilio,demodocus,,Esper,Rutaceae,Calodendrum,capense,,Southern Africa,,
93549,Papilionidae,Papilio,nireus,,Linnaeus,Rutaceae,Calodendrum,capense,,Southern Africa,,
51361,Noctuidae,Achaea,indeterminata,,Walker,Leguminosae (P),Calpurnia,aurea,,Southern Africa,,
51625,Noctuidae,Achaea,sordida,,Walker,Leguminosae (P),Calpurnia,aurea,,Southern Africa,,
36511,Limacodidae,Latoia,vivida,,Walker,Theaceae,Camellia,sinensis,,Southern Africa,,
36752,Limacodidae,Neogavara,imitans,,Janse,Theaceae,Camellia,sinensis,,Southern Africa,,
138461,Tortricidae,Thaumatotibia,leucotreta,,Meyrick,Theaceae,Camellia,sinensis,,Southern Africa,on,
58086,Noctuidae,Chrysodeixis,acuta,,Walker,Cannaceae,Canna,,,Southern Africa,on leaves/shoots,
61832,Noctuidae,Helicoverpa,armigera,,Hübner,Cannabaceae,Cannabis,sativa,,Southern Africa,,
9365,Eupterotidae,Jana,eurymas,,Herrich-Schäffer,Rubiaceae,Canthium,,,Southern Africa,,
9413,Eupterotidae,Poloma,angulata,,Walker,Rubiaceae,Canthium,,,Southern Africa,,
97215,Pieridae,Pseudanaphaeis,gidica,,Godart,Capparaceae,Capparis,brassii,,Southern Africa,,
97216,Pieridae,Pseudanaphaeis,gidica,,Godart,Capparaceae,Capparis,cepiaria,,Southern Africa,,
97217,Pieridae,Pseudanaphaeis,gidica,,Godart,Capparaceae,Capparis,fascicularis,,Southern Africa,,
94616,Pieridae,Anaphaeis,severina,,Stoll,Capparaceae,Capparis,tomentosa,,Southern Africa,,
95780,Pieridae,Dixeia,pigea,,Boisduval,Capparaceae,Capparis,tomentosa,,Southern Africa,,
97218,Pieridae,Pseudanaphaeis,gidica,,Godart,Capparaceae,Capparis,tomentosa,,Southern Africa,,
80897,Nymphalidae,Charaxes,varanes,,Cramer,Sapindaceae,Cardiospermum,,,Southern Africa,,
79014,Nymphalidae,Antanartia,dimorphica,,Howarth,Compositae,Carduus,,,Southern Africa,,
61835,Noctuidae,Helicoverpa,armigera,,Hübner,Compositae,Carduus,,,Southern Africa,,
53122,Noctuidae,Aganais,speciosa,,Drury,Apocynaceae,Carissa,,,Southern Africa,,
1581,Arctiidae,Euchromia,amoena,,Möschler,Apocynaceae,Carissa,,,Southern Africa,,
22663,Geometridae,Pingasa,abyssinaria,,Guenée,Apocynaceae,Carissa,,,Southern Africa,,
25172,Geometridae,Zerenopsis,leopardina,,Felder,Apocynaceae,Carissa,,,Southern Africa,,
112961,Saturniidae,Cirina,forda,,Westwood,Apocynaceae,Carissa,macrocarpa,,Southern Africa,,
15242,Geometridae,Cleora,acaciaria,,Boisduval,Apocynaceae,Carissa,macrocarpa,,Southern Africa,,
120226,Sphingidae,Daphnis,nerii,,Linnaeus,Apocynaceae,Carissa,macrocarpa,,Southern Africa,,
1348,Arctiidae,Digama,aganais,,Felder,Apocynaceae,Carissa,macrocarpa,,Southern Africa,,
1582,Arctiidae,Euchromia,amoena,,Möschler,Apocynaceae,Carissa,macrocarpa,,Southern Africa,,
114026,Saturniidae,Gonimbrasia,belina,,Westwood,Apocynaceae,Carissa,macrocarpa,,Southern Africa,,
121848,Sphingidae,Nephele,argentifera,,Walker,Apocynaceae,Carissa,macrocarpa,,Southern Africa,,
121854,Sphingidae,Nephele,comma,,Hopffer,Apocynaceae,Carissa,macrocarpa,,Southern Africa,,
25173,Geometridae,Zerenopsis,leopardina,,Felder,Apocynaceae,Carissa,macrocarpa,,Southern Africa,,
48298,Lymantriidae,Orgyia,tricolor,,Herrich-Schäffer,Aizoaceae,Carpobrotus,,,Southern Africa,,
111549,Saturniidae,Athletes,semialba,,Sonthonnax,Leguminosae (C),Cassia,,,Southern Africa,,
45853,Lymantriidae,Euproctis,fasciata,,Walker,Leguminosae (C),Cassia,,,Southern Africa,,
33683,Lasiocampidae,Grammodora,nigrolineata,,Aurivillius,Leguminosae (C),Cassia,,,Southern Africa,,
34775,Lasiocampidae,Pachypasa,sp.,,,Leguminosae (C),Cassia,,,Southern Africa,,
3289,Arctiidae,Rhodogastria,amasis,,Cramer,Leguminosae (C),Cassia,,,Southern Africa,,
3340,Arctiidae,Saenura,flava,,Wallengren,Leguminosae (C),Cassia,,,Southern Africa,,
3652,Arctiidae,Spilosoma,lutescens,screabilis,Wallengren,Leguminosae (C),Cassia,,,Southern Africa,,
7811,Cossidae,Xyleutes,vosseleri,,Gaede,Leguminosae (C),Cassia,,,Southern Africa,,
80283,Nymphalidae,Charaxes,castor,,Cramer,Leguminosae (C),Cassia,fistula,,Southern Africa,,
95043,Pieridae,Catopsilia,florella,,Fabricius,Leguminosae (C),Cassia,occidentalis,,Southern Africa,,
3341,Arctiidae,Saenura,flava,,Wallengren,Leguminosae (C),Cassia,occidentalis,,Southern Africa,,
103413,Pyralidae,Dysphylia,viridella,,Ragonot,Celastraceae,Cassine,,,Southern Africa,,
47087,Lymantriidae,Marblepsis,melanocraspis,,Hampson,Rhizophoraceae,Cassipourea,,,Southern Africa,,
46460,Lymantriidae,Lepidopalpus,hyalina,,Janse,Rhizophoraceae,Cassipourea,gerrardi,,Southern Africa,,
47138,Lymantriidae,Ogoa,simplex,,Walker,Rhizophoraceae,Cassipourea,gerrardi,,Southern Africa,,
51603,Noctuidae,Achaea,praestans,,Guenée,Rhizophoraceae,Cassipourea,verticillata,,Southern Africa,,
44793,Lymantriidae,Arctornis,melanocraspis,,Hampson,Rhizophoraceae,Cassipourea,verticillata,,Southern Africa,,
47962,Lymantriidae,Orgyia,mixta,,Snellen,Casuarinaceae,Casuarina,,,Southern Africa,,
106482,Pyralidae,Mussidia,nigrivenella,,Ragonot,Meliaceae,Cedrela,,,Southern Africa,,
110120,Pyralidae,Uresiphita,polygonalis,,Denis & Schiff.,Meliaceae,Cedrela,,,Southern Africa,,
36104,Limacodidae,Crothaema,decorata,,Distant,Celastraceae,Celastrus,,,Southern Africa,,
17253,Geometridae,Euexia,percnopus,,Prout,Celastraceae,Celastrus,,,Southern Africa,,
36475,Limacodidae,Latoia,latistriga,,Walker,Celastraceae,Celastrus,,,Southern Africa,,
45371,Lymantriidae,Dasychira,georgiana,,Fawcett,Ulmaceae,Celtis,,,Southern Africa,,
36464,Limacodidae,Latoia,albicosta,,Hampson,Ulmaceae,Celtis,,,Southern Africa,,
34723,Lasiocampidae,Pachypasa,capensis,,Linnaeus,Ulmaceae,Celtis,,,Southern Africa,,
26001,Gracillariidae,Caloptilia,celtina,,Vári,Ulmaceae,Celtis,africana,,South Africa,in leaves,
45372,Lymantriidae,Dasychira,georgiana,,Fawcett,Ulmaceae,Celtis,africana,,Southern Africa,,
61134,Noctuidae,Exophyla,multistriata,,Hampson,Ulmaceae,Celtis,africana,,South Africa,,
61135,Noctuidae,Exophyla,multistriata,,Hampson,Ulmaceae,Celtis,africana,,Southern Africa,,
116030,Saturniidae,Imbrasia,tyrrhena,,Westwood,Ulmaceae,Celtis,africana,,Southern Africa,,
85704,Nymphalidae,Libythea,labdaca,,Westwood & Hew.,Ulmaceae,Celtis,africana,,Southern Africa,,
85707,Nymphalidae,Libythea,labdaca,laius,Trimen,Ulmaceae,Celtis,africana,,Southern Africa,,
34724,Lasiocampidae,Pachypasa,capensis,,Linnaeus,Ulmaceae,Celtis,africana,,Southern Africa,,
122240,Sphingidae,Pseudoclanis,postica,,Walker,Ulmaceae,Celtis,africana,,Southern Africa,,
50303,Nepticulidae,Stigmella,celtifoliella,,Vári,Ulmaceae,Celtis,africana,,South Africa,on leaves,
80352,Nymphalidae,Charaxes,cithaeron,,Felder & Felder,Ulmaceae,Celtis,soyauxii,,Southern Africa,,
85705,Nymphalidae,Libythea,labdaca,,Westwood & Hew.,Ulmaceae,Celtis,soyauxii,,Southern Africa,,
85708,Nymphalidae,Libythea,labdaca,laius,Trimen,Ulmaceae,Celtis,soyauxii,,Southern Africa,,
74814,Nolidae,Earias,insulana,,Boisduval,Leguminosae (C),Ceratonia,,,Southern Africa,,
129921,Tortricidae,Coccothera,spissana,,Zeller,Insecta,Ceroplastes (Z),,,South Africa,,
3291,Arctiidae,Rhodogastria,amasis,,Cramer,Solanaceae,Cestrum,,,Southern Africa,,
58054,Noctuidae,Chrysodeixis,acuta,,Walker,Solanaceae,Cestrum,aurantiacum,,Southern Africa,,
49692,Metarbelidae,Metarbela,tuckeri,,Butler,Solanaceae,Cestrum,aurantiacum,,Southern Africa,,
3292,Arctiidae,Rhodogastria,amasis,,Cramer,Solanaceae,Cestrum,aurantiacum,,Southern Africa,,
85160,Nymphalidae,Junonia,hierta,,Fabricius,Acanthaceae,Chaetacanthus,setiger,,Southern Africa,,
75631,Notodontidae,Acrasiella,curvilinea,,Swinhoe,Ulmaceae,Chaetachme,,,Southern Africa,,
75632,Notodontidae,Acrasiella,curvilinea,,Swinhoe,Ulmaceae,Chaetachme,aristata,,Southern Africa,,
80356,Nymphalidae,Charaxes,cithaeron,,Felder & Felder,Ulmaceae,Chaetachme,aristata,,Southern Africa,,
80945,Nymphalidae,Charaxes,xiphares,,Stoll,Ulmaceae,Chaetachme,aristata,,Southern Africa,,
122242,Sphingidae,Pseudoclanis,postica,,Walker,Ulmaceae,Chaetachme,aristata,,Southern Africa,,
6171,Coleophoridae,Coleophora,scaleuta,,Meyrick,Chenopodiaceae,Chenopodium,,,South Africa,on,
53891,Noctuidae,Agrotis,segetum,,Denis & Schiff.,Compositae,Chrysanthemum,,,Southern Africa,,
75827,Notodontidae,Chlorocalliope,calliope,,Hampson,Sapotaceae,Chrysophyllum,,,Southern Africa,,
45559,Lymantriidae,Dasychira,proteprota,,Hampson,Sapotaceae,Chrysophyllum,,,Southern Africa,,
76279,Notodontidae,Desmeocraera,latex,,Druce,Sapotaceae,Chrysophyllum,,,Southern Africa,,
83592,Nymphalidae,Euriphene,achlys,,Hopffer,Sapotaceae,Chrysophyllum,,,Southern Africa,,
88242,Nymphalidae,Pseudacraea,lucretia,,Cramer,Sapotaceae,Chrysophyllum,argyrophyllum,,Southern Africa,,
88260,Nymphalidae,Pseudacraea,lucretia,expansa,Butler,Sapotaceae,Chrysophyllum,argyrophyllum,,Southern Africa,,
88243,Nymphalidae,Pseudacraea,lucretia,,Cramer,Sapotaceae,Chrysophyllum,fulvum,,Southern Africa,,
88261,Nymphalidae,Pseudacraea,lucretia,expansa,Butler,Sapotaceae,Chrysophyllum,fulvum,,Southern Africa,,
25369,Gracillariidae,Acrocercops,chrysophylli,,Vári,Sapotaceae,Chrysophyllum,gorungosanum,,South Africa,in leaves,
51582,Noctuidae,Achaea,mercatoria,,Fabricius,Sapotaceae,Chrysophyllum,viridifolium,,Southern Africa,,
75828,Notodontidae,Chlorocalliope,calliope,,Hampson,Sapotaceae,Chrysophyllum,viridifolium,,Southern Africa,,
45561,Lymantriidae,Dasychira,proterota,,Hampson,Sapotaceae,Chrysophyllum,viridifolium,,Southern Africa,,
76270,Notodontidae,Desmeocraera,atriguttata,,Hampson,Sapotaceae,Chrysophyllum,viridifolium,,Southern Africa,,
33584,Lasiocampidae,Gastropacha,sp.,,,Sapotaceae,Chrysophyllum,viridifolium,,Southern Africa,,
88229,Nymphalidae,Pseudacraea,eurytus,,Linnaeus,Sapotaceae,Chrysophyllum,viridifolium,,Southern Africa,,
88238,Nymphalidae,Pseudacraea,eurytus,imitator,Trimen,Sapotaceae,Chrysophyllum,viridifolium,,Southern Africa,,
88265,Nymphalidae,Pseudacraea,lucretia,tarquinia,Trimen,Sapotaceae,Chrysophyllum,viridifolium,,Southern Africa,,
73196,Noctuidae,Trichoplusia,orichalcea,,Fabricius,Compositae,Cichorium,,,Southern Africa,,
66819,Noctuidae,Oraesia,provocans,,Walker,Menispermaceae,Cissampelos,,,South Africa,,
66820,Noctuidae,Oraesia,provocans,,Walker,Menispermaceae,Cissampelos,,,Southern Africa,,
66789,Noctuidae,Oraesia,emarginata,,Fabricius,Menispermaceae,Cissampelos,torulosa,,Southern Africa,,
66822,Noctuidae,Oraesia,provocans,,Walker,Menispermaceae,Cissampelos,torulosa,,Southern Africa,,
53160,Noctuidae,Agoma,trimenii,,Felder,Vitaceae,Cissus,,,Southern Africa,,
62768,Noctuidae,Heraclia,africana,,Butler,Vitaceae,Cissus,,,Southern Africa,,
62775,Noctuidae,Heraclia,superba,,Butler,Vitaceae,Cissus,,,South Africa,,
62776,Noctuidae,Heraclia,superba,,Butler,Vitaceae,Cissus,,,Southern Africa,,
140340,Zygaenidae,Saliunca,homochroa,,Holland,Vitaceae,Cissus,,,Southern Africa,,
61546,Noctuidae,Grammodes,geometrica,,Fabricius,Cistaceae,Cistus,,,Southern Africa,,
66709,Noctuidae,Ophiusa,tirhaca,,Cramer,Cistaceae,Cistus,,,Southern Africa,,
51294,Noctuidae,Achaea,catella,,Guenée,Rutaceae,Citrus,,,South Africa,adult fruit feeding,
51580,Noctuidae,Achaea,lienardi,,Boisduval,Rutaceae,Citrus,,,Southern Africa,on leaves,
127455,Tortricidae,Archips,occidentalis,,Walsingham,Rutaceae,Citrus,,,Southern Africa,on,
14002,Geometridae,Ascotis,reciprocaria,,Walker,Rutaceae,Citrus,,,Southern Africa,,
14131,Geometridae,Ascotis,selenaria,reciprocaria,Walker,Rutaceae,Citrus,,,South Africa,,
33282,Lasiocampidae,Bombycopsis,indecora,,Walker,Rutaceae,Citrus,,,South Africa,,
60732,Noctuidae,Eutelia,subrubens,,Mabille,Rutaceae,Citrus,,,Southern Africa,,
123696,Tineidae,Monopis,megalodelta,,Meyrick,Rutaceae,Citrus,,,Southern Africa,,
34668,Lasiocampidae,Nadiasa,polydora,,Druce,Rutaceae,Citrus,,,Southern Africa,,
47964,Lymantriidae,Orgyia,mixta,,Snellen,Rutaceae,Citrus,,,Southern Africa,,
136791,Tortricidae,Procrica,intrepida,,Meyrick,Rutaceae,Citrus,,,Southern Africa,,
138463,Tortricidae,Thaumatotibia,leucotreta,,Meyrick,Rutaceae,Citrus,,,Southern Africa,on,
138522,Tortricidae,Tortrix,capensana,,Walker,Rutaceae,Citrus,,,South Africa,,
138523,Tortricidae,Tortrix,capensana,,Walker,Rutaceae,Citrus,,,Southern Africa,,
92799,Papilionidae,Papilio,dardanus,,Brown,Rutaceae,Citrus,aurantium,,Southern Africa,,
92844,Papilionidae,Papilio,demodocus,,Esper,Rutaceae,Citrus,aurantium,,Southern Africa,,
93553,Papilionidae,Papilio,nireus,,Linnaeus,Rutaceae,Citrus,aurantium,,Southern Africa,,
138392,Tortricidae,Thaumatotibia,batrachopa,,Meyrick,Rutaceae,Citrus,sinensis,,South Africa,,
140294,Zygaenidae,Orna,subdiaphana,,Felder,Rutaceae,Clausena,anisata,,Southern Africa,,
92802,Papilionidae,Papilio,dardanus,,Brown,Rutaceae,Clausena,anisata,,Southern Africa,,
92848,Papilionidae,Papilio,demodocus,,Esper,Rutaceae,Clausena,anisata,,Southern Africa,,
93003,Papilionidae,Papilio,echerioides,,Trimen,Rutaceae,Clausena,anisata,,Southern Africa,,
93556,Papilionidae,Papilio,nireus,,Linnaeus,Rutaceae,Clausena,anisata,,Southern Africa,,
93586,Papilionidae,Papilio,ophidicephalus,,Oberthür,Rutaceae,Clausena,anisata,,Southern Africa,,
102290,Pyralidae,Crocidolomia,pavonana,,Fabricius,Capparaceae,Cleome,,,Southern Africa,,
75247,Nolidae,Nola,melanoscelis,,Hampson,Verbenaceae,Clerodendrum,,,Southern Africa,in seed pods,
3294,Arctiidae,Rhodogastria,amasis,,Cramer,Verbenaceae,Clerodendrum,,,Southern Africa,,
119328,Sphingidae,Acherontia,atropos,,Linnaeus,Verbenaceae,Clerodendrum,glabrum,,Southern Africa,,
26537,Gracillariidae,Caloptilia,vibrans,,Meyrick,Verbenaceae,Clerodendrum,glabrum,,South Africa,in leaves,
45707,Lymantriidae,Euproctis,aethiopica,,Snellen,Verbenaceae,Clerodendrum,glabrum,,Southern Africa,,
1678,Arctiidae,Eyralpenus,diplosticta,,Hampson,Verbenaceae,Clerodendrum,glabrum,,Southern Africa,,
41122,Lycaenidae,Hypolycaena,philippus,,Fabricius,Verbenaceae,Clerodendrum,glabrum,,Southern Africa,,
105681,Pyralidae,Ischnurges,lancinalis,,Guenée,Verbenaceae,Clerodendrum,glabrum,,Southern Africa,,
48915,Lyonetiidae,Leucoptera,clerodendrella,,Vári,Verbenaceae,Clerodendrum,glabrum,,South Africa,,
48916,Lyonetiidae,Leucoptera,clerodendrella,,Vári,Verbenaceae,Clerodendrum,glabrum,,South Africa,on leaves,
3295,Arctiidae,Rhodogastria,amasis,,Cramer,Verbenaceae,Clerodendrum,glabrum,,Southern Africa,,
78119,Nymphalidae,Acraea,anacreon,,Trimen,Rosaceae,Cliffortia,linearifolia,,Southern Africa,,
59331,Noctuidae,Diphtherocome,verbenata,,Distant,Euphorbiaceae,Clutia,pulchella,,Southern Africa,,
63400,Noctuidae,Hypoplexia,algoa,,Felder & Rogenh.,Euphorbiaceae,Clutia,pulchella,,Southern Africa,,
22951,Geometridae,Prasinocyma,vermicularia,,Guenée,Euphorbiaceae,Clutia,pulchella,,Southern Africa,,
32962,Hesperiidae,Zophopetes,dysmephila,,Trimen,Palmae,Cocos,nucifera,,South Africa,,
27016,Gracillariidae,Conopomorphina,aptata,,Meyrick,Rubiaceae,Coddia,rudis,,South Africa,in leaves,
29246,Gracillariidae,Systoloneura,randiae,,Vári,Rubiaceae,Coddia,rudis,,South Africa,in leaves,
127440,Tortricidae,Archips,occidentalis,,Walsingham,Rubiaceae,Coffea,,,South Africa,,
127457,Tortricidae,Archips,occidentalis,,Walsingham,Rubiaceae,Coffea,,,Southern Africa,on,
14003,Geometridae,Ascotis,reciprocaria,,Walker,Rubiaceae,Coffea,,,Southern Africa,,
58122,Noctuidae,Chrysodeixis,chalcites,,Esper,Rubiaceae,Coffea,,,Southern Africa,,
15357,Geometridae,Cleora,nigrisparsalis,,Janse,Rubiaceae,Coffea,,,Southern Africa,,
27065,Gracillariidae,Cryphiomystis,aleutrita,,Meyrick,Rubiaceae,Coffea,,,South Africa,,
36518,Limacodidae,Latoia,vivida,,Walker,Rubiaceae,Coffea,,,Southern Africa,,
138955,Uraniidae,Leucoplema,dohertyi,,Warren,Rubiaceae,Coffea,,,Southern Africa,on,
48908,Lyonetiidae,Leucoptera,caffeina,,Washbourn,Rubiaceae,Coffea,,,South Africa,,
36754,Limacodidae,Neogavara,imitans,,Janse,Rubiaceae,Coffea,,,Southern Africa,,
36758,Limacodidae,Neomocena,convergens,,Hering,Rubiaceae,Coffea,,,Southern Africa,,
2900,Arctiidae,Nyctemera,leuconoe,,Hopffer,Rubiaceae,Coffea,,,Southern Africa,,
34695,Lasiocampidae,Odontocheilopteryx,myxa,,Wallengren,Rubiaceae,Coffea,,,Southern Africa,,
48003,Lymantriidae,Orgyia,mixta,,Snellen,Rubiaceae,Coffea,,,Southern Africa,on foliage,
71492,Noctuidae,Spodoptera,littoralis,,Boisduval,Rubiaceae,Coffea,,,Southern Africa,,
4050,Arctiidae,Syntomis,cerbera,,Linnaeus,Rubiaceae,Coffea,,,Southern Africa,,
138546,Tortricidae,Tortrix,dinota,,Meyrick,Rubiaceae,Coffea,,,South Africa,,
138464,Tortricidae,Thaumatotibia,leucotreta,,Meyrick,Rubiaceae,Coffea,arabica,,Southern Africa,on,
29881,Hesperiidae,Abantis,paradisea,,Butler,Sterculiaceae,Cola,natalensis,,Southern Africa,,
80718,Nymphalidae,Charaxes,pelias,,Cramer,Santalaceae,Colpoon,compressum,,Southern Africa,,
96519,Pieridae,Mylothris,xantholeuca,,Hübner,Santalaceae,Colpoon,compressum,,South Africa,,
75643,Notodontidae,Afroplitis,phyllocampa,,Trimen,Combretaceae,Combretum,,,Southern Africa,,
74501,Nolidae,Arcyophora,longivalvis,,Guenée,Combretaceae,Combretum,,,South Africa,,
74502,Nolidae,Arcyophora,longivalvis,,Guenée,Combretaceae,Combretum,,,Southern Africa,,
15452,Geometridae,Colocleora,divisaria,,Walker,Combretaceae,Combretum,,,Southern Africa,,
7388,Cossidae,Coryphodema,tristis,,Drury,Combretaceae,Combretum,,,Southern Africa,,
33363,Lasiocampidae,Craspia,wahlbergi,,Aurivillius,Combretaceae,Combretum,,,Southern Africa,,
33378,Lasiocampidae,Cymatopacha,obscura,,Aurivillius,Combretaceae,Combretum,,,Southern Africa,,
76309,Notodontidae,Desmeocraera,vernalis,,Distant,Combretaceae,Combretum,,,Southern Africa,,
76373,Notodontidae,Epicerura,pergrisea,,Hampson,Combretaceae,Combretum,,,Southern Africa,,
17436,Geometridae,Eulycia,grisea,,Warren,Combretaceae,Combretum,,,Southern Africa,,
46153,Lymantriidae,Euproctis,rufopunctata,,Walker,Combretaceae,Combretum,,,Southern Africa,,
36526,Limacodidae,Latoia,vivida,,Walker,Combretaceae,Combretum,,,Southern Africa,,
33871,Lasiocampidae,Leipoxais,peraffinis,,Holland,Combretaceae,Combretum,,,Southern Africa,,
75036,Nolidae,Maurilia,arcuata,,Walker,Combretaceae,Combretum,,,Southern Africa,,
66712,Noctuidae,Ophiusa,tirhaca,,Cramer,Combretaceae,Combretum,,,Southern Africa,,
21894,Geometridae,Orbamia,octomaculata,,Wallengren,Combretaceae,Combretum,,,Southern Africa,,
34725,Lasiocampidae,Pachypasa,capensis,,Linnaeus,Combretaceae,Combretum,,,Southern Africa,,
77578,Notodontidae,Rhenea,mediata,,Walker,Combretaceae,Combretum,,,Southern Africa,,
35041,Lasiocampidae,Rhinobombyx,cuneata,,Aurivillius,Combretaceae,Combretum,,,Southern Africa,,
25384,Gracillariidae,Acrocercops,combreticola,,Vári,Combretaceae,Combretum,apiculatum,,South Africa,in leaves,
44894,Lymantriidae,Aroa,difficilis,,Walker,Combretaceae,Combretum,apiculatum,,Southern Africa,,
30541,Hesperiidae,Coeliades,forestan,,Stoll,Combretaceae,Combretum,apiculatum,,Southern Africa,,
27000,Gracillariidae,Conopomorpha,euphanes,,Vári,Combretaceae,Combretum,apiculatum,,South Africa,in leaves,
7389,Cossidae,Coryphodema,tristis,,Drury,Combretaceae,Combretum,apiculatum,,Southern Africa,,
76310,Notodontidae,Desmeocraera,vernalis,,Distant,Combretaceae,Combretum,apiculatum,,Southern Africa,,
74986,Nolidae,Goniocalpe,heteromorpha,,Hampson,Combretaceae,Combretum,apiculatum,,Southern Africa,,
33872,Lasiocampidae,Leipoxais,peraffinis,,Holland,Combretaceae,Combretum,apiculatum,,Southern Africa,,
68062,Noctuidae,Penicillaria,ethiopica,,Hampson,Combretaceae,Combretum,apiculatum,,Southern Africa,,
50319,Nepticulidae,Stigmella,combretella,,Vári,Combretaceae,Combretum,apiculatum,,South Africa,on leaves,
44895,Lymantriidae,Aroa,difficilis,,Walker,Combretaceae,Combretum,bracteosum,,Southern Africa,,
30542,Hesperiidae,Coeliades,forestan,,Stoll,Combretaceae,Combretum,bracteosum,,Southern Africa,,
86817,Nymphalidae,Neptis,saclava,,Boisduval,Combretaceae,Combretum,bracteosum,,Southern Africa,,
63101,Noctuidae,Hypanua,roseitincta,,Hampson,Combretaceae,Combretum,caffrum,,South Africa,,
75644,Notodontidae,Afroplitis,phyllocampa,,Trimen,Combretaceae,Combretum,molle,,Southern Africa,,
74503,Nolidae,Arcyophora,longivalvis,,Guenée,Combretaceae,Combretum,molle,,Southern Africa,,
44896,Lymantriidae,Aroa,difficilis,,Walker,Combretaceae,Combretum,molle,,Southern Africa,,
14790,Geometridae,Celidomphax,rubrimaculata,,Warren,Combretaceae,Combretum,molle,,Southern Africa,,
15454,Geometridae,Colocleora,divisaria,,Walker,Combretaceae,Combretum,molle,,Southern Africa,,
45568,Lymantriidae,Dasychira,rocana,,Swinhoe,Combretaceae,Combretum,molle,,Southern Africa,,
76374,Notodontidae,Epicerura,pergrisea,,Hampson,Combretaceae,Combretum,molle,,Southern Africa,,
17437,Geometridae,Eulycia,grisea,,Warren,Combretaceae,Combretum,molle,,Southern Africa,,
46154,Lymantriidae,Euproctis,rufopunctata,,Walker,Combretaceae,Combretum,molle,,Southern Africa,,
74987,Nolidae,Goniocalpe,heteromorpha,,Hampson,Combretaceae,Combretum,molle,,Southern Africa,,
83970,Nymphalidae,Hamanumida,daedalus,,Fabricius,Combretaceae,Combretum,molle,,Southern Africa,,
46361,Lymantriidae,Homochira,rendalli,,Distant,Combretaceae,Combretum,molle,,Southern Africa,,
63102,Noctuidae,Hypanua,roseitincta,,Hampson,Combretaceae,Combretum,molle,,Southern Africa,,
75037,Nolidae,Maurilia,arcuata,,Walker,Combretaceae,Combretum,molle,,Southern Africa,,
75137,Nolidae,Negeta,luminosa,,Walker,Combretaceae,Combretum,molle,,Southern Africa,,
75141,Nolidae,Negeta,ruficeps,,Hampson,Combretaceae,Combretum,molle,,Southern Africa,,
21691,Geometridae,Omphalucha,maturnaria,,Möschler,Combretaceae,Combretum,molle,,Southern Africa,,
66713,Noctuidae,Ophiusa,tirhaca,,Cramer,Combretaceae,Combretum,molle,,Southern Africa,,
21896,Geometridae,Orbamia,octomaculata,,Wallengren,Combretaceae,Combretum,molle,,Southern Africa,,
34726,Lasiocampidae,Pachypasa,capensis,,Linnaeus,Combretaceae,Combretum,molle,,Southern Africa,,
31916,Hesperiidae,Parosmodes,morantii,,Trimen,Combretaceae,Combretum,molle,,Southern Africa,,
68063,Noctuidae,Penicillaria,ethiopica,,Hampson,Combretaceae,Combretum,molle,,Southern Africa,,
77579,Notodontidae,Rhenea,mediata,,Walker,Combretaceae,Combretum,molle,,Southern Africa,,
72829,Noctuidae,Thyas,rubricata,,Holland,Combretaceae,Combretum,molle,,Southern Africa,,
45856,Lymantriidae,Euproctis,fasciata,,Walker,Combretaceae,Combretum,platypetalum,,Southern Africa,,
73322,Noctuidae,Trichoplusia,vittata,,Wallengren,Compositae,Commidendrum,,,Southern Africa,,
48401,Lymantriidae,Palasea,albimacula,,Wallengren,Burseraceae,Commiphora,,,Southern Africa,,
117665,Saturniidae,Usta,terpsichore,,Maassen & Weymer,Burseraceae,Commiphora,woodii,,Southern Africa,,
119655,Sphingidae,Agrius,convolvuli,,Linnaeus,Convolvulaceae,Convolvulus,,,Southern Africa,,
120128,Sphingidae,Coelonia,fulvinotata,,Butler,Convolvulaceae,Convolvulus,,,Southern Africa,,
78435,Nymphalidae,Acraea,rahira,,Boisduval,Compositae,Conyza,canadense,,Southern Africa,,
57119,Noctuidae,Callyna,figurans,,Walker,Boraginaceae,Cordia,,,Southern Africa,,
9367,Eupterotidae,Jana,tantalus,,Herrich-Schäffer,Boraginaceae,Cordia,,,Southern Africa,,
9419,Eupterotidae,Striphnopteryx,edulis,,Boisduval,Boraginaceae,Cordia,,,Southern Africa,,
55644,Noctuidae,Archephia,basilinea,,Hampson,Boraginaceae,Cordia,caffra,,Southern Africa,,
57116,Noctuidae,Callyna,decora,,Walker,Boraginaceae,Cordia,caffra,,South Africa,,
57117,Noctuidae,Callyna,decora,,Walker,Boraginaceae,Cordia,caffra,,Southern Africa,,
57120,Noctuidae,Callyna,figurans,,Walker,Boraginaceae,Cordia,caffra,,Southern Africa,,
57132,Noctuidae,Callyna,unicolor,,Hampson,Boraginaceae,Cordia,caffra,,Southern Africa,,
57227,Noctuidae,Catephia,striata,,Hampson,Boraginaceae,Cordia,caffra,,Southern Africa,,
120130,Sphingidae,Coelonia,fulvinotata,,Butler,Boraginaceae,Cordia,caffra,,Southern Africa,,
59086,Noctuidae,Cyclopera,galactiplaga,,Hampson,Boraginaceae,Cordia,caffra,,Southern Africa,,
27104,Gracillariidae,Dialectica,cordiaecola,,Vári,Boraginaceae,Cordia,caffra,,South Africa,in leaves,
9368,Eupterotidae,Jana,tantalus,,Herrich-Schäffer,Boraginaceae,Cordia,caffra,,Southern Africa,,
49679,Metarbelidae,Lebedodes,durbanica,,Hampson,Boraginaceae,Cordia,caffra,,Southern Africa,,
122183,Sphingidae,Polyptychoides,grayii,,Walker,Boraginaceae,Cordia,caffra,,Southern Africa,,
9420,Eupterotidae,Striphnopteryx,edulis,,Boisduval,Boraginaceae,Cordia,caffra,,Southern Africa,,
73201,Noctuidae,Trichoplusia,orichalcea,,Fabricius,Compositae,Coreopsis,,,Southern Africa,,
68910,Noctuidae,Prodotis,stolida,,Fabricius,Coriariaceae,Coriaria,myrtifolia,,Southern Africa,,
3297,Arctiidae,Rhodogastria,amasis,,Cramer,Crassulaceae,Cotyledon,,,Southern Africa,,
25749,Gracillariidae,Acrocercops,thrypticosema,,Vári,Leguminosae (P),Craibia,brevicaudata,,South Africa,in leaves,
59051,Noctuidae,Cucullia,terensis,,Felder & Rogenh.,Crassulaceae,Crassula,,,Southern Africa,,
525,Arctiidae,Amphicallia,bellatrix,,Dalman,Leguminosae (P),Crotalaria,,,Southern Africa,,
526,Arctiidae,Amphicallia,bellatrix,,Dalman,Leguminosae (P),Crotalaria,capensis,,Southern Africa,,
41707,Lycaenidae,Lampides,boeticus,,Linnaeus,Leguminosae (P),Crotalaria,capensis,,Southern Africa,,
75633,Notodontidae,Acrasiella,curvilinea,,Swinhoe,Euphorbiaceae,Croton,,,Southern Africa,,
140414,Zygaenidae,Zutulba,zelleri,,Wallengren,Euphorbiaceae,Croton,,,Southern Africa,,
80261,Nymphalidae,Charaxes,candiope,,Godart,Euphorbiaceae,Croton,gratissimus,,Southern Africa,,
29227,Gracillariidae,Stomphastis,rorkei,,Vári,Euphorbiaceae,Croton,gratissimus,,South Africa,in leaves,
29218,Gracillariidae,Stomphastis,crotonis,,Vári,Euphorbiaceae,Croton,menyhartii,,South Africa,in leaves,
29198,Gracillariidae,Stomphastis,cardamitis,,Meyrick,Euphorbiaceae,Croton,subgratissimus,,South Africa,in leaves,
54560,Noctuidae,Amyna,punctum,,Fabricius,Euphorbiaceae,Croton,sylvaticus,,Southern Africa,,
80265,Nymphalidae,Charaxes,candiope,,Godart,Euphorbiaceae,Croton,sylvaticus,,Southern Africa,,
113924,Saturniidae,Epiphora,mythimnia,,Westwood,Euphorbiaceae,Croton,sylvaticus,,Southern Africa,,
29197,Gracillariidae,Stomphastis,aphrocyma,,Meyrick,Euphorbiaceae,Croton,sylvaticus,,South Africa,in leaves,
29217,Gracillariidae,Stomphastis,crotoniphila,,Vári,Euphorbiaceae,Croton,sylvaticus,,South Africa,in leaves,
80951,Nymphalidae,Charaxes,xiphares,,Stoll,Lauraceae,Cryptocarya,acuminata,,Southern Africa,,
80953,Nymphalidae,Charaxes,xiphares,,Stoll,Lauraceae,Cryptocarya,woodii,,Southern Africa,,
49693,Metarbelidae,Metarbela,tuckeri,,Butler,Lauraceae,Cryptocarya,woodii,,Southern Africa,,
61864,Noctuidae,Helicoverpa,armigera,,Hübner,Cucurbitaceae,Cucurbita,pepo,,Southern Africa,,
15847,Geometridae,Derrioides,villaria,,Felder & Rogenh.,Cunoniaceae,Cunonia,,,Southern Africa,,
71498,Noctuidae,Spodoptera,littoralis,,Boisduval,Cupressaceae,Cupressus,,,Southern Africa,,
24942,Geometridae,Xanthisthisa,niveifrons,,Prout,Cupressaceae,Cupressus,,,Southern Africa,,
98131,Psychidae,Kotochalia,junodi,,Heylaerts,Cupressaceae,Cupressus,lusitanica,,South Africa,on leaves,
22670,Geometridae,Pingasa,abyssinaria,,Guenée,Araliaceae,Cussonia,,,Southern Africa,on,
114789,Saturniidae,Holocerina,rhodesiensis,,Janse,Araliaceae,Cussonia,spicata,,Southern Africa,,
115773,Saturniidae,Imbrasia,alcinoe,,Stoll,Araliaceae,Cussonia,spicata,,Southern Africa,,
2992,Arctiidae,Paralpenus,strigulosa,,Hampson,Commelinaceae,Cyanotis,speciosa,,Southern Africa,,
3456,Arctiidae,Spilosoma,dissimilis,,Distant,Commelinaceae,Cyanotis,speciosa,,Southern Africa,,
7390,Cossidae,Coryphodema,tristis,,Drury,Rosaceae,Cydonia,oblonga,,South Africa,,
7391,Cossidae,Coryphodema,tristis,,Drury,Rosaceae,Cydonia,oblonga,,Southern Africa,,
78841,Nymphalidae,Amauris,albimaculata,,Butler,Asclepiadaceae,Cynanchum,chiridense,,Southern Africa,,
78873,Nymphalidae,Amauris,echeria,lobengula,Sharpe,Asclepiadaceae,Cynanchum,chiridense,,Southern Africa,,
78897,Nymphalidae,Amauris,ochlea,,Boisduval,Asclepiadaceae,Cynanchum,chiridense,,Southern Africa,,
25825,Gracillariidae,Amblyptila,cynanchi,,Vári,Asclepiadaceae,Cynanchum,ellipticum,,South Africa,in leaves,
85914,Nymphalidae,Mashuna,mashuna,,Trimen,Gramineae,Cynodon,,,Southern Africa,,
88300,Nymphalidae,Pseudonympha,magus,,Fabricius,Gramineae,Cynodon,dactylon,,Southern Africa,,
9406,Eupterotidae,Phiala,dasypoda,,Wallengren,Cyperaceae,Cyperus,albostriatus,,Southern Africa,,
53162,Noctuidae,Agoma,trimenii,,Felder,Vitaceae,Cyphostemma,cirrhosum,,Southern Africa,,
62769,Noctuidae,Heraclia,africana,,Butler,Vitaceae,Cyphostemma,cirrhosum,,South Africa,,
62770,Noctuidae,Heraclia,africana,,Butler,Vitaceae,Cyphostemma,cirrhosum,,Southern Africa,,
62777,Noctuidae,Heraclia,superba,,Butler,Vitaceae,Cyphostemma,cirrhosum,,Southern Africa,,
120886,Sphingidae,Hippotion,celerio,,Linnaeus,Vitaceae,Cyphostemma,cirrhosum,,Southern Africa,,
110121,Pyralidae,Uresiphita,polygonalis,,Denis & Schiff.,Leguminosae (P),Cytisus,,,Southern Africa,,
120132,Sphingidae,Coelonia,fulvinotata,,Butler,Compositae,Dahlia,pinnata,,Southern Africa,,
80098,Nymphalidae,Charaxes,achaemenes,,Felder & Felder,Leguminosae (P),Dalbergia,boehmii,,Southern Africa,,
80575,Nymphalidae,Charaxes,jahlusa,,Trimen,Leguminosae (P),Dalbergia,melanoxylon,,Southern Africa,,
54812,Noctuidae,Anoba,atriplaga,,Walker,Leguminosae (P),Dalbergia,obovata,,Southern Africa,,
33328,Lasiocampidae,Catalebeda,cuneilinea,,Walker,Leguminosae (P),Dalbergia,obovata,,Southern Africa,,
61136,Noctuidae,Exophyla,platti,,Prout,Leguminosae (P),Dalbergia,obovata,,Southern Africa,,
86735,Nymphalidae,Neptis,laeta,,Overlaet,Leguminosae (P),Dalbergia,obovata,,Southern Africa,,
79880,Nymphalidae,Byblia,alithyia,,Drury,Euphorbiaceae,Dalechampia,capensis,,Southern Africa,,
79885,Nymphalidae,Byblia,anvatara,,Boisduval,Euphorbiaceae,Dalechampia,capensis,,Southern Africa,,
83679,Nymphalidae,Eurytela,hiarbas,,Drury,Euphorbiaceae,Dalechampia,capensis,,Southern Africa,,
88302,Nymphalidae,Pseudonympha,trimenii,,Butler,Gramineae,Danthonia,,,Southern Africa,,
88921,Nymphalidae,Torynesis,hawequas,,Dickson,Gramineae,Danthonia,,,Southern Africa,,
88922,Nymphalidae,Torynesis,mintha,,Geyer,Gramineae,Danthonia,,,Southern Africa,,
66715,Noctuidae,Ophiusa,tirhaca,,Cramer,Thymelaeaceae,Daphne,,,Southern Africa,,
12129,Gelechiidae,Phthorimaea,operculella,,Zeller,Solanaceae,Datura,,,Southern Africa,,
119334,Sphingidae,Acherontia,atropos,,Linnaeus,Solanaceae,Datura,stramonium,,Southern Africa,,
24982,Geometridae,Xanthorhoe,exorista,,Prout,Umbelliferae,Daucus,carota,,South Africa,,
83802,Nymphalidae,Euxanthe,wakefieldi,,Ward,Sapindaceae,Deinbollia,kilimandscharica,,Southern Africa,,
130243,Tortricidae,Cryptophlebia,illepida,,Butler,Sapindaceae,Deinbollia,oblongifolia,,Southern Africa,,
59696,Noctuidae,Egybolis,vaillantina,,Stoll,Sapindaceae,Deinbollia,oblongifolia,,Southern Africa,,
83803,Nymphalidae,Euxanthe,wakefieldi,,Ward,Sapindaceae,Deinbollia,oblongifolia,,Southern Africa,,
27202,Gracillariidae,Lamprolectica,apicistrigata,,Walsingham,Sapindaceae,Deinbollia,oblongifolia,,South Africa,in leaves,
36798,Limacodidae,Omocena,syrtis,,Schaus & Clement,Sapindaceae,Deinbollia,oblongifolia,,Southern Africa,,
70160,Noctuidae,Serrodes,partita,,Fabricius,Sapindaceae,Deinbollia,oblongifolia,,Southern Africa,,
65914,Noctuidae,Mocis,mayeri,,Boisduval,Leguminosae (P),Derris,,,Southern Africa,,
75708,Notodontidae,Antheua,simplex,,Walker,Leguminosae (P),Desmodium,,,Southern Africa,,
65915,Noctuidae,Mocis,mayeri,,Boisduval,Leguminosae (P),Desmodium,,,Southern Africa,,
98328,Psychidae,Monda,delicatissima,,Walker,Leguminosae (P),Desmodium,,,Southern Africa,on,
75709,Notodontidae,Antheua,simplex,,Walker,Leguminosae (P),Desmodium,incanum,,Southern Africa,,
98326,Psychidae,Monda,delicatissima,,Walker,Leguminosae (P),Desmodium,incanum,,South Africa,,
98327,Psychidae,Monda,delicatissima,,Walker,Leguminosae (P),Desmodium,incanum,,Southern Africa,,
132086,Tortricidae,Epichoristodes,acerbella,,Walker,Caryophyllaceae,Dianthus,caryophyllus,,Southern Africa,in buds,
61871,Noctuidae,Helicoverpa,armigera,,Hübner,Caryophyllaceae,Dianthus,caryophyllus,,Southern Africa,,
33687,Lasiocampidae,Henometa,clarki,,Aurivillius,Leguminosae (M),Dichrostachys,,,Southern Africa,,
131610,Tortricidae,Eccopsis,incultana,,Walker,Leguminosae (M),Dichrostachys,cinerea,,South Africa,,
33688,Lasiocampidae,Henometa,clarki,,Aurivillius,Leguminosae (M),Dichrostachys,cinerea,,Southern Africa,,
25160,Geometridae,Zamarada,secutaria,,Guenée,Leguminosae (M),Dichrostachys,cinerea,,Southern Africa,,
59052,Noctuidae,Cucullia,terensis,,Felder & Rogenh.,Compositae,Dimorphotheca,,,Southern Africa,,
89197,Nymphalidae,Vanessa,cardui,,Linnaeus,Compositae,Dimorphotheca,,,Southern Africa,,
59053,Noctuidae,Cucullia,terensis,,Felder & Rogenh.,Compositae,Dimorphotheca,sinuata,,Southern Africa,,
32570,Hesperiidae,Tagiades,flesus,,Fabricius,Dioscoreaceae,Dioscorea,cotinifolia,,Southern Africa,,
55267,Noctuidae,Antiophlebia,bracteata,,Felder,Ebenaceae,Diospyros,,,Southern Africa,,
15457,Geometridae,Colocleora,divisaria,,Walker,Ebenaceae,Diospyros,,,Southern Africa,,
33352,Lasiocampidae,Concaedes,carinata,,Wallengren,Ebenaceae,Diospyros,,,Southern Africa,,
33545,Lasiocampidae,Euwallengrenia,reducta,,Walker,Ebenaceae,Diospyros,,,Southern Africa,,
63349,Noctuidae,Hypocala,deflorata,,Fabricius,Ebenaceae,Diospyros,,,Southern Africa,,
37589,Limacodidae,Taeda,aetitis,,Wallengren,Ebenaceae,Diospyros,,,Southern Africa,,
55268,Noctuidae,Antiophlebia,bracteata,,Felder,Ebenaceae,Diospyros,dichrophylla,,South Africa,,
50051,Nepticulidae,Ectoedemia,simiicola,,Scoble,Ebenaceae,Diospyros,dichrophylla,,South Africa,on leaves,
49898,Nepticulidae,Ectoedemia,denticulata,,Scoble,Ebenaceae,Diospyros,glabra,,South Africa,on leaves,
50019,Nepticulidae,Ectoedemia,royenicola,,Vári,Ebenaceae,Diospyros,haplostylis,hildebrandtii,South Africa,on leaves,
49907,Nepticulidae,Ectoedemia,furcella,,Scoble,Ebenaceae,Diospyros,lycioides,,South Africa,on leaves,
49909,Nepticulidae,Ectoedemia,grandinosa,,Meyrick,Ebenaceae,Diospyros,lycioides,,South Africa,on leaves,
49911,Nepticulidae,Ectoedemia,guerkiae,,Scoble,Ebenaceae,Diospyros,lycioides,guerkei,South Africa,on leaves,
49962,Nepticulidae,Ectoedemia,macrochaeta,,Meyrick,Ebenaceae,Diospyros,lycioides,guerkei,South Africa,on leaves,
50091,Nepticulidae,Ectoedemia,wilkinsoni,,Scoble,Ebenaceae,Diospyros,lycioides,,South Africa,on leaves,
29069,Gracillariidae,Pleiomorpha,eumeces,,Vári,Ebenaceae,Diospyros,lycioides,,South Africa,in leaves,
29070,Gracillariidae,Pleiomorpha,homotypa,,Vári,Ebenaceae,Diospyros,lycioides,,South Africa,in leaves,
80542,Nymphalidae,Charaxes,gallagheri,,van Son,Ebenaceae,Diospyros,natalensis,,Southern Africa,,
27087,Gracillariidae,Cuphodes,diospyri,,Vári,Ebenaceae,Diospyros,natalensis,,South Africa,in leaves,
63353,Noctuidae,Hypocala,deflorata,,Fabricius,Ebenaceae,Diospyros,pallens,,Southern Africa,,
35107,Lasiocampidae,Streblote,cristata,,Stoll,Ebenaceae,Diospyros,pallens,,Southern Africa,,
8252,Drepanidae,Aethiopsestis,austrina,nebulosa,Watson,Ebenaceae,Diospyros,pubescens,,South Africa,,
50035,Nepticulidae,Ectoedemia,scabridae,,Scoble,Ebenaceae,Diospyros,scabrida,,South Africa,on leaves,
50052,Nepticulidae,Ectoedemia,simiicola,,Scoble,Ebenaceae,Diospyros,simii,,South Africa,on leaves,
44897,Lymantriidae,Aroa,difficilis,,Walker,Ebenaceae,Diospyros,villosa,,Southern Africa,,
15459,Geometridae,Colocleora,divisaria,,Walker,Ebenaceae,Diospyros,villosa,,Southern Africa,,
49971,Nepticulidae,Ectoedemia,maritima,,Scoble,Ebenaceae,Diospyros,villosa,,South Africa,on leaves,
63355,Noctuidae,Hypocala,deflorata,,Fabricius,Ebenaceae,Diospyros,villosa,,Southern Africa,,
49694,Metarbelidae,Metarbela,tuckeri,,Butler,Ebenaceae,Diospyros,villosa,,Southern Africa,,
36799,Limacodidae,Omocena,syrtis,,Schaus & Clement,Ebenaceae,Diospyros,villosa,,Southern Africa,,
50020,Nepticulidae,Ectoedemia,royenicola,,Vári,Ebenaceae,Diospyros,whyteana,,South Africa,on leaves,
59198,Noctuidae,Diaphone,eumela,,Stoll,Hyacinthaceae,Dipcadi,viride,,Southern Africa,,
60098,Noctuidae,Eublemma,rubripuncta,,Hampson,Hyacinthaceae,Dipcadi,viride,,Southern Africa,,
75668,Notodontidae,Anaphe,panda,,Boisduval,Apocynaceae,Diplorhynchus,,,Southern Africa,,
36762,Limacodidae,Neomocena,convergens,,Hering,Sapindaceae,Dodonaea,,,Southern Africa,,
29219,Gracillariidae,Stomphastis,dodonaeae,,Vári,Sapindaceae,Dodonaea,viscosa,,South Africa,in leaves,
25428,Gracillariidae,Acrocercops,dolichophila,,Vári,Leguminosae (P),Dolichos,falcatus,,South Africa,in leaves,
47144,Lymantriidae,Olapa,nigribasis,,Janse,Sterculiaceae,Dombeya,,,Southern Africa,,
48507,Lymantriidae,Pteredoa,monosticta,,Butler,Sterculiaceae,Dombeya,,,Southern Africa,,
51741,Noctuidae,Acontia,nubilata,,Hampson,Sterculiaceae,Dombeya,cymosa,,Southern Africa,,
55052,Noctuidae,Anomis,leona,,Schaus,Sterculiaceae,Dombeya,cymosa,,Southern Africa,,
75825,Notodontidae,Chadisra,uncifera,,Hampson,Sterculiaceae,Dombeya,cymosa,,Southern Africa,,
30682,Hesperiidae,Eagris,nottoana,,Wallengren,Sterculiaceae,Dombeya,cymosa,,Southern Africa,,
121425,Sphingidae,Lophostethus,dumolinii,,Angas,Sterculiaceae,Dombeya,cymosa,,Southern Africa,,
47084,Lymantriidae,Marblepsis,flabellaria,,Fabricius,Sterculiaceae,Dombeya,cymosa,,Southern Africa,,
31677,Hesperiidae,Netrobalane,canopus,,Trimen,Sterculiaceae,Dombeya,cymosa,,Southern Africa,,
48508,Lymantriidae,Pteredoa,monosticta,,Butler,Sterculiaceae,Dombeya,cymosa,,Southern Africa,,
75677,Notodontidae,Anaphe,reticulata,,Walker,Sterculiaceae,Dombeya,rotundifolia,,Southern Africa,,
121426,Sphingidae,Lophostethus,dumolinii,,Angas,Sterculiaceae,Dombeya,rotundifolia,,Southern Africa,,
28244,Gracillariidae,Phyllonorycter,didymopa,,Vári,Sterculiaceae,Dombeya,rotundifolia,,South Africa,in leaves,
28501,Gracillariidae,Phyllonorycter,loxozona,,Meyrick,Sterculiaceae,Dombeya,rotundifolia,,South Africa,in leaves,
77868,Notodontidae,Simesia,dasychiroides,,Butler,Sterculiaceae,Dombeya,rotundifolia,,Southern Africa,,
14008,Geometridae,Ascotis,reciprocaria,,Walker,Flacourtiaceae,Dovyalis,,,Southern Africa,,
87566,Nymphalidae,Phalanta,phalantha,,Drury,Flacourtiaceae,Dovyalis,macrocalyx,,Southern Africa,,
87538,Nymphalidae,Phalanta,eurytis,,Doubleday,Flacourtiaceae,Dovyalis,rhamnoides,,Southern Africa,,
87567,Nymphalidae,Phalanta,phalantha,,Drury,Flacourtiaceae,Dovyalis,rotundifolia,,Southern Africa,,
30090,Hesperiidae,Artitropa,erinnys,,Trimen,Dracaenaceae,Dracaena,hookerana,,Southern Africa,,
80955,Nymphalidae,Charaxes,xiphares,,Stoll,Euphorbiaceae,Drypetes,gerrardii,,Southern Africa,,
120135,Sphingidae,Coelonia,fulvinotata,,Butler,Verbenaceae,Duranta,erecta,,Southern Africa,,
85233,Nymphalidae,Junonia,natalica,,Felder,Acanthaceae,Dyschoriste,ovata,,Southern Africa,,
123450,Tineidae,Drosica,abjectella,,Walker,Insecta,Dysmicoccus (Z),brevipes,,South Africa,,
58137,Noctuidae,Chrysodeixis,chalcites,,Esper,Boraginaceae,Echium,,,Southern Africa,,
2905,Arctiidae,Nyctemera,leuconoe,,Hopffer,Compositae,Eclipta,erecta,,Southern Africa,,
9228,Ethmiidae,Ethmia,sabiella,,Felder & Rogenh.,Boraginaceae,Ehretia,,,Southern Africa,in web on,
25431,Gracillariidae,Acrocercops,ehretiae,,Vári,Boraginaceae,Ehretia,rigida,,South Africa,in leaves,
27114,Gracillariidae,Dialectica,pyramidota,,Meyrick,Boraginaceae,Ehretia,rigida,,South Africa,in leaves,
89558,Nymphalidae,Ypthima,impura,,Elwes & Edwards,Gramineae,Ehrharta,erecta ?,,Southern Africa,,
78699,Nymphalidae,Aeropetes,tulbaghia,,Linnaeus,Gramineae,Ehrharta,erecta,,Southern Africa,,
79687,Nymphalidae,Bicyclus,anynana,,Butler,Gramineae,Ehrharta,erecta,,Southern Africa,,
79701,Nymphalidae,Bicyclus,safitza,,Westwood,Gramineae,Ehrharta,erecta,,Southern Africa,,
82262,Nymphalidae,Dira,clytus,,Linnaeus,Gramineae,Ehrharta,erecta,,Southern Africa,,
82267,Nymphalidae,Dira,jansei,,Swierstra,Gramineae,Ehrharta,erecta,,Southern Africa,,
82269,Nymphalidae,Dira,oxylus,,Trimen,Gramineae,Ehrharta,erecta,,Southern Africa,,
82271,Nymphalidae,Dira,swanepoeli,,van Son,Gramineae,Ehrharta,erecta,,Southern Africa,,
83882,Nymphalidae,Gnophodes,betsimena,,Boisduval,Gramineae,Ehrharta,erecta,,Southern Africa,,
84247,Nymphalidae,Henotesia,perspicua,,Trimen,Gramineae,Ehrharta,erecta,,Southern Africa,,
86571,Nymphalidae,Neita,durbani,,Trimen,Gramineae,Ehrharta,erecta,,Southern Africa,,
86573,Nymphalidae,Neita,extensa,,Butler,Gramineae,Ehrharta,erecta,,Southern Africa,,
87382,Nymphalidae,Paralethe,dendrophilus,,Trimen,Gramineae,Ehrharta,erecta,,Southern Africa,,
87762,Nymphalidae,Physcaeneura,panda,,Boisduval,Gramineae,Ehrharta,erecta,,Southern Africa,,
88296,Nymphalidae,Pseudonympha,hippia,,Cramer,Gramineae,Ehrharta,erecta,,Southern Africa,,
88299,Nymphalidae,Pseudonympha,magoides,,van Son,Gramineae,Ehrharta,erecta,,Southern Africa,,
88301,Nymphalidae,Pseudonympha,magus,,Fabricius,Gramineae,Ehrharta,erecta,,Southern Africa,,
88725,Nymphalidae,Stygionympha,robertsoni,,Riley,Gramineae,Ehrharta,erecta,,Southern Africa,,
88726,Nymphalidae,Stygionympha,vigilans,,Trimen,Gramineae,Ehrharta,erecta,,Southern Africa,,
89556,Nymphalidae,Ypthima,huebneri,,Kirby,Gramineae,Ehrharta,erecta,,Southern Africa,,
33874,Lasiocampidae,Leipoxais,peraffinis,,Holland,Meliaceae,Ekebergia,,,Southern Africa,,
77582,Notodontidae,Rhenea,mediata,,Walker,Meliaceae,Ekebergia,,,Southern Africa,,
29152,Gracillariidae,Semnocera,procellaris,,Meyrick,Meliaceae,Ekebergia,,,South Africa,in leaves,
80234,Nymphalidae,Charaxes,brutus,,Cramer,Meliaceae,Ekebergia,capensis,,Southern Africa,,
114794,Saturniidae,Holocerina,smilax,,Westwood,Meliaceae,Ekebergia,capensis,,Southern Africa,,
115777,Saturniidae,Imbrasia,alcinoe,,Stoll,Meliaceae,Ekebergia,capensis,,Southern Africa,,
116033,Saturniidae,Imbrasia,tyrrhena,,Westwood,Meliaceae,Ekebergia,capensis,,Southern Africa,,
77583,Notodontidae,Rhenea,mediata,,Walker,Meliaceae,Ekebergia,capensis,,Southern Africa,,
45374,Lymantriidae,Dasychira,georgiana,,Fawcett,Leguminosae (M),Elephantorrhiza,,,Southern Africa,,
33667,Lasiocampidae,Gonometa,postica,,Walker,Leguminosae (M),Elephantorrhiza,,,Southern Africa,,
103737,Pyralidae,Elegia,inconspicuella,,Ragonot,Polygonaceae,Emex,australis,,South Africa,,
103738,Pyralidae,Elegia,inconspicuella,,Ragonot,Polygonaceae,Emex,spinosa,,South Africa,,
25174,Geometridae,Zerenopsis,leopardina,,Felder,Zamiaceae,Encephalartos,,,Southern Africa,,
76271,Notodontidae,Desmeocraera,atriguttata,,Hampson,Sapotaceae,Englerophytum,natalense,,Southern Africa,,
88231,Nymphalidae,Pseudacraea,eurytus,,Linnaeus,Sapotaceae,Englerophytum,natalense,,Southern Africa,,
88239,Nymphalidae,Pseudacraea,eurytus,imitator,Trimen,Sapotaceae,Englerophytum,natalense,,Southern Africa,,
88246,Nymphalidae,Pseudacraea,lucretia,,Cramer,Sapotaceae,Englerophytum,natalense,,Southern Africa,,
88262,Nymphalidae,Pseudacraea,lucretia,expansa,Butler,Sapotaceae,Englerophytum,natalense,,Southern Africa,,
88266,Nymphalidae,Pseudacraea,lucretia,tarquinia,Trimen,Sapotaceae,Englerophytum,natalense,,Southern Africa,,
59904,Noctuidae,Erebus,macrops,,Linnaeus,Leguminosae (M),Entada,,,Southern Africa,,
80439,Nymphalidae,Charaxes,etesipe,,Godart,Leguminosae (M),Entada,abyssinica,,Southern Africa,,
80442,Nymphalidae,Charaxes,etesipe,,Godart,Leguminosae (M),Entada,rheedii,,Southern Africa,,
82272,Nymphalidae,Dira,swanepoeli,,van Son,Gramineae,Eragrostis,aspera,,Southern Africa,,
15245,Geometridae,Cleora,acaciaria,,Boisduval,Loranthaceae,Erianthemum,dregei,,Southern Africa,,
58834,Noctuidae,Cryptomeria,mabillei,,Saalmüller,Loranthaceae,Erianthemum,dregei,,Southern Africa,,
41453,Lycaenidae,Iolaus,silas,,Westwood,Loranthaceae,Erianthemum,dregei,,Southern Africa,,
96479,Pieridae,Mylothris,agathina,,Cramer,Loranthaceae,Erianthemum,dregei,,Southern Africa,,
34677,Lasiocampidae,Ocinaropsis,obscura,,Aurivillius,Loranthaceae,Erianthemum,dregei,,Southern Africa,,
24902,Geometridae,Victoria,mirabilis,,Warren,Loranthaceae,Erianthemum,dregei,,Southern Africa,,
66717,Noctuidae,Ophiusa,tirhaca,,Cramer,Ericaceae,Erica,,,Southern Africa,,
109946,Pyralidae,Udea,ferrugalis,,Hübner,Compositae,Erigeron,,,Southern Africa,,
46155,Lymantriidae,Euproctis,rufopunctata,,Walker,Rosaceae,Eriobotrya,,,Southern Africa,,
7392,Cossidae,Coryphodema,tristis,,Drury,Rosaceae,Eriobotrya,japonica,,South Africa,,
131032,Tortricidae,Cydia,pomonella,,Linnaeus,Rosaceae,Eriobotrya,japonica,,South Africa,,
46156,Lymantriidae,Euproctis,rufopunctata,,Walker,Rosaceae,Eriobotrya,japonica,,Southern Africa,,
75689,Notodontidae,Antheua,croceipuncta,,Hampson,Leguminosae (P),Eriosema,,,Southern Africa,,
33288,Lasiocampidae,Bombycopsis,indecora,,Walker,Leguminosae (P),Eriosema,,,Southern Africa,,
33353,Lasiocampidae,Concaedes,carinata,,Wallengren,Leguminosae (P),Eriosema,,,Southern Africa,,
45861,Lymantriidae,Euproctis,fasciata,,Walker,Leguminosae (P),Eriosema,,,Southern Africa,,
85274,Nymphalidae,Junonia,octavia,sesamus,Trimen,Leguminosae (P),Eriosema,,,Southern Africa,,
121409,Sphingidae,Leptoclanis,pulchra,,Roths. & Jordan,Leguminosae (P),Eriosema,,,Southern Africa,,
34670,Lasiocampidae,Nadiasa,polydora,,Druce,Leguminosae (P),Eriosema,,,Southern Africa,,
34697,Lasiocampidae,Odontocheilopteryx,myxa,,Wallengren,Leguminosae (P),Eriosema,,,Southern Africa,,
34835,Lasiocampidae,Philotherma,rennei,,Dewitz,Leguminosae (P),Eriosema,,,Southern Africa,,
34840,Lasiocampidae,Philotherma,rosa,,Druce,Leguminosae (P),Eriosema,,,Southern Africa,,
28777,Gracillariidae,Phyllonorycter,rhynchosiae,,Vári,Leguminosae (P),Eriosema,psoraleoides,,South Africa,in leaves,
139625,Yponomeutidae,Plutella,xylostella,,Linnaeus,Cruciferae,Erysimum,,,Southern Africa,on,
109671,Pyralidae,Terastia,meticulosalis,,Guenée,Leguminosae (P),Erythrina,,,Southern Africa,in shoots,
100411,Pyralidae,Agathodes,musivalis,,Guenée,Leguminosae (P),Erythrina,caffra,,Southern Africa,,
109654,Pyralidae,Terastia,margaritis,,Felder & Rogenh.,Leguminosae (P),Erythrina,caffra,,Southern Africa,,
117652,Saturniidae,Urota,sinope,,Westwood,Leguminosae (P),Erythrina,caffra,,Southern Africa,,
117653,Saturniidae,Urota,sinope,,Westwood,Leguminosae (P),Erythrina,lysistemon,,South Africa,,
72526,Noctuidae,Syngrapha,circumflexa,,Linnaeus,Papaveraceae,Eschscholzia,,,Southern Africa,,
51275,Noctuidae,Achaea,catella,,Guenée,Myrtaceae,Eucalyptus,,,Southern Africa,,
15303,Geometridae,Cleora,herbuloti,,Fletcher,Myrtaceae,Eucalyptus,,,South Africa,,
15304,Geometridae,Cleora,herbuloti,,Fletcher,Myrtaceae,Eucalyptus,,,Southern Africa,,
33497,Lasiocampidae,Eucraera,salammbo,,Vuillot,Myrtaceae,Eucalyptus,,,Southern Africa,,
116355,Saturniidae,Nudaurelia,cytherea,capensis,Fabricius,Myrtaceae,Eucalyptus,,,South Africa,,
66719,Noctuidae,Ophiusa,tirhaca,,Cramer,Myrtaceae,Eucalyptus,,,Southern Africa,,
71565,Noctuidae,Spodoptera,littoralis,,Boisduval,Myrtaceae,Eucalyptus,,,Southern Africa,on foliage,
98132,Psychidae,Kotochalia,junodi,,Heylaerts,Myrtaceae,Eucalyptus,camaldulensis,,South Africa,on leaves,
15311,Geometridae,Cleora,herbuloti,,Fletcher,Myrtaceae,Eucalyptus,cloeziana,,South Africa,on leaves,
98133,Psychidae,Kotochalia,junodi,,Heylaerts,Myrtaceae,Eucalyptus,saligna,,South Africa,on leaves,
98134,Psychidae,Kotochalia,junodi,,Heylaerts,Myrtaceae,Eucalyptus,tereticornis,,South Africa,on leaves,
98135,Psychidae,Kotochalia,junodi,,Heylaerts,Myrtaceae,Eucalyptus,torelliana,,South Africa,on leaves,
34727,Lasiocampidae,Pachypasa,capensis,,Linnaeus,Ebenaceae,Euclea,,,Southern Africa,,
49891,Nepticulidae,Ectoedemia,crispae,,Scoble,Ebenaceae,Euclea,crispa,,South Africa,on leaves,
27195,Gracillariidae,Graphiocephala,barbitias,,Meyrick,Ebenaceae,Euclea,lanceolata,,South Africa,in leaves,
8251,Drepanidae,Aethiopsestis,austrina,,Watson,Ebenaceae,Euclea,undulata,,South Africa,,
470,Arctiidae,Amerila,bauri,,Möschler,Myrtaceae,Eugenia,,,Southern Africa,,
76293,Notodontidae,Desmeocraera,tripuncta,,Janse,Myrtaceae,Eugenia,,,Southern Africa,,
46157,Lymantriidae,Euproctis,rufopunctata,,Walker,Myrtaceae,Eugenia,,,Southern Africa,,
49714,Metarbelidae,Salagena,obsolescens,,Hampson,Myrtaceae,Eugenia,,,Southern Africa,,
51329,Noctuidae,Achaea,echo,,Walker,Myrtaceae,Eugenia,cordata,,Southern Africa,,
471,Arctiidae,Amerila,bauri,,Möschler,Myrtaceae,Eugenia,cordata,,Southern Africa,,
894,Arctiidae,Argina,astrea,,Drury,Myrtaceae,Eugenia,cordata,,Southern Africa,,
80407,Nymphalidae,Charaxes,druceanus,,Butler,Myrtaceae,Eugenia,cordata,,Southern Africa,,
76294,Notodontidae,Desmeocraera,tripuncta,,Janse,Myrtaceae,Eugenia,cordata,,Southern Africa,,
46158,Lymantriidae,Euproctis,rufopunctata,,Walker,Myrtaceae,Eugenia,cordata,,Southern Africa,,
116155,Saturniidae,Lobobunaea,angasana,,Westwood,Myrtaceae,Eugenia,cordata,,Southern Africa,,
66281,Noctuidae,Nagia,amplificans,,Walker,Myrtaceae,Eugenia,cordata,,Southern Africa,,
22665,Geometridae,Pingasa,abyssinaria,,Guenée,Myrtaceae,Eugenia,cordata,,Southern Africa,,
49718,Metarbelidae,Selagena,obsolescens,,Hampson,Myrtaceae,Eugenia,cordata,,Southern Africa,,
80409,Nymphalidae,Charaxes,druceanus,,Butler,Myrtaceae,Eugenia,mandevillensis,,Southern Africa,,
58980,Noctuidae,Cucullia,leucopis,,Hampson,Compositae,Euryops,,,South Africa,,
73011,Noctuidae,Trichoplusia,exquisita,,Felder & Rogenh.,Compositae,Euryops,,,South Africa,,
73012,Noctuidae,Trichoplusia,exquisita,,Felder & Rogenh.,Compositae,Euryops,,,Southern Africa,,
88459,Nymphalidae,Sallya,moranti,,Trimen,Euphorbiaceae,Excoecaria,bussei,,Southern Africa,,
51330,Noctuidae,Achaea,echo,,Walker,Euphorbiaceae,Excoecaria,reticulata,,Southern Africa,,
88440,Nymphalidae,Sallya,boisduvali,,Wallengren,Euphorbiaceae,Excoecaria,reticulata,,Southern Africa,,
88468,Nymphalidae,Sallya,natalensis,,Boisduval,Euphorbiaceae,Excoecaria,reticulata,,Southern Africa,,
99115,Pterophoridae,Agdistis,pustulalis,,Walker,Chenopodiaceae,Exomis,,,Southern Africa,,
75997,Notodontidae,Clostera,violacearia,,Janse,Proteaceae,Faurea,,,Southern Africa,,
76572,Notodontidae,Hampsonita,esmeralda,,Hampson,Proteaceae,Faurea,,,Southern Africa,,
46436,Lymantriidae,Laelia,pyrosoma,,Hampson,Proteaceae,Faurea,,,Southern Africa,,
75998,Notodontidae,Clostera,violacearia,,Janse,Proteaceae,Faurea,saligna,,Southern Africa,,
45564,Lymantriidae,Dasychira,pyrosoma,,Hampson,Proteaceae,Faurea,saligna,,Southern Africa,,
76573,Notodontidae,Hampsonita,esmeralda,,Hampson,Proteaceae,Faurea,saligna,,Southern Africa,,
35015,Lasiocampidae,Pseudometa,basalis,,Walker,Proteaceae,Faurea,saligna,,Southern Africa,,
88293,Nymphalidae,Pseudonympha,detecta,,Trimen,Cyperaceae,Ficinia,elongata,,Southern Africa,,
88294,Nymphalidae,Pseudonympha,detecta,,Trimen,Cyperaceae,Ficinia,ramosissima,,Southern Africa,,
53125,Noctuidae,Aganais,speciosa,,Drury,Moraceae,Ficus,,,Southern Africa,,
58140,Noctuidae,Chrysodeixis,chalcites,,Esper,Moraceae,Ficus,,,Southern Africa,,
45353,Lymantriidae,Dasychira,extorta,,Distant,Moraceae,Ficus,,,Southern Africa,,
76281,Notodontidae,Desmeocraera,latex,,Druce,Moraceae,Ficus,,,Southern Africa,,
33440,Lasiocampidae,Dollmania,purpurascens,,Aurivillius,Moraceae,Ficus,,,Southern Africa,,
46159,Lymantriidae,Euproctis,rufopunctata,,Walker,Moraceae,Ficus,,,Southern Africa,,
104685,Pyralidae,Ghesquierellana,hirtusalis,,Walker,Moraceae,Ficus,,,Southern Africa,on leaves,
114031,Saturniidae,Gonimbrasia,belina,,Westwood,Moraceae,Ficus,,,Southern Africa,,
46417,Lymantriidae,Laelia,extorta,,Distant,Moraceae,Ficus,,,Southern Africa,,
116274,Saturniidae,Melanocera,menippe,,Westwood,Moraceae,Ficus,,,South Africa,,
106868,Pyralidae,Obtusipalpis,pardalis,,Hampson,Moraceae,Ficus,,,Southern Africa,,
116276,Saturniidae,Melanocera,menippe,,Westwood,Moraceae,Ficus,cordata,,Southern Africa,,
42489,Lycaenidae,Myrina,silenus,ficedula,Trimen,Moraceae,Ficus,cordata,,Southern Africa,,
27409,Gracillariidae,Oligoneurina,ficicola,,Vári,Moraceae,Ficus,ingens,,South Africa,in leaves,
25460,Gracillariidae,Acrocercops,ficina,,Vári,Moraceae,Ficus,natalensis,,South Africa,in leaves,
45354,Lymantriidae,Dasychira,extorta,,Distant,Moraceae,Ficus,natalensis,,South Africa,,
55940,Noctuidae,Atacira,leighi,,Hampson,Moraceae,Ficus,sur,,Southern Africa,,
45355,Lymantriidae,Dasychira,extorta,,Distant,Moraceae,Ficus,sur,,Southern Africa,,
46160,Lymantriidae,Euproctis,rufopunctata,,Walker,Moraceae,Ficus,sur,,Southern Africa,,
42490,Lycaenidae,Myrina,silenus,ficedula,Trimen,Moraceae,Ficus,sur,,Southern Africa,,
896,Arctiidae,Argina,astrea,,Drury,Moraceae,Ficus,thonningii,,Southern Africa,,
56686,Noctuidae,Bareia,incidens,,Walker,Moraceae,Ficus,thonningii,,Southern Africa,,
45356,Lymantriidae,Dasychira,extorta,,Distant,Moraceae,Ficus,thonningii,,Southern Africa,,
42471,Lycaenidae,Myrina,dermaptera,,Wallengren,Moraceae,Ficus,thonningii,,Southern Africa,,
47107,Lymantriidae,Naroma,signifera,,Walker,Moraceae,Ficus,thonningii,,Southern Africa,,
121837,Sphingidae,Nephele,accentifera,,Beauvois,Moraceae,Ficus,thonningii,,Southern Africa,,
69036,Noctuidae,Psephea,speciosa,subretracta,Walker,Moraceae,Ficus,thonningii,,Southern Africa,,
122246,Sphingidae,Pseudoclanis,postica,,Walker,Moraceae,Ficus,thonningii,,Southern Africa,,
25461,Gracillariidae,Acrocercops,ficina,,Vári,Moraceae,Ficus,trichopoda,,South Africa,in leaves,
77088,Notodontidae,Notocerura,spiritalis,,Distant,Flacourtiaceae,Flacourtia,,,Southern Africa,,
49933,Nepticulidae,Ectoedemia,indicaevora,,Scoble,Flacourtiaceae,Flacourtia,indica,,South Africa,on leaves,
28553,Gracillariidae,Phyllonorycter,melanosparta,,Meyrick,Leguminosae (P),Flemingia,grahamiana,,South Africa,in leaves,
80770,Nymphalidae,Charaxes,pollux,,Cramer,Euphorbiaceae,Flueggea,virosa,,Southern Africa,,
47974,Lymantriidae,Orgyia,mixta,,Snellen,Rosaceae,Fragaria,,,Southern Africa,,
138524,Tortricidae,Tortrix,capensana,,Walker,Rosaceae,Fragaria,,,South Africa,,
120968,Sphingidae,Hippotion,eson,,Cramer,Onagraceae,Fuchsia,,,Southern Africa,,
120987,Sphingidae,Hippotion,osiris,,Dalman,Onagraceae,Fuchsia,,,Southern Africa,,
121482,Sphingidae,Macroglossum,trochilus,,Hübner,Rubiaceae,Galium,,,South Africa,,
89215,Nymphalidae,Vanessa,cardui,,Linnaeus,Compositae,Gamochaeta,purpurea,,Southern Africa,,
29288,Himanopteridae,Anomoeotes,levis,,Felder & Rogenh.,Rubiaceae,Gardenia,,,Southern Africa,,
19522,Geometridae,Hypomecis,complacita,,Prout,Rubiaceae,Gardenia,,,South Africa,,
21683,Geometridae,Omizodes,ocellata,,Warren,Rubiaceae,Gardenia,,,Southern Africa,,
119962,Sphingidae,Cephonodes,hylas,,Wallengren,Rubiaceae,Gardenia,jasminoides,,Southern Africa,,
120233,Sphingidae,Daphnis,nerii,,Linnaeus,Rubiaceae,Gardenia,jasminoides,,Southern Africa,,
89216,Nymphalidae,Vanessa,cardui,,Linnaeus,Compositae,Gazania,,,Southern Africa,,
59488,Noctuidae,Dysgonia,algira,,Linnaeus,Leguminosae (P),Genista,,,Southern Africa,,
38853,Lycaenidae,Cacyreus,palemon,,Stoll,Geraniaceae,Geranium,,,Southern Africa,,
61875,Noctuidae,Helicoverpa,armigera,,Hübner,Geraniaceae,Geranium,,,Southern Africa,,
47976,Lymantriidae,Orgyia,mixta,,Snellen,Geraniaceae,Geranium,,,Southern Africa,,
44948,Lymantriidae,Bracharoa,quadripunctata,,Wallengren,Compositae,Gerbera,,,Southern Africa,,
56898,Noctuidae,Brithysana,speyeri,,Felder & Rogenh.,Compositae,Gerbera,,,Southern Africa,,
60028,Noctuidae,Eublemma,exigua,,Walker,Compositae,Gerbera,,,Southern Africa,on flowers,
56899,Noctuidae,Brithysana,speyeri,,Felder & Rogenh.,Compositae,Gerbera,jamesonii,,South Africa,,
56900,Noctuidae,Brithysana,speyeri,,Felder & Rogenh.,Compositae,Gerbera,jamesonii,,Southern Africa,,
66550,Noctuidae,Odontestra,vittigera,,Hampson,Iridaceae,Gladiolus,,,Southern Africa,on leaves,
29130,Gracillariidae,Porphyrosela,homotropha,,Vári,Leguminosae (P),Glycine,,,South Africa,,
75711,Notodontidae,Antheua,simplex,,Walker,Leguminosae (P),Glycine,max,,Southern Africa,,
59657,Noctuidae,Egira,natalensis,,Butler,Leguminosae (P),Glycine,max,,Southern Africa,,
89228,Nymphalidae,Vanessa,cardui,,Linnaeus,Compositae,Gnaphalium,purpureum,,Southern Africa,,
976,Arctiidae,Automolis,meteus,,Stoll,Thymelaeaceae,Gnidia,,,Southern Africa,,
61658,Noctuidae,Hadena,bulgeri,,Felder & Rogenh.,Thymelaeaceae,Gnidia,krausiana,,Southern Africa,,
79978,Nymphalidae,Catacroptera,cloanthe,,Stoll,Asclepiadaceae,Gomphocarpus,,,Southern Africa,,
81798,Nymphalidae,Danaus,chrysippus,,Linnaeus,Asclepiadaceae,Gomphocarpus,fruticosus,,Southern Africa,,
51733,Noctuidae,Acontia,nitidula,,Fabricius,Malvaceae,Gossypium,,,South Africa,,
53575,Noctuidae,Agrotis,ipsilon,,Hufnagel,Malvaceae,Gossypium,,,South Africa,,
53576,Noctuidae,Agrotis,ipsilon,,Hufnagel,Malvaceae,Gossypium,,,Southern Africa,,
53909,Noctuidae,Agrotis,segetum,,Denis & Schiff.,Malvaceae,Gossypium,,,Southern Africa,,
54566,Noctuidae,Amyna,punctum,,Fabricius,Malvaceae,Gossypium,,,Southern Africa,,
54940,Noctuidae,Anomis,flava,,Fabricius,Malvaceae,Gossypium,,,South Africa,,
54982,Noctuidae,Anomis,flava,,Fabricius,Malvaceae,Gossypium,,,Southern Africa,on foliage,
55100,Noctuidae,Anomis,sabulifera,,Guenée,Malvaceae,Gossypium,,,Southern Africa,,
55234,Noctuidae,Anticarsia,irrorata,,Fabricius,Malvaceae,Gossypium,,,Southern Africa,,
102749,Pyralidae,Diaphania,indica,,Saunders,Malvaceae,Gossypium,,,Southern Africa,,
59310,Noctuidae,Diparopsis,castanea,,Hampson,Malvaceae,Gossypium,,,Southern Africa,,
74744,Nolidae,Earias,biplaga,,Walker,Malvaceae,Gossypium,,,Southern Africa,on bolls/seeds,
74768,Nolidae,Earias,cupreoviridis,,Walker,Malvaceae,Gossypium,,,Southern Africa,,
74824,Nolidae,Earias,insulana,,Boisduval,Malvaceae,Gossypium,,,Southern Africa,,
59703,Noctuidae,Egybolis,vaillantina,,Stoll,Malvaceae,Gossypium,,,Southern Africa,on foliage,
104904,Pyralidae,Haritalodes,derogata,,Fabricius,Malvaceae,Gossypium,,,Southern Africa,on leaves,
61888,Noctuidae,Helicoverpa,armigera,,Hübner,Malvaceae,Gossypium,,,Southern Africa,,
33002,Hyblaeidae,Hyblaea,puera,,Cramer,Malvaceae,Gossypium,,,Southern Africa,,
36530,Limacodidae,Latoia,vivida,,Walker,Malvaceae,Gossypium,,,Southern Africa,,
12086,Gelechiidae,Pectinophora,gossypiella,,Saunders,Malvaceae,Gossypium,,,Southern Africa,in bolls/lint,
28984,Gracillariidae,Phyllonorycter,triarcha,,Meyrick,Malvaceae,Gossypium,,,South Africa,,
69436,Noctuidae,Pteronycta,fasciata,,Fawcett,Malvaceae,Gossypium,,,Southern Africa,in,
3498,Arctiidae,Spilosoma,investigatorum,,Karsch,Malvaceae,Gossypium,,,Southern Africa,on foliage,
70961,Noctuidae,Spodoptera,exempta,,Walker,Malvaceae,Gossypium,,,Southern Africa,,
71101,Noctuidae,Spodoptera,exigua,,Hübner,Malvaceae,Gossypium,,,South Africa,,
71102,Noctuidae,Spodoptera,exigua,,Hübner,Malvaceae,Gossypium,,,Southern Africa,,
71508,Noctuidae,Spodoptera,littoralis,,Boisduval,Malvaceae,Gossypium,,,Southern Africa,,
138465,Tortricidae,Thaumatotibia,leucotreta,,Meyrick,Malvaceae,Gossypium,,,Southern Africa,on,
4242,Arctiidae,Utetheisa,pulchella,,Linnaeus,Malvaceae,Gossypium,,,Southern Africa,on foliage,
73579,Noctuidae,Xanthodes,graellsii,,Feisthamel,Malvaceae,Gossypium,,,South Africa,,
73592,Noctuidae,Xanthodes,graellsii,,Feisthamel,Malvaceae,Gossypium,,,Southern Africa,on foliage,
25487,Gracillariidae,Acrocercops,gossypii,,Vári,Malvaceae,Gossypium,herbaceum,,South Africa,in leaves,
28989,Gracillariidae,Phyllonorycter,triarcha,,Meyrick,Malvaceae,Gossypium,herbaceum,,South Africa,,
75635,Notodontidae,Acrasiella,curvilinea,,Swinhoe,Tiliaceae,Grewia,,,Southern Africa,,
80369,Nymphalidae,Charaxes,cithaeron,,Felder & Felder,Tiliaceae,Grewia,,,Southern Africa,,
57963,Noctuidae,Chasmina,tibialis,,Fabricius,Tiliaceae,Grewia,,,Southern Africa,,
49700,Metarbelidae,Ortharbela,rufithorax,,Hampson,Tiliaceae,Grewia,,,Southern Africa,on,
77479,Notodontidae,Pseudorethona,albicans,,Walker,Tiliaceae,Grewia,,,Southern Africa,,
70163,Noctuidae,Serrodes,partita,,Fabricius,Tiliaceae,Grewia,,,Southern Africa,,
28348,Gracillariidae,Phyllonorycter,grewiella,,Vári,Tiliaceae,Grewia,flavescens,,South Africa,in leaves,
28349,Gracillariidae,Phyllonorycter,grewiella,,Vári,Tiliaceae,Grewia,hexamita,,South Africa,in leaves,
75636,Notodontidae,Acrasiella,curvilinea,,Swinhoe,Tiliaceae,Grewia,lasiocarpa,,Southern Africa,,
7547,Cossidae,Phragmataecia,albicans,,Walker,Tiliaceae,Grewia,lasiocarpa,,Southern Africa,,
74478,Nolidae,Acripia,chloropera,,Hampson,Tiliaceae,Grewia,occidentalis,,Southern Africa,,
55105,Noctuidae,Anomis,sabulifera,,Guenée,Tiliaceae,Grewia,occidentalis,,Southern Africa,,
75826,Notodontidae,Chadisra,uncifera,,Hampson,Tiliaceae,Grewia,occidentalis,,Southern Africa,,
57964,Noctuidae,Chasmina,tibialis,,Fabricius,Tiliaceae,Grewia,occidentalis,,Southern Africa,,
30685,Hesperiidae,Eagris,nottoana,,Wallengren,Tiliaceae,Grewia,occidentalis,,Southern Africa,,
49680,Metarbelidae,Lebedodes,rufithorax,,Hampson,Tiliaceae,Grewia,occidentalis,,Southern Africa,,
121430,Sphingidae,Lophostethus,dumolinii,,Angas,Tiliaceae,Grewia,occidentalis,,Southern Africa,,
47085,Lymantriidae,Marblepsis,flabellaria,,Fabricius,Tiliaceae,Grewia,occidentalis,,Southern Africa,,
49695,Metarbelidae,Metarbela,tuckeri,,Butler,Tiliaceae,Grewia,occidentalis,,Southern Africa,,
31680,Hesperiidae,Netrobalane,canopus,,Trimen,Tiliaceae,Grewia,occidentalis,,Southern Africa,,
28002,Gracillariidae,Phyllonorycter,anchistea,,Vári,Tiliaceae,Grewia,occidentalis,,South Africa,in leaves,
139626,Yponomeutidae,Plutella,xylostella,,Linnaeus,Rubiaceae,Guettarda,,,Southern Africa,on,
5073,Carposinidae,Carposina,autologa,,Meyrick,Proteaceae,Hakea,sericea,,South Africa,,
49961,Nepticulidae,Ectoedemia,lucidae,,Scoble,Scrophulariaceae,Halleria,lucida,,South Africa,on leaves,
61892,Noctuidae,Helicoverpa,armigera,,Hübner,Compositae,Helianthus,,,Southern Africa,,
71509,Noctuidae,Spodoptera,littoralis,,Boisduval,Compositae,Helianthus,,,Southern Africa,,
73229,Noctuidae,Trichoplusia,orichalcea,,Fabricius,Compositae,Helianthus,,,Southern Africa,,
58910,Noctuidae,Cucullia,chrysota,,Hampson,Compositae,Helianthus,annuus,,South Africa,,
73013,Noctuidae,Trichoplusia,exquisita,,Felder & Rogenh.,Compositae,Helianthus,annuus,,South Africa,,
73480,Noctuidae,Ulotrichopus,catocala,,Felder & Rogenh.,Compositae,Helianthus,annuus,,South Africa,,
62592,Noctuidae,Heliothis,scutuligera,,Guenée,Compositae,Helichrysum,,,Southern Africa,,
62593,Noctuidae,Heliothis,scutuligera,,Guenée,Compositae,Helichrysum,cooperi,,South Africa,,
113930,Saturniidae,Epiphora,mythimnia,,Westwood,Rhamnaceae,Helinus,ovatus,,Southern Africa,,
2493,Arctiidae,Leucaloa,eugraphica,,Walker,Boraginaceae,Heliotropium,,,Southern Africa,,
4219,Arctiidae,Utetheisa,pulchella,,Linnaeus,Boraginaceae,Heliotropium,,,Southern Africa,,
72528,Noctuidae,Syngrapha,circumflexa,,Linnaeus,Boraginaceae,Heliotropium,arborescens,,Southern Africa,,
73234,Noctuidae,Trichoplusia,orichalcea,,Fabricius,Boraginaceae,Heliotropium,arborescens,,Southern Africa,,
25043,Geometridae,Xanthorhoe,poseata,,Geyer,Boraginaceae,Heliotropium,arborescens,,Southern Africa,,
78165,Nymphalidae,Acraea,cabira,,Hopffer,Sterculiaceae,Hermannia,,,Southern Africa,,
78224,Nymphalidae,Acraea,eponina,,Cramer,Sterculiaceae,Hermannia,,,Southern Africa,,
34574,Lasiocampidae,Mesocelis,montana,,Stoll,Sterculiaceae,Hermannia,,,Southern Africa,,
28378,Gracillariidae,Phyllonorycter,hexalobina,,Vári,Annonaceae,Hexalobus,monopetalus,,South Africa,in leaves,
54950,Noctuidae,Anomis,flava,,Fabricius,Malvaceae,Hibiscus,,,Southern Africa,,
57966,Noctuidae,Chasmina,tibialis,,Fabricius,Malvaceae,Hibiscus,,,Southern Africa,,
45244,Lymantriidae,Creagra,liturata,,Guérin-Méneville,Malvaceae,Hibiscus,,,Southern Africa,,
74719,Nolidae,Earias,biplaga,,Walker,Malvaceae,Hibiscus,,,Southern Africa,,
71514,Noctuidae,Spodoptera,littoralis,,Boisduval,Malvaceae,Hibiscus,,,Southern Africa,,
28379,Gracillariidae,Phyllonorycter,hibiscina,,Vári,Malvaceae,Hibiscus,calyphyllus,,South Africa,in leaves,
54954,Noctuidae,Anomis,flava,,Fabricius,Malvaceae,Hibiscus,fuscus,,Southern Africa,,
45243,Lymantriidae,Creagra,litura,,Guérin-Méneville,Malvaceae,Hibiscus,fuscus,,Southern Africa,,
75012,Nolidae,Leocyma,appollinis,,Guenée,Malvaceae,Hibiscus,fuscus,,Southern Africa,,
32485,Hesperiidae,Spialia,spio,,Linnaeus,Malvaceae,Hibiscus,fuscus,,Southern Africa,,
121433,Sphingidae,Lophostethus,dumolinii,,Angas,Malvaceae,Hibiscus,panduriformis,,Southern Africa,,
51757,Noctuidae,Acontia,tetragonisa,,Hampson,Malvaceae,Hibiscus,pedunculatus,,Southern Africa,,
55070,Noctuidae,Anomis,luperca,,Möschler,Malvaceae,Hibiscus,pedunculatus,,Southern Africa,,
75013,Nolidae,Leocyma,appollinis,,Guenée,Malvaceae,Hibiscus,pedunculatus,,Southern Africa,,
29884,Hesperiidae,Abantis,paradisea,,Butler,Malvaceae,Hibiscus,tiliaceus,,Southern Africa,,
57969,Noctuidae,Chasmina,tibialis,,Fabricius,Malvaceae,Hibiscus,tiliaceus,,Southern Africa,,
121434,Sphingidae,Lophostethus,dumolinii,,Angas,Malvaceae,Hibiscus,tiliaceus,,Southern Africa,,
70198,Noctuidae,Sesamia,calamistis,,Hampson,Gramineae,Hordeum,,,South Africa,,
87487,Nymphalidae,Pardopsis,punctatissima,,Boisduval,Violaceae,Hybanthus,capensis,,Southern Africa,,
48461,Lymantriidae,Psalis,pennatula,,Fabricius,Gramineae,Hyparrhenia,,,Southern Africa,,
35055,Lasiocampidae,Sena,donaldsoni,marshalli,Aurivillius,Gramineae,Hyparrhenia,,,Southern Africa,,
78700,Nymphalidae,Aeropetes,tulbaghia,,Linnaeus,Gramineae,Hyparrhenia,hirta,,Southern Africa,,
88782,Nymphalidae,Tarsocera,cassus,,Linnaeus,Gramineae,Hyparrhenia,hirta,,Southern Africa,,
96001,Pieridae,Eurema,brigitta,,Stoll,Guttiferae,Hypericum,aethiopicum,,Southern Africa,,
96273,Pieridae,Eurema,hecabe,senegalensis,Boisduval,Guttiferae,Hypericum,aethiopicum,,Southern Africa,,
115828,Saturniidae,Imbrasia,anna,,Maassen & Weyd.,Palmae,Hyphaene,crinita,,Southern Africa,,
80722,Nymphalidae,Charaxes,pelias,,Cramer,Leguminosae (P),Hypocalyptus,sophoroides,,Southern Africa,,
56901,Noctuidae,Brithysana,speyeri,,Felder & Rogenh.,Compositae,Hypochaeris,,,Southern Africa,,
56911,Noctuidae,Brithysana,speyeri,,Felder & Rogenh.,Compositae,Hypochaeris,radicata,,South Africa,on flower heads,
138525,Tortricidae,Tortrix,capensana,,Walker,Compositae,Hypochaeris,radicata,,South Africa,,
139627,Yponomeutidae,Plutella,xylostella,,Linnaeus,Cruciferae,Iberis,,,Southern Africa,on,
120901,Sphingidae,Hippotion,celerio,,Linnaeus,Balsaminaceae,Impatiens,,,Southern Africa,,
120970,Sphingidae,Hippotion,eson,,Cramer,Balsaminaceae,Impatiens,,,Southern Africa,,
120989,Sphingidae,Hippotion,osiris,,Dalman,Balsaminaceae,Impatiens,,,Southern Africa,,
27346,Gracillariidae,Metriochroa,argyrocelis,,Vári,Balsaminaceae,Impatiens,sylvicola,,South Africa,in leaves,
60113,Noctuidae,Eublemmoides,apicimacula,,Mabille,Convolvulaceae,Ipomoea,,,Southern Africa,,
1584,Arctiidae,Euchromia,amoena,,Möschler,Convolvulaceae,Ipomoea,,,Southern Africa,,
1594,Arctiidae,Euchromia,folfetii,,Gray,Convolvulaceae,Ipomoea,,,Southern Africa,,
1597,Arctiidae,Euchromia,formosa,,Guérin-Méneville,Convolvulaceae,Ipomoea,,,Southern Africa,,
66796,Noctuidae,Oraesia,emarginata,,Fabricius,Convolvulaceae,Ipomoea,,,Southern Africa,,
119685,Sphingidae,Agrius,convolvuli,,Linnaeus,Convolvulaceae,Ipomoea,batatas,,Southern Africa,,
118250,Sesiidae,Macrotarsipodes,tricincta,,le Cerf,Convolvulaceae,Ipomoea,batatas,,South Africa,,
71567,Noctuidae,Spodoptera,littoralis,,Boisduval,Convolvulaceae,Ipomoea,batatas,,Southern Africa,on leaves,
119691,Sphingidae,Agrius,convolvuli,,Linnaeus,Convolvulaceae,Ipomoea,ficifolia,,Southern Africa,,
57226,Noctuidae,Catephia,iridocosma,,Bethune-Baker,Convolvulaceae,Ipomoea,ficifolia,,Southern Africa,,
88417,Nymphalidae,Salamis,parhassus,,Drury,Acanthaceae,Isoglossa,mossambicensis,,Southern Africa,,
30415,Hesperiidae,Celaenorrhinus,mokeezi,,Wallengren,Acanthaceae,Isoglossa,woodii,,Southern Africa,,
88418,Nymphalidae,Salamis,parhassus,,Drury,Acanthaceae,Isoglossa,woodii,,Southern Africa,,
34769,Lasiocampidae,Pachypasa,sericeofasciata,,Aurivillius,Bignoniaceae,Jacaranda,,,Southern Africa,,
9369,Eupterotidae,Jana,tantalus,,Herrich-Schäffer,Oleaceae,Jasminum,,,Southern Africa,,
107635,Pyralidae,Palpita,unionalis,,Hübner,Oleaceae,Jasminum,,,Southern Africa,,
70165,Noctuidae,Serrodes,partita,,Fabricius,Oleaceae,Jasminum,,,Southern Africa,,
119342,Sphingidae,Acherontia,atropos,,Linnaeus,Oleaceae,Jasminum,pubigerum,,Southern Africa,,
9370,Eupterotidae,Jana,tantalus,,Herrich-Schäffer,Oleaceae,Jasminum,streptopus,,Southern Africa,,
131037,Tortricidae,Cydia,pomonella,,Linnaeus,Juglandaceae,Juglans,regia,,South Africa,,
33489,Lasiocampidae,Eucraera,gemmata,,Distant,Leguminosae (C),Julbernardia,,,Southern Africa,,
33587,Lasiocampidae,Gastroplakaeis,meridionalis,,Aurivillius,Leguminosae (C),Julbernardia,,,Southern Africa,,
33668,Lasiocampidae,Gonometa,postica,,Walker,Leguminosae (C),Julbernardia,,,Southern Africa,,
34672,Lasiocampidae,Nadiasa,polydora,,Druce,Leguminosae (C),Julbernardia,,,Southern Africa,,
34708,Lasiocampidae,Pachymetana,sanguicincta,,Aurivillius,Leguminosae (C),Julbernardia,,,Southern Africa,,
111550,Saturniidae,Athletes,semialba,,Sonthonnax,Leguminosae (C),Julbernardia,globiflora,,Southern Africa,,
33316,Lasiocampidae,Bombycopsis,sp.,,,Leguminosae (C),Julbernardia,globiflora,,Southern Africa,,
80207,Nymphalidae,Charaxes,bohemani,,Felder & Felder,Leguminosae (C),Julbernardia,globiflora,,Southern Africa,,
80558,Nymphalidae,Charaxes,guderiana,,Dewitz,Leguminosae (C),Julbernardia,globiflora,,Southern Africa,,
76362,Notodontidae,Epanaphe,clarilla,,Aurivillius,Leguminosae (C),Julbernardia,globiflora,,Southern Africa,,
33490,Lasiocampidae,Eucraera,gemmata,,Distant,Leguminosae (C),Julbernardia,globiflora,,Southern Africa,,
33588,Lasiocampidae,Gastroplakaeis,meridionalis,,Aurivillius,Leguminosae (C),Julbernardia,globiflora,,Southern Africa,,
33669,Lasiocampidae,Gonometa,postica,,Walker,Leguminosae (C),Julbernardia,globiflora,,Southern Africa,,
115842,Saturniidae,Imbrasia,carnegiei,,Janse,Leguminosae (C),Julbernardia,globiflora,,Southern Africa,,
47086,Lymantriidae,Marblepsis,flabellaria,,Fabricius,Leguminosae (C),Julbernardia,globiflora,,Southern Africa,,
47145,Lymantriidae,Olapa,nuda,,Holland,Leguminosae (C),Julbernardia,globiflora,,Southern Africa,,
35200,Lasiocampidae,Streblote,polydora,,Druce,Leguminosae (C),Julbernardia,globiflora,,Southern Africa,,
78037,Notodontidae,Trotonotus,bettoni,,Butler,Leguminosae (C),Julbernardia,globiflora,,Southern Africa,,
46420,Lymantriidae,Laelia,figlina,,Distant,Juncaceae,Juncus,,,Southern Africa,,
79963,Nymphalidae,Cassionympha,cassius,,Godart,Juncaceae,Juncus,capensis,,Southern Africa,,
85168,Nymphalidae,Junonia,hierta,,Fabricius,Acanthaceae,Justicia,densiflora,,Southern Africa,,
85291,Nymphalidae,Junonia,oenone,,Linnaeus,Acanthaceae,Justicia,densiflora,,Southern Africa,,
79982,Nymphalidae,Catacroptera,cloanthe,,Stoll,Acanthaceae,Justicia,pulegioides,,Southern Africa,,
87763,Nymphalidae,Physcaeneura,pione,,Godman,Zingiberaceae,Kaempferia,,,Southern Africa,,
106484,Pyralidae,Mussidia,nigrivenella,,Ragonot,Meliaceae,Khaya,nyasica,,Southern Africa,,
78263,Nymphalidae,Acraea,horta,,Linnaeus,Flacourtiaceae,Kiggelaria,africana,,Southern Africa,,
81610,Nymphalidae,Cymothoe,alcimeda,,Godart,Flacourtiaceae,Kiggelaria,africana,,Southern Africa,,
56835,Noctuidae,Brephos,decora,,Linnaeus,Rubiaceae,Kohautia,amatymbica,,Southern Africa,,
119963,Sphingidae,Cephonodes,hylas,,Wallengren,Rubiaceae,Kraussia,floribunda,,Southern Africa,,
53593,Noctuidae,Agrotis,ipsilon,,Hufnagel,Compositae,Lactuca,sativa,,Southern Africa,,
55587,Noctuidae,Apospasta,dipterigidia,,Hampson,Compositae,Lactuca,sativa,,Southern Africa,,
4105,Arctiidae,Teracotona,submacula,,Walker,Compositae,Lactuca,sativa,,South Africa,,
25045,Geometridae,Xanthorhoe,poseata,,Geyer,Compositae,Lactuca,sativa,,Southern Africa,,
36496,Limacodidae,Latoia,urda,,Druce,Lythraceae,Lagerstroemia,,,Southern Africa,,
33491,Lasiocampidae,Eucraera,gemmata,,Distant,Anacardiaceae,Lannea,,,Southern Africa,,
50473,Nepticulidae,Stigmella,lanneivora,,Vári,Anacardiaceae,Lannea,discolor,,South Africa,on leaves,
25834,Gracillariidae,Aristaea,onychota,,Meyrick,Verbenaceae,Lantana,,,South Africa,in leaves,
63291,Noctuidae,Hypena,strigatus,,Fabricius,Verbenaceae,Lantana,,,Southern Africa,,
75369,Nolidae,Pardasena,virgulana,,Mabille,Verbenaceae,Lantana,,,Southern Africa,,
28470,Gracillariidae,Phyllonorycter,lantanae,,Vári,Verbenaceae,Lantana,,,South Africa,in leaves,
3654,Arctiidae,Spilosoma,lutescens,screabilis,Wallengren,Verbenaceae,Lantana,,,Southern Africa,,
71520,Noctuidae,Spodoptera,littoralis,,Boisduval,Verbenaceae,Lantana,,,Southern Africa,,
119346,Sphingidae,Acherontia,atropos,,Linnaeus,Verbenaceae,Lantana,camara,,Southern Africa,,
120142,Sphingidae,Coelonia,fulvinotata,,Butler,Verbenaceae,Lantana,camara,,Southern Africa,,
63299,Noctuidae,Hypena,strigatus,,Fabricius,Verbenaceae,Lantana,camara,,South Africa,,
99412,Pterophoridae,Lantanophaga,pusillidactyla,,Walker,Verbenaceae,Lantana,camara,,South Africa,,
108973,Pyralidae,Salbia,haemorrhoidalis,,Guenée,Verbenaceae,Lantana,camara,,South Africa,,
25835,Gracillariidae,Aristaea,onychota,,Meyrick,Verbenaceae,Lantana,rugosa,,South Africa,in leaves,
78252,Nymphalidae,Acraea,esebria,,Hewitson,Urticaceae,Laportea,capensis,,Southern Africa,,
79020,Nymphalidae,Antanartia,hippomene,,Hübner,Urticaceae,Laportea,capensis,,Southern Africa,,
79034,Nymphalidae,Antanartia,schaeneia,,Trimen,Urticaceae,Laportea,capensis,,Southern Africa,,
84486,Nymphalidae,Hypolimnas,anthedon,wahlbergi,Wallengren,Urticaceae,Laportea,capensis,,Southern Africa,,
78253,Nymphalidae,Acraea,esebria,,Hewitson,Urticaceae,Laportea,peduncularis,peduncularis,Southern Africa,,
78355,Nymphalidae,Acraea,obeira,,Hewitson,Urticaceae,Laportea,peduncularis,peduncularis,Southern Africa,,
79021,Nymphalidae,Antanartia,hippomene,,Hübner,Urticaceae,Laportea,peduncularis,peduncularis,Southern Africa,,
84607,Nymphalidae,Hypolimnas,deceptor,,Trimen,Urticaceae,Laportea,peduncularis,,Southern Africa,,
108282,Pyralidae,Plodia,interpunctella,,Hübner,Pinaceae,Larix,,,Southern Africa,,
73585,Noctuidae,Xanthodes,graellsii,,Feisthamel,Malvaceae,Lavatera,,,Southern Africa,,
73617,Noctuidae,Xanthodes,malvae,,Esper,Malvaceae,Lavatera,,,Southern Africa,,
66721,Noctuidae,Ophiusa,tirhaca,,Cramer,Myrtaceae,Leptospermum,,,Southern Africa,,
140188,Zygaenidae,Callosymploca,caffra,,Linnaeus,Proteaceae,Leucadendron,,,Southern Africa,,
75744,Notodontidae,Catochria,catocaloides,,Herrich-Schäffer,Proteaceae,Leucadendron,,,Southern Africa,,
61911,Noctuidae,Helicoverpa,armigera,,Hübner,Proteaceae,Leucadendron,,,Southern Africa,,
122834,Sphingidae,Temnora,pylas,,Cramer,Labiatae,Leucas,milanjiana,,Southern Africa,,
49794,Nepticulidae,Areticulata,leucosideae,,Scoble,Rosaceae,Leucosidea,sericea,,South Africa,on leaves,
75224,Nolidae,Nola,holoscota,,Hampson,Rosaceae,Leucosidea,sericea,,Southern Africa,,
23673,Geometridae,Scotopteryx,horismodes,,Prout,Rosaceae,Leucosidea,sericea,,Southern Africa,,
119347,Sphingidae,Acherontia,atropos,,Linnaeus,Oleaceae,Ligustrum,,,South Africa,,
36472,Limacodidae,Latoia,intermissa,,Walker,Oleaceae,Ligustrum,,,Southern Africa,,
3655,Arctiidae,Spilosoma,lutescens,screabilis,Wallengren,Oleaceae,Ligustrum,,,Southern Africa,,
3346,Arctiidae,Saenura,flava,,Wallengren,Liliaceae,Lilium,,,Southern Africa,,
25836,Gracillariidae,Aristaea,onychota,,Meyrick,Verbenaceae,Lippia,,,South Africa,in leaves,
25837,Gracillariidae,Aristaea,onychota,,Meyrick,Verbenaceae,Lippia,javanica,,South Africa,in leaves,
116050,Saturniidae,Imbrasia,wahlbergii,,Boisduval,Hamamelidaceae,Liquidambar,,,South Africa,,
27102,Gracillariidae,Dialectica,carcharota,,Meyrick,Boraginaceae,Lithospermum,,,South Africa,in leaves,
27113,Gracillariidae,Dialectica,praegemina,,Meyrick,Boraginaceae,Lobostemon,glaucophyllus,,South Africa,in leaves,
139628,Yponomeutidae,Plutella,xylostella,,Linnaeus,Cruciferae,Lobularia,,,Southern Africa,on,
88781,Nymphalidae,Tarsocera,cassina,,Butler,Gramineae,Lolium,,,Southern Africa,,
51284,Noctuidae,Achaea,catella,,Guenée,Leguminosae (P),Lonchocarpus,,,Southern Africa,,
80209,Nymphalidae,Charaxes,bohemani,,Felder & Felder,Leguminosae (P),Lonchocarpus,capassa,,Southern Africa,,
80775,Nymphalidae,Charaxes,pondoensis,,van Someren,Leguminosae (P),Lonchocarpus,sutherlandii,,Southern Africa,,
30555,Hesperiidae,Coeliades,forestan,,Stoll,Leguminosae (P),Lonchocarpus,sutherlandii,,Southern Africa,,
77177,Notodontidae,Odontoperas,heterogyna,,Hampson,Leguminosae (P),Lonchocarpus,sutherlandii,,Southern Africa,,
122169,Sphingidae,Platysphinx,piabilis,,Distant,Leguminosae (P),Lonchocarpus,sutherlandii,,Southern Africa,,
72748,Noctuidae,Tatorinia,fumipennis,,Felder & Rogenh.,Leguminosae (P),Lonchocarpus,sutherlandii,,Southern Africa,,
2494,Arctiidae,Leucaloa,eugraphica,,Walker,Caprifoliaceae,Lonicera,,,Southern Africa,,
2496,Arctiidae,Leucaloa,eugraphica,,Walker,Caprifoliaceae,Lonicera,sempervirens,,Southern Africa,,
96520,Pieridae,Mylothris,xantholeuca,,Hübner,Loranthaceae,Loranthus,,,South Africa,,Y
120836,Sphingidae,Hippotion,balsaminae,,Walker,Onagraceae,Ludwigia,repens,,Southern Africa,,
3488,Arctiidae,Spilosoma,investigatorum,,Karsch,Leguminosae (P),Lupinus,,,Southern Africa,,
110123,Pyralidae,Uresiphita,polygonalis,,Denis & Schiff.,Leguminosae (P),Lupinus,,,Southern Africa,,
138530,Tortricidae,Tortrix,capensana,,Walker,Solanaceae,Lycium,,,Southern Africa,on,
119348,Sphingidae,Acherontia,atropos,,Linnaeus,Solanaceae,Lycium,oxycarpum,,South Africa,,
61918,Noctuidae,Helicoverpa,armigera,,Hübner,Solanaceae,Lycopersicon,,,Southern Africa,,
12135,Gelechiidae,Phthorimaea,operculella,,Zeller,Solanaceae,Lycopersicon,,,Southern Africa,,
109113,Pyralidae,Sceliodes,laisalis,,Walker,Solanaceae,Lycopersicon,,,Southern Africa,on fruits,
71522,Noctuidae,Spodoptera,littoralis,,Boisduval,Solanaceae,Lycopersicon,,,Southern Africa,,
73495,Noctuidae,Vietteania,torrentium,,Guenée,Solanaceae,Lycopersicon,,,Southern Africa,,
119351,Sphingidae,Acherontia,atropos,,Linnaeus,Solanaceae,Lycopersicon,esculentum,,Southern Africa,,
58067,Noctuidae,Chrysodeixis,acuta,,Walker,Solanaceae,Lycopersicon,esculentum,,Southern Africa,,
58165,Noctuidae,Chrysodeixis,chalcites,,Esper,Solanaceae,Lycopersicon,esculentum,,Southern Africa,,
120145,Sphingidae,Coelonia,fulvinotata,,Butler,Solanaceae,Lycopersicon,esculentum,,Southern Africa,,
88463,Nymphalidae,Sallya,moranti,,Trimen,Euphorbiaceae,Macaranga,kilimandscharica,,Southern Africa,,
51564,Noctuidae,Achaea,lienardi,,Boisduval,Capparaceae,Maerua,,,Southern Africa,,
94617,Pieridae,Anaphaeis,severina,,Stoll,Capparaceae,Maerua,racemulosa,,Southern Africa,,
94790,Pieridae,Appias,epaphia,,Cramer,Capparaceae,Maerua,racemulosa,,Southern Africa,,
94982,Pieridae,Belenois,thysa,,Hopffer,Capparaceae,Maerua,racemulosa,,Southern Africa,,
95001,Pieridae,Belenois,zochalia,,Boisduval,Capparaceae,Maerua,racemulosa,,Southern Africa,,
95574,Pieridae,Colotis,erone,,Angas,Capparaceae,Maerua,racemulosa,,Southern Africa,,
49696,Metarbelidae,Metarbela,tuckeri,,Butler,Capparaceae,Maerua,racemulosa,,Southern Africa,,
29151,Gracillariidae,Schedocercops,maeruae,,Vári,Capparaceae,Maerua,racemulosa,,South Africa,in leaves,
25175,Geometridae,Zerenopsis,leopardina,,Felder,Myrsinaceae,Maesa,,,Southern Africa,,
114064,Saturniidae,Gonimbrasia,gueinzii,,Staudinger,Myrsinaceae,Maesa,alnifolia,,Southern Africa,,
22666,Geometridae,Pingasa,abyssinaria,,Guenée,Myrsinaceae,Maesa,alnifolia,,Southern Africa,,
25176,Geometridae,Zerenopsis,leopardina,,Felder,Myrsinaceae,Maesa,alnifolia,,Southern Africa,,
33297,Lasiocampidae,Bombycopsis,indecora,,Walker,Myrsinaceae,Maesa,lanceolata,,South Africa,,
111483,Saturniidae,Argema,mimosae,,Boisduval,Anacardiaceae,Malosma,laurina,,South Africa (prov),,Y
7393,Cossidae,Coryphodema,tristis,,Drury,Rosaceae,Malus,,,Southern Africa,,
131040,Tortricidae,Cydia,pomonella,,Linnaeus,Rosaceae,Malus,,,Southern Africa,,
45867,Lymantriidae,Euproctis,fasciata,,Walker,Rosaceae,Malus,,,Southern Africa,,
34841,Lasiocampidae,Philotherma,rosa,,Druce,Rosaceae,Malus,,,Southern Africa,,Y
7394,Cossidae,Coryphodema,tristis,,Drury,Rosaceae,Malus,pumila,,South Africa,,
131048,Tortricidae,Cydia,pomonella,,Linnaeus,Rosaceae,Malus,pumila,,South Africa,,
103739,Pyralidae,Elegia,inconspicuella,,Ragonot,Rosaceae,Malus,pumila,,South Africa,,
47984,Lymantriidae,Orgyia,mixta,,Snellen,Rosaceae,Malus,pumila,,Southern Africa,,
138526,Tortricidae,Tortrix,capensana,,Walker,Rosaceae,Malus,pumila,,South Africa,,
73619,Noctuidae,Xanthodes,malvae,,Esper,Malvaceae,Malva,,,Southern Africa,,
89271,Nymphalidae,Vanessa,cardui,,Linnaeus,Malvaceae,Malva,parviflora,,Southern Africa,,
38214,Lycaenidae,Anthene,liodes,,Hewitson,Anacardiaceae,Mangifera,indica,,Southern Africa,,
138913,Uraniidae,Chrysiridia,croesus,,Gerstaecker,Anacardiaceae,Mangifera,indica,,Southern Africa,,
120241,Sphingidae,Daphnis,nerii,,Linnaeus,Anacardiaceae,Mangifera,indica,,Southern Africa,,
116054,Saturniidae,Imbrasia,wahlbergii,,Boisduval,Anacardiaceae,Mangifera,indica,,South Africa,,
116055,Saturniidae,Imbrasia,wahlbergii,,Boisduval,Anacardiaceae,Mangifera,indica,,Southern Africa,,
34728,Lasiocampidae,Pachypasa,capensis,,Linnaeus,Anacardiaceae,Mangifera,indica,,Southern Africa,,
71526,Noctuidae,Spodoptera,littoralis,,Boisduval,Euphorbiaceae,Manihot,,,Southern Africa,,
123162,Thyrididae,Banisia,myrsusalis,elaralis,Walker,Sapotaceae,Manilkara,,,Southern Africa,,
121496,Sphingidae,Macropoliana,natalensis,,Butler,Bignoniaceae,Markhamia,platycalyx,,South Africa,,
58171,Noctuidae,Chrysodeixis,chalcites,,Esper,Labiatae,Marrubium,,,Southern Africa,,
139630,Yponomeutidae,Plutella,xylostella,,Linnaeus,Cruciferae,Matthiola,,,Southern Africa,on,
80303,Nymphalidae,Charaxes,castor,,Cramer,Celastraceae,Maytenus,,,Southern Africa,,
80375,Nymphalidae,Charaxes,cithaeron,,Felder & Felder,Celastraceae,Maytenus,,,Southern Africa,,
80478,Nymphalidae,Charaxes,ethalion,,Boisduval,Celastraceae,Maytenus,,,Southern Africa,,
103414,Pyralidae,Dysphylia,viridella,,Ragonot,Celastraceae,Maytenus,,,Southern Africa,,
49912,Nepticulidae,Ectoedemia,gymnosporiae,,Vári,Celastraceae,Maytenus,buxifolia,,South Africa,on leaves,
49913,Nepticulidae,Ectoedemia,gymnosporiae,,Vári,Celastraceae,Maytenus,heterophylla,,South Africa,on leaves,
50018,Nepticulidae,Ectoedemia,rhabdophora,,Scoble,Celastraceae,Maytenus,heterophylla,,South Africa,on leaves,
140225,Zygaenidae,Epiorna,lateralis,,Jordan,Celastraceae,Maytenus,heterophylla,,South Africa,,
49945,Nepticulidae,Ectoedemia,kowynensis,,Scoble,Celastraceae,Maytenus,peduncularis,,South Africa,on leaves,
80376,Nymphalidae,Charaxes,cithaeron,,Felder & Felder,Celastraceae,Maytenus,senegalensis,,Southern Africa,,
49890,Nepticulidae,Ectoedemia,craspedota,,Vári,Celastraceae,Maytenus,undata,,South Africa,on leaves,
50006,Nepticulidae,Ectoedemia,psarodes,,Vári,Celastraceae,Maytenus,undata,,South Africa,on leaves,
50084,Nepticulidae,Ectoedemia,undatae,,Scoble,Celastraceae,Maytenus,undata,,South Africa,on leaves,
19523,Geometridae,Hypomecis,ectropodes,,Prout,Celastraceae,Maytenus,undata,,Southern Africa,,
95298,Pieridae,Colias,electo,,Linnaeus,Leguminosae (P),Medicago,sativa,,South Africa,,
95299,Pieridae,Colias,electo,,Linnaeus,Leguminosae (P),Medicago,sativa,,Southern Africa,,
68610,Noctuidae,Plusia,angulum,,Guenée,Leguminosae (P),Medicago,sativa,,Southern Africa,,
70427,Noctuidae,Simplicia,extinctalis,,Zeller,Leguminosae (P),Medicago,sativa,,South Africa,,
3656,Arctiidae,Spilosoma,lutescens,screabilis,Wallengren,Leguminosae (P),Medicago,sativa,,Southern Africa,,
71140,Noctuidae,Spodoptera,exigua,,Hübner,Leguminosae (P),Medicago,sativa,,Southern Africa,,
28555,Gracillariidae,Phyllonorycter,melhaniae,,Vári,Sterculiaceae,Melhania,velutina,,South Africa,in leaves,
80246,Nymphalidae,Charaxes,brutus,,Cramer,Meliaceae,Melia,azedarach,,Southern Africa,,
113902,Saturniidae,Eochroa,trimeni,,Felder,Melianthaceae,Melianthus,dregeanus,insignis,South Africa (prov),,Y
113904,Saturniidae,Eochroa,trimeni,,Felder,Melianthaceae,Melianthus,minor,,South Africa (prov),,Y
1279,Arctiidae,Cymaroa,leptopepla,,Hampson,Aizoaceae,Mesembryanthemum,,,South Africa,,
48299,Lymantriidae,Orgyia,tricolor,,Herrich-Schäffer,Aizoaceae,Mesembryanthemum,,,Southern Africa,,
3657,Arctiidae,Spilosoma,lutescens,screabilis,Wallengren,Aizoaceae,Mesembryanthemum,,,Southern Africa,,
116236,Saturniidae,Ludia,delegorguei,,Boisduval,Compositae,Microglossa,mespiloides,,Southern Africa,,
69635,Noctuidae,Rhanidophora,aurantiaca,,Hampson,Compositae,Mikania,scandens,,South Africa,,
80777,Nymphalidae,Charaxes,pondoensis,,van Someren,Leguminosae (P),Millettia,grandis,,Southern Africa,,
33670,Lasiocampidae,Gonometa,postica,,Walker,Leguminosae (M),Mimosa,,,Southern Africa,,
45560,Lymantriidae,Dasychira,proteprota,,Hampson,Sapotaceae,Mimusops,,,Southern Africa,,
76283,Notodontidae,Desmeocraera,latex,,Druce,Sapotaceae,Mimusops,,,Southern Africa,,
46138,Lymantriidae,Euproctis,punctifera,,Walker,Sapotaceae,Mimusops,,,Southern Africa,,
51583,Noctuidae,Achaea,mercatoria,,Fabricius,Sapotaceae,Mimusops,discolor,,Southern Africa,,
45562,Lymantriidae,Dasychira,proterota,,Hampson,Sapotaceae,Mimusops,discolor,,Southern Africa,,
76286,Notodontidae,Desmeocraera,platti,,Janse,Sapotaceae,Mimusops,discolor,,Southern Africa,,
76298,Notodontidae,Desmeocraera,varia,,Janse,Sapotaceae,Mimusops,discolor,,Southern Africa,,
46139,Lymantriidae,Euproctis,punctifera,,Walker,Sapotaceae,Mimusops,discolor,,Southern Africa,,
88222,Nymphalidae,Pseudacraea,boisduvalii,,Doubleday,Sapotaceae,Mimusops,discolor,,Southern Africa,,
900,Arctiidae,Argina,astrea,,Drury,Sapotaceae,Mimusops,obovata,,Southern Africa,,
45563,Lymantriidae,Dasychira,proterota,,Hampson,Sapotaceae,Mimusops,obovata,,Southern Africa,,
76272,Notodontidae,Desmeocraera,atriguttata,,Hampson,Sapotaceae,Mimusops,obovata,,Southern Africa,,
76300,Notodontidae,Desmeocraera,varia,,Janse,Sapotaceae,Mimusops,obovata,,Southern Africa,,
15917,Geometridae,Diptychis,geometrina,,Felder,Sapotaceae,Mimusops,obovata,,Southern Africa,,
88224,Nymphalidae,Pseudacraea,boisduvalii,,Doubleday,Sapotaceae,Mimusops,obovata,,Southern Africa,,
88253,Nymphalidae,Pseudacraea,lucretia,,Cramer,Sapotaceae,Mimusops,obovata,,Southern Africa,,
13811,Geometridae,Antiracotis,zebrina,,Warren,Annonaceae,Monanthotaxis,caffra,,Southern Africa,,
92325,Papilionidae,Graphium,leonidas,,Fabricius,Annonaceae,Monanthotaxis,caffra,,Southern Africa,,
34571,Lasiocampidae,Mallocampa,sp.,,,Annonaceae,Monanthotaxis,caffra,,Southern Africa,,
69803,Noctuidae,Saroba,cyanescens,,Hampson,Annonaceae,Monanthotaxis,caffra,,Southern Africa,,
75040,Nolidae,Maurilia,arcuata,,Walker,Dipterocarpaceae,Monotes,,,Southern Africa,,
122251,Sphingidae,Pseudoclanis,postica,,Walker,Moraceae,Morus,,,Southern Africa,,
75712,Notodontidae,Antheua,simplex,,Walker,Leguminosae (P),Mucuna,pruriens,utilis,Southern Africa,,
78210,Nymphalidae,Acraea,encedon,,Linnaeus,Commelinaceae,Murdannia,nudiflora,,Southern Africa,,
58068,Noctuidae,Chrysodeixis,acuta,,Walker,Musaceae,Musa,,,Southern Africa,,
4226,Arctiidae,Utetheisa,pulchella,,Linnaeus,Musaceae,Musa,,,Southern Africa,,
102479,Pyralidae,Cryptoblabes,gnidiella,,Millière,Musaceae,Musa,acuminata,,South Africa,in fruits,
36499,Limacodidae,Latoia,urda,,Druce,Cecropiaceae,Musanga,,,Southern Africa,,
4229,Arctiidae,Utetheisa,pulchella,,Linnaeus,Boraginaceae,Myosotis,,,Southern Africa,,
38216,Lycaenidae,Anthene,liodes,,Hewitson,Myricaceae,Myrica,,,Southern Africa,,
60705,Noctuidae,Eutelia,bowkeri,,Felder & Rogenh.,Myricaceae,Myrica,,,Southern Africa,,
75043,Nolidae,Maurilia,arcuata,,Walker,Myricaceae,Myrica,,,Southern Africa,,
36811,Limacodidae,Pantoctenia,gemmans,,Felder,Myricaceae,Myrica,,,Southern Africa,,
38217,Lycaenidae,Anthene,liodes,,Hewitson,Myricaceae,Myrica,aethiopica,,Southern Africa,,
60706,Noctuidae,Eutelia,bowkeri,,Felder & Rogenh.,Myricaceae,Myrica,aethiopica,,Southern Africa,,
75044,Nolidae,Maurilia,arcuata,,Walker,Myricaceae,Myrica,aethiopica,,Southern Africa,,
66775,Noctuidae,Ophiusa,violascens,,Hampson,Myricaceae,Myrica,aethiopica,,Southern Africa,,
36812,Limacodidae,Pantoctenia,gemmans,,Felder,Myricaceae,Myrica,aethiopica,,Southern Africa,,
24620,Geometridae,Thalassodes,quadraria,,Guenée,Myricaceae,Myrica,aethiopica,,Southern Africa,,
136423,Tortricidae,Phlebozemia,sandrinae,,Diakonoff,Amaryllidaceae,Nerine,bowdenii,,South Africa,,
120251,Sphingidae,Daphnis,nerii,,Linnaeus,Apocynaceae,Nerium,oleander,,Southern Africa,,
114127,Saturniidae,Gonimbrasia,zambesina,,Walker,Apocynaceae,Nerium,oleander,,Southern Africa,,
58072,Noctuidae,Chrysodeixis,acuta,,Walker,Solanaceae,Nicotiana,affinis,,Southern Africa,,
120155,Sphingidae,Coelonia,fulvinotata,,Butler,Solanaceae,Nicotiana,affinis,,Southern Africa,,
119355,Sphingidae,Acherontia,atropos,,Linnaeus,Solanaceae,Nicotiana,glauca,,South Africa,,
53230,Noctuidae,Agrapha,limbirena,,Guenée,Solanaceae,Nicotiana,tabacum,,Southern Africa,on foliage,
53616,Noctuidae,Agrotis,ipsilon,,Hufnagel,Solanaceae,Nicotiana,tabacum,,Southern Africa,,
53926,Noctuidae,Agrotis,segetum,,Denis & Schiff.,Solanaceae,Nicotiana,tabacum,,Southern Africa,,
62027,Noctuidae,Helicoverpa,armigera,,Hübner,Solanaceae,Nicotiana,tabacum,,Southern Africa,in stems,
3491,Arctiidae,Spilosoma,investigatorum,,Karsch,Solanaceae,Nicotiana,tabacum,,Southern Africa,,
71531,Noctuidae,Spodoptera,littoralis,,Boisduval,Solanaceae,Nicotiana,tabacum,,Southern Africa,,
4092,Arctiidae,Teracotona,euprepia,,Hampson,Solanaceae,Nicotiana,tabacum,,Southern Africa,,
78254,Nymphalidae,Acraea,esebria,,Hewitson,Urticaceae,Obetia,tenax,,Southern Africa,,
78356,Nymphalidae,Acraea,obeira,,Hewitson,Urticaceae,Obetia,tenax,,Southern Africa,,
116278,Saturniidae,Melanocera,menippe,,Westwood,Ochnaceae,Ochna,,,South Africa,,
22443,Geometridae,Petovia,marginata,,Walker,Ochnaceae,Ochna,,,Southern Africa,,
80608,Nymphalidae,Charaxes,karkloof,,van Someren & J.,Ochnaceae,Ochna,arborea,,Southern Africa,,
80667,Nymphalidae,Charaxes,marieps,,van Someren & J.,Ochnaceae,Ochna,arborea,,Southern Africa,,
901,Arctiidae,Argina,astrea,,Drury,Ochnaceae,Ochna,atropurpurea,,Southern Africa,,
116280,Saturniidae,Melanocera,menippe,,Westwood,Ochnaceae,Ochna,atropurpurea,,Southern Africa,,
21002,Geometridae,Menophra,contemptaria,,Walker,Ochnaceae,Ochna,atropurpurea,,Southern Africa,,
21019,Geometridae,Menophra,serrataria,,Walker,Ochnaceae,Ochna,atropurpurea,,Southern Africa,,
25580,Gracillariidae,Acrocercops,ochnifolii,,Vári,Ochnaceae,Ochna,natalitia,,South Africa,in leaves,
27017,Gracillariidae,Conopomorphina,ochnivora,,Vári,Ochnaceae,Ochna,pulchra,,South Africa,in leaves,
49009,Lyonetiidae,Leucoptera,pulchricola,,Vári,Ochnaceae,Ochna,pulchra,,South Africa,,
49010,Lyonetiidae,Leucoptera,pulchricola,,Vári,Ochnaceae,Ochna,pulchra,,South Africa,on leaves,
50613,Nepticulidae,Stigmella,ochnicola,,Vári,Ochnaceae,Ochna,pulchra,,South Africa,on leaves,
51120,Nepticulidae,Varius,ochnicolus,,Vári,Ochnaceae,Ochna,pulchra,,South Africa,on leaves,
56836,Noctuidae,Brephos,decora,,Linnaeus,Rubiaceae,Oldenlandia,,,Southern Africa,,
119356,Sphingidae,Acherontia,atropos,,Linnaeus,Oleaceae,Olea,,,South Africa,,
49993,Nepticulidae,Ectoedemia,oleivora,,Vári,Oleaceae,Olea,europaea,africana,South Africa,on leaves,
107639,Pyralidae,Palpita,unionalis,,Hübner,Oleaceae,Olea,europaea,,Southern Africa,,
9414,Eupterotidae,Poloma,angulata,,Walker,Oliniaceae,Olinia,,,Southern Africa,,
9415,Eupterotidae,Poloma,angulata,,Walker,Oliniaceae,Olinia,ventosa,,Southern Africa,,
105938,Pyralidae,Loxomorpha,pulchellalis,,Dyar,Cactaceae,Opuntia,aurantiaca,,South Africa,,
101050,Pyralidae,Cactoblastis,cactorum,,Berg,Cactaceae,Opuntia,ficus-indica,,South Africa,,
59204,Noctuidae,Diaphone,eumela,,Stoll,Hyacinthaceae,Ornithogalum,,,South Africa,,
59205,Noctuidae,Diaphone,eumela,,Stoll,Hyacinthaceae,Ornithogalum,,,Southern Africa,,
3348,Arctiidae,Saenura,flava,,Wallengren,Hyacinthaceae,Ornithogalum,,,Southern Africa,,
59207,Noctuidae,Diaphone,eumela,,Stoll,Hyacinthaceae,Ornithogalum,tenuifolium,tenuifolium,Southern Africa,,
3350,Arctiidae,Saenura,flava,,Wallengren,Hyacinthaceae,Ornithogalum,tenuifolium,tenuifolium,Southern Africa,,
3658,Arctiidae,Spilosoma,lutescens,screabilis,Wallengren,Hyacinthaceae,Ornithogalum,tenuifolium,tenuifolium,Southern Africa,,
59209,Noctuidae,Diaphone,eumela,,Stoll,Colchicaceae,Ornithoglossum,,,Southern Africa,,
57127,Noctuidae,Callyna,nigerrima,,Hampson,Labiatae,Orthosiphon,,,Southern Africa,,
109149,Pyralidae,Scirpophaga,gilviberbis,,Zeller,Gramineae,Oryza,sativa,,Southern Africa,,
44943,Lymantriidae,Bracharoa,dregei,,Herrich-Schäffer,Compositae,Osteospermum,,,Southern Africa,,
59054,Noctuidae,Cucullia,terensis,,Felder & Rogenh.,Compositae,Osteospermum,,,Southern Africa,,
3298,Arctiidae,Rhodogastria,amasis,,Cramer,Compositae,Osteospermum,,,Southern Africa,,
35103,Lasiocampidae,Streblote,cristata,,Cramer,Compositae,Osteospermum,,,Southern Africa,,
11016,Gelechiidae,Ephysteris,ornata,,Janse,Compositae,Osteospermum,muricatum,,South Africa,,
66725,Noctuidae,Ophiusa,tirhaca,,Cramer,Santalaceae,Osyris,,,Southern Africa,,
96493,Pieridae,Mylothris,chloris,,Fabricius,Santalaceae,Osyris,quadripartita,,South Africa,,
99904,Pterophoridae,Trichoptilus,wahlbergi,,Zeller,Oxalidaceae,Oxalis,,,South Africa,on,
44721,Lycaenidae,Zizula,hylax,,Fabricius,Oxalidaceae,Oxalis,corniculata,,Southern Africa,,
55589,Noctuidae,Apospasta,dipterigidia,,Hampson,Polygonaceae,Oxygonum,,,Southern Africa,,
80791,Nymphalidae,Charaxes,protoclea,,Feisthamel,Gramineae,Oxytenanthera,abyssinica,,Southern Africa,,
68911,Noctuidae,Prodotis,stolida,,Fabricius,Rhamnaceae,Paliurus,,,Southern Africa,,
51332,Noctuidae,Achaea,echo,,Walker,Gramineae,Panicum,,,Southern Africa,,
82263,Nymphalidae,Dira,clytus,,Linnaeus,Gramineae,Panicum,deustum,,Southern Africa,,
87383,Nymphalidae,Paralethe,dendrophilus,,Trimen,Gramineae,Panicum,deustum,,Southern Africa,,
56902,Noctuidae,Brithysana,speyeri,,Felder & Rogenh.,Papaveraceae,Papaver,,,Southern Africa,,
51568,Noctuidae,Achaea,lienardi,,Boisduval,Sapindaceae,Pappea,,,Southern Africa,,
14016,Geometridae,Ascotis,reciprocaria,,Walker,Sapindaceae,Pappea,,,Southern Africa,,
70168,Noctuidae,Serrodes,partita,,Fabricius,Sapindaceae,Pappea,,,Southern Africa,,
80580,Nymphalidae,Charaxes,jahlusa,,Trimen,Sapindaceae,Pappea,capensis,,Southern Africa,,
49994,Nepticulidae,Ectoedemia,pappeivora,,Vári,Sapindaceae,Pappea,capensis,,South Africa,on leaves,
75640,Notodontidae,Afroplitis,dasychirina,,Gaede,Chrysobalanaceae,Parinari,,,Southern Africa,,
46437,Lymantriidae,Laelia,pyrosoma,,Hampson,Chrysobalanaceae,Parinari,,,Southern Africa,,
106487,Pyralidae,Mussidia,nigrivenella,,Ragonot,Chrysobalanaceae,Parinari,,,Southern Africa,,
49004,Lyonetiidae,Leucoptera,parinaricola,,Vári,Chrysobalanaceae,Parinari,capensis,,South Africa,on leaves,
50670,Nepticulidae,Stigmella,parinarella,,Vári,Chrysobalanaceae,Parinari,capensis,,South Africa,on leaves,
45565,Lymantriidae,Dasychira,pyrosoma,,Hampson,Chrysobalanaceae,Parinari,curatellifolia,,Southern Africa,,
122190,Sphingidae,Polyptychus,coryndoni,,Roths. & Jordan,Chrysobalanaceae,Parinari,curatellifolia,,Southern Africa,,
15848,Geometridae,Derrioides,villaria,,Felder & Rogenh.,Thymelaeaceae,Passerina,,,Southern Africa,,
78265,Nymphalidae,Acraea,horta,,Linnaeus,Passifloraceae,Passiflora,,,Southern Africa,,
78326,Nymphalidae,Acraea,natalica,,Boisduval,Passifloraceae,Passiflora,,,Southern Africa,,
3372,Arctiidae,Saenura,lineata,,Walker,Passifloraceae,Passiflora,,,Southern Africa,,
138527,Tortricidae,Tortrix,capensana,,Walker,Passifloraceae,Passiflora,,,Southern Africa,,
78091,Nymphalidae,Acraea,aganice,,Hewitson,Passifloraceae,Passiflora,caerulea,,Southern Africa,,
78327,Nymphalidae,Acraea,natalica,,Boisduval,Passifloraceae,Passiflora,caerulea,,Southern Africa,,
78530,Nymphalidae,Acraea,zetes,,Linnaeus,Passifloraceae,Passiflora,caerulea,,Southern Africa,,
78092,Nymphalidae,Acraea,aganice,,Hewitson,Passifloraceae,Passiflora,edulis,,Southern Africa,,
78096,Nymphalidae,Acraea,aglaonice,,Westwood,Passifloraceae,Passiflora,edulis,,Southern Africa,,
78266,Nymphalidae,Acraea,horta,,Linnaeus,Passifloraceae,Passiflora,edulis,,Southern Africa,,
78345,Nymphalidae,Acraea,neobule,,Doubleday,Passifloraceae,Passiflora,edulis,,Southern Africa,,
78531,Nymphalidae,Acraea,zetes,,Linnaeus,Passifloraceae,Passiflora,edulis,,Southern Africa,,
3541,Arctiidae,Spilosoma,lineata,,Walker,Passifloraceae,Passiflora,edulis,,Southern Africa,,
78093,Nymphalidae,Acraea,aganice,,Hewitson,Passifloraceae,Passiflora,incarnata,,Southern Africa,,
78097,Nymphalidae,Acraea,aglaonice,,Westwood,Passifloraceae,Passiflora,incarnata,,Southern Africa,,
78346,Nymphalidae,Acraea,neobule,,Doubleday,Passifloraceae,Passiflora,incarnata,,Southern Africa,,
78532,Nymphalidae,Acraea,zetes,,Linnaeus,Passifloraceae,Passiflora,incarnata,,Southern Africa,,
36538,Limacodidae,Latoia,vivida,,Walker,Rubiaceae,Pavetta,,,Southern Africa,,
48959,Lyonetiidae,Leucoptera,loxaula,,Meyrick,Rubiaceae,Pavetta,assimilis,,South Africa,,
48960,Lyonetiidae,Leucoptera,loxaula,,Meyrick,Rubiaceae,Pavetta,assimilis,,South Africa,on leaves,
119964,Sphingidae,Cephonodes,hylas,,Wallengren,Rubiaceae,Pavetta,lanceolata,,Southern Africa,,
36539,Limacodidae,Latoia,vivida,,Walker,Rubiaceae,Pavetta,lanceolata,,Southern Africa,,
8438,Drepanidae,Negera,natalensis,,Felder,Rubiaceae,Pavetta,lanceolata,,Southern Africa,,
7814,Cossidae,Xylocossus,capensis,,Walker,Malvaceae,Pavonia,,,Southern Africa,,
75014,Nolidae,Leocyma,appollinis,,Guenée,Malvaceae,Pavonia,burchelli,,Southern Africa,,
31684,Hesperiidae,Netrobalane,canopus,,Trimen,Malvaceae,Pavonia,burchelli,,Southern Africa,,
32490,Hesperiidae,Spialia,spio,,Linnaeus,Malvaceae,Pavonia,burchelli,,Southern Africa,,
73560,Noctuidae,Xanthodes,albago,,Fabricius,Malvaceae,Pavonia,burchelli,,Southern Africa,,
28695,Gracillariidae,Phyllonorycter,pavoniae,,Vári,Malvaceae,Pavonia,burchellii,,South Africa,in leaves,
25383,Gracillariidae,Acrocercops,columellina,,Vári,Malvaceae,Pavonia,columella,,South Africa,in leaves,
25479,Gracillariidae,Acrocercops,geyeri,,Vári,Malvaceae,Pavonia,columella,,South Africa,in leaves,
25615,Gracillariidae,Acrocercops,pavonicola,,Vári,Malvaceae,Pavonia,columella,,South Africa,in leaves,
7663,Cossidae,Xyleutes,capensis,,Walker,Malvaceae,Pavonia,columella,,Southern Africa,,
28696,Gracillariidae,Phyllonorycter,pavoniae,,Vári,Malvaceae,Pavonia,praemorsa,,South Africa,in leaves,
61956,Noctuidae,Helicoverpa,armigera,,Hübner,Geraniaceae,Pelargonium,,,Southern Africa,,
33313,Lasiocampidae,Bombycopsis,ochroleuca?,,Felder,Adiantaceae,Pellaea,viridis,,Southern Africa,,
66494,Noctuidae,Nyodes,acatharta,,Hampson,Adiantaceae,Pellaea,viridis,,Southern Africa,,
33229,Lasiocampidae,Anadiasa,punctifascia,,Walker,Leguminosae (C),Peltophorum,,,Southern Africa,,
3493,Arctiidae,Spilosoma,investigatorum,,Karsch,Leguminosae (C),Peltophorum,,,Southern Africa,,
80225,Nymphalidae,Charaxes,brainei,,van Son,Leguminosae (C),Peltophorum,africanum,,Southern Africa,,
80884,Nymphalidae,Charaxes,vansoni,,van Someren,Leguminosae (C),Peltophorum,africanum,,Southern Africa,,
80268,Nymphalidae,Charaxes,candiope,,Godart,Gramineae,Pennisetum,,,Southern Africa,,
70205,Noctuidae,Sesamia,calamistis,,Hampson,Gramineae,Pennisetum,,,Southern Africa,,
56837,Noctuidae,Brephos,decora,,Linnaeus,Rubiaceae,Pentanisia,,,Southern Africa,,
56838,Noctuidae,Brephos,decora,,Linnaeus,Rubiaceae,Pentanisia,variabilis,,Southern Africa,,
79964,Nymphalidae,Cassionympha,cassius,,Godart,Gramineae,Pentaschistis,,,Southern Africa,,
79965,Nymphalidae,Cassionympha,cassius,,Godart,Gramineae,Pentaschistis,capensis,,Southern Africa,,
33300,Lasiocampidae,Bombycopsis,indecora,,Walker,Compositae,Pentzia,,,Southern Africa,,
61960,Noctuidae,Helicoverpa,armigera,,Hübner,Compositae,Pentzia,,,Southern Africa,,
105949,Pyralidae,Loxostege,frustalis,,Zeller,Compositae,Pentzia,,,Southern Africa,,
105950,Pyralidae,Loxostege,frustalis,,Zeller,Compositae,Pentzia,incana,,South Africa,,
9407,Eupterotidae,Phiala,patagiata,,Aurivillius,Compositae,Pentzia,incana,,South Africa,,
27350,Gracillariidae,Metriochroa,pergulariae,,Vári,Asclepiadaceae,Pergularia,daemia,,South Africa,in leaves,
110124,Pyralidae,Uresiphita,polygonalis,,Denis & Schiff.,Leguminosae (P),Pericopsis,,,Southern Africa,,
34718,Lasiocampidae,Pachypasa,bilinea,,Walker,Lauraceae,Persea,americana,,Southern Africa,,
34771,Lasiocampidae,Pachypasa,sericeofasciata,,Aurivillius,Lauraceae,Persea,americana,,Southern Africa,,
34843,Lasiocampidae,Philotherma,rosa,,Druce,Lauraceae,Persea,americana,,Southern Africa,,Y
138467,Tortricidae,Thaumatotibia,leucotreta,,Meyrick,Lauraceae,Persea,americana,,Southern Africa,on,
23395,Geometridae,Rhodometra,sacraria,,Linnaeus,Polygonaceae,Persicaria,,,Southern Africa,,
78438,Nymphalidae,Acraea,rahira,,Boisduval,Polygonaceae,Persicaria,attenuata,pulchra,Southern Africa,,
68611,Noctuidae,Plusia,angulum,,Guenée,Solanaceae,Petunia,integrifolia,,Southern Africa,,
51357,Noctuidae,Achaea,finita,,Guenée,Leguminosae (P),Phaseolus,,,Southern Africa,on foliage,
58187,Noctuidae,Chrysodeixis,chalcites,,Esper,Leguminosae (P),Phaseolus,,,Southern Africa,,
62029,Noctuidae,Helicoverpa,armigera,,Hübner,Leguminosae (P),Phaseolus,,,Southern Africa,on buds/pods,
41739,Lycaenidae,Lampides,boeticus,,Linnaeus,Leguminosae (P),Phaseolus,,,South Africa,,
106489,Pyralidae,Mussidia,nigrivenella,,Ragonot,Leguminosae (P),Phaseolus,,,Southern Africa,,
71534,Noctuidae,Spodoptera,littoralis,,Boisduval,Leguminosae (P),Phaseolus,,,Southern Africa,,
4107,Arctiidae,Teracotona,submacula,,Walker,Leguminosae (P),Phaseolus,,,South Africa,,
73313,Noctuidae,Trichoplusia,orichalcea,,Fabricius,Leguminosae (P),Phaseolus,,,Southern Africa,on leaves,
58075,Noctuidae,Chrysodeixis,acuta,,Walker,Leguminosae (P),Phaseolus,vulgaris,,Southern Africa,,
68612,Noctuidae,Plusia,angulum,,Guenée,Leguminosae (P),Phaseolus,vulgaris,,Southern Africa,,
89298,Nymphalidae,Vanessa,cardui,,Linnaeus,Leguminosae (P),Phaseolus,vulgaris,,Southern Africa,,
85241,Nymphalidae,Junonia,natalica,,Felder,Acanthaceae,Phaulopsis,imbricata,,Southern Africa,,
85418,Nymphalidae,Junonia,terea,,Drury,Acanthaceae,Phaulopsis,imbricata,,Southern Africa,,
4314,Batrachedridae,Batrachedra,isochtha,,Meyrick,Palmae,Phoenix,,,South Africa,in fruits,
79667,Nymphalidae,Bebearia,mardania,,Fabricius,Palmae,Phoenix,,,Southern Africa,,
82959,Nymphalidae,Euphaedra,orientalis,,Rothschild,Palmae,Phoenix,reclinata,,Southern Africa,,
32967,Hesperiidae,Zophopetes,dysmephila,,Trimen,Palmae,Phoenix,reclinata,,South Africa,,
32968,Hesperiidae,Zophopetes,dysmephila,,Trimen,Palmae,Phoenix,reclinata,,Southern Africa,,
73265,Noctuidae,Trichoplusia,orichalcea,,Fabricius,Scrophulariaceae,Phyllopodium,,,Southern Africa,,
106491,Pyralidae,Mussidia,nigrivenella,,Ragonot,Leguminosae (P),Physostigma,,,Southern Africa,,
71537,Noctuidae,Spodoptera,littoralis,,Boisduval,Phytolaccaceae,Phytolacca,,,Southern Africa,,
44903,Lymantriidae,Aroa,melanoleuca,,Hampson,Pinaceae,Pinus,,,Southern Africa,,
44950,Lymantriidae,Bracharoa,quadripunctata,,Wallengren,Pinaceae,Pinus,,,Southern Africa,,
15307,Geometridae,Cleora,herbuloti,,Fletcher,Pinaceae,Pinus,,,Southern Africa,,
46246,Lymantriidae,Euproctis,terminalis,,Walker,Pinaceae,Pinus,,,South Africa,,
46247,Lymantriidae,Euproctis,terminalis,,Walker,Pinaceae,Pinus,,,Southern Africa,,
34575,Lasiocampidae,Mesocelis,montana,,Stoll,Pinaceae,Pinus,,,Southern Africa,,
34729,Lasiocampidae,Pachypasa,capensis,,Linnaeus,Pinaceae,Pinus,,,South Africa,,
108292,Pyralidae,Plodia,interpunctella,,Hübner,Pinaceae,Pinus,,,Southern Africa,,
116630,Saturniidae,Pseudobunaea,irius,,Fabricius,Pinaceae,Pinus,,,South Africa,,
71539,Noctuidae,Spodoptera,littoralis,,Boisduval,Pinaceae,Pinus,,,Southern Africa,,
24943,Geometridae,Xanthisthisa,niveifrons,,Prout,Pinaceae,Pinus,,,Southern Africa,,
46248,Lymantriidae,Euproctis,terminalis,,Walker,Pinaceae,Pinus,leiophylla,,South Africa,,
15310,Geometridae,Cleora,herbuloti,,Fletcher,Pinaceae,Pinus,patula,,South Africa,,
46250,Lymantriidae,Euproctis,terminalis,,Walker,Pinaceae,Pinus,patula,,South Africa,,
114801,Saturniidae,Holocerina,smilax,,Westwood,Pinaceae,Pinus,patula,,South Africa,,
115870,Saturniidae,Imbrasia,cytherea,,Fabricius,Pinaceae,Pinus,patula,,South Africa,,
98721,Psychidae,Psyche,pinicola,,Meyrick,Pinaceae,Pinus,patula,,South Africa,,
35304,Lasiocampidae,Suana,concolor,,Walker,Pinaceae,Pinus,patula,,South Africa,on leaves,
75745,Notodontidae,Catochria,catocaloides,,Herrich-Schäffer,Pinaceae,Pinus,radiata,,South Africa,,
114097,Saturniidae,Gonimbrasia,tyrrhea,,Cramer,Pinaceae,Pinus,radiata,,South Africa,,
33671,Lasiocampidae,Gonometa,postica,,Walker,Pinaceae,Pinus,radiata,,Southern Africa,,
114802,Saturniidae,Holocerina,smilax,,Westwood,Pinaceae,Pinus,radiata,,South Africa,,
116356,Saturniidae,Nudaurelia,cytherea,capensis,Fabricius,Pinaceae,Pinus,radiata,,South Africa,,
34711,Lasiocampidae,Pachypasa,albofasciata,,Aurivillius,Pinaceae,Pinus,radiata,,South Africa,,
35099,Lasiocampidae,Streblote,concolor,,Walker,Pinaceae,Pinus,radiata,,South Africa,,
35305,Lasiocampidae,Suana,concolor,,Walker,Pinaceae,Pinus,radiata,,South Africa,on leaves,
33259,Lasiocampidae,Bombycomorpha,pallida,,Distant,Piperaceae,Piper,,,Southern Africa,,
138468,Tortricidae,Thaumatotibia,leucotreta,,Meyrick,Piperaceae,Piper,,,Southern Africa,on,
33256,Lasiocampidae,Bombycomorpha,bifascia,,Walker,Piperaceae,Piper,nigrum,,South Africa,,
33260,Lasiocampidae,Bombycomorpha,pallida,,Distant,Piperaceae,Piper,nigrum,,South Africa,,
60689,Noctuidae,Eutelia,adulatrix,,Hübner,Anacardiaceae,Pistacia,,,Southern Africa,,
66730,Noctuidae,Ophiusa,tirhaca,,Cramer,Anacardiaceae,Pistacia,,,Southern Africa,,
62030,Noctuidae,Helicoverpa,armigera,,Hübner,Leguminosae (P),Pisum,,,Southern Africa,on buds/pods,
51358,Noctuidae,Achaea,finita,,Guenée,Leguminosae (P),Pisum,sativum,,Southern Africa,on foliage,
71167,Noctuidae,Spodoptera,exigua,,Hübner,Leguminosae (P),Pisum,sativum,,South Africa,,
46016,Lymantriidae,Euproctis,iridescens,,Janse,Platanaceae,Platanus,,,South Africa,,
56983,Noctuidae,Calamia,flavirufa,,Hampson,Labiatae,Plectranthus,,,Southern Africa,,
58076,Noctuidae,Chrysodeixis,acuta,,Walker,Labiatae,Plectranthus,,,Southern Africa,,
84912,Nymphalidae,Junonia,archesia,,Cramer,Labiatae,Plectranthus,,,Southern Africa,,
85258,Nymphalidae,Junonia,octavia,,Cramer,Labiatae,Plectranthus,,,Southern Africa,,
85429,Nymphalidae,Junonia,tugela,,Trimen,Labiatae,Plectranthus,,,Southern Africa,,
85259,Nymphalidae,Junonia,octavia,,Cramer,Labiatae,Plectranthus,calycinus,,Southern Africa,,
85261,Nymphalidae,Junonia,octavia,,Cramer,Labiatae,Plectranthus,esculentus,,Southern Africa,,
85275,Nymphalidae,Junonia,octavia,sesamus,Trimen,Labiatae,Plectranthus,esculentus,,Southern Africa,,
42056,Lycaenidae,Leptotes,pirithous,,Linnaeus,Plumbaginaceae,Plumbago,capensis,,Southern Africa,,
119361,Sphingidae,Acherontia,atropos,,Linnaeus,Bignoniaceae,Podranea,brycei,,South Africa,,
78441,Nymphalidae,Acraea,rahira,,Boisduval,Polygonaceae,Polygonum,,,Southern Africa,,
61553,Noctuidae,Grammodes,geometrica,,Fabricius,Polygonaceae,Polygonum,,,Southern Africa,,
23397,Geometridae,Rhodometra,sacraria,,Linnaeus,Polygonaceae,Polygonum,,,Southern Africa,,
71172,Noctuidae,Spodoptera,exigua,,Hübner,Polygonaceae,Polygonum,,,Southern Africa,,
29226,Gracillariidae,Stomphastis,polygoni,,Vári,Polygonaceae,Polygonum,setosulum,,South Africa,in leaves,
26538,Gracillariidae,Caloptilia,vicinola,,Vári,Annonaceae,Popowia,,,South Africa,in leaves,
87545,Nymphalidae,Phalanta,eurytis,,Doubleday,Salicaceae,Populus,,,Southern Africa,,
87597,Nymphalidae,Phalanta,phalantha,,Drury,Salicaceae,Populus,,,Southern Africa,,
116620,Saturniidae,Pseudobunaea,epithyrena,,Maassen & Weymer,Salicaceae,Populus,,,South Africa,,
49720,Metarbelidae,Teragra,guttifera,,Hampson,Salicaceae,Populus,,,South Africa,,
87598,Nymphalidae,Phalanta,phalantha,,Drury,Salicaceae,Populus,alba,,Southern Africa,,
116633,Saturniidae,Pseudobunaea,irius,,Fabricius,Salicaceae,Populus,deltoides,,South Africa,,
84661,Nymphalidae,Hypolimnas,misippus,,Linnaeus,Portulacaceae,Portulaca,,,Southern Africa,,
84663,Nymphalidae,Hypolimnas,misippus,,Linnaeus,Portulacaceae,Portulaca,foliosa,,Southern Africa,,
78358,Nymphalidae,Acraea,obeira,,Hewitson,Urticaceae,Pouzolzia,mixta,,Southern Africa,,
29216,Gracillariidae,Stomphastis,conflua,,Meyrick,Urticaceae,Pouzolzia,mixta,,South Africa,in leaves,
53221,Noctuidae,Agrapha,limbirena,,Guenée,Primulaceae,Primula,,,Southern Africa,,
51633,Noctuidae,Achaea,violascens,,Hampson,Proteaceae,Protea,,,Southern Africa,,
33302,Lasiocampidae,Bombycopsis,indecora,,Walker,Proteaceae,Protea,,,Southern Africa,,
57128,Noctuidae,Callyna,nigerrima,,Hampson,Proteaceae,Protea,,,Southern Africa,,
39062,Lycaenidae,Capys,bamptoni,,Henning & Henn.,Proteaceae,Protea,,,South Africa,,
39065,Lycaenidae,Capys,calpurnia,,Henning & Henn.,Proteaceae,Protea,,,South Africa,,
39071,Lycaenidae,Capys,collinsi,,Henning & Henn.,Proteaceae,Protea,,,South Africa,,
39074,Lycaenidae,Capys,cupreus,,Henning & Henn.,Proteaceae,Protea,,,South Africa,,
39080,Lycaenidae,Capys,hermes,,Henning & Henn.,Proteaceae,Protea,,,South Africa,,
39082,Lycaenidae,Capys,juliae,,Henning & Henn.,Proteaceae,Protea,,,South Africa,,
39084,Lycaenidae,Capys,meruensis,,Henning & Henn.,Proteaceae,Protea,,,South Africa,,
112946,Saturniidae,Cinabra,hyperbius,,Westwood,Proteaceae,Protea,,,Southern Africa,,
75989,Notodontidae,Clostera,roseitincta,,Janse,Proteaceae,Protea,,,Southern Africa,,
75999,Notodontidae,Clostera,violacearia,,Janse,Proteaceae,Protea,,,Southern Africa,,
118222,Sesiidae,Conopia,platyuriformis,,Walker,Proteaceae,Protea,,,South Africa,,
90232,Oecophoridae,Cryptolechia,,,,Proteaceae,Protea,,,South Africa,in shoots,
45873,Lymantriidae,Euproctis,fasciata,,Walker,Proteaceae,Protea,,,Southern Africa,,
76575,Notodontidae,Hampsonita,esmeralda,,Hampson,Proteaceae,Protea,,,Southern Africa,,
46438,Lymantriidae,Laelia,pyrosoma,,Hampson,Proteaceae,Protea,,,Southern Africa,,
67335,Noctuidae,Ovios,capensis,,Herrich-Schäffer,Proteaceae,Protea,,,Southern Africa,,
27749,Gracillariidae,Phyllocnistis,,,,Proteaceae,Protea,,,South Africa,in leaves,
3352,Arctiidae,Saenura,flava,,Wallengren,Proteaceae,Protea,,,Southern Africa,,
43675,Lycaenidae,Scoptes,alpheus,,Cramer,Proteaceae,Protea,,,South Africa,in flower heads,
118974,Sesiidae,Synanthedon,platyuriformis,,Walker,Proteaceae,Protea,,,Southern Africa,in stems,
109895,Pyralidae,Triphassa,rufinalis,,Felder & Rogenh.,Proteaceae,Protea,,,Southern Africa,,
90233,Oecophoridae,Cryptolechia,ammopleura,,Meyrick,Proteaceae,Protea,barbigera,,South Africa,,
39076,Lycaenidae,Capys,disjunctus,,Trimen,Proteaceae,Protea,caffra,,Southern Africa,,
76000,Notodontidae,Clostera,violacearia,,Janse,Proteaceae,Protea,caffra,,Southern Africa,,
45566,Lymantriidae,Dasychira,pyrosoma,,Hampson,Proteaceae,Protea,caffra,,Southern Africa,,
97930,Psychidae,Eumeta,moddermanni,,Heylaerts,Proteaceae,Protea,caffra,,Southern Africa,,
76576,Notodontidae,Hampsonita,esmeralda,,Hampson,Proteaceae,Protea,caffra,,Southern Africa,,
20811,Geometridae,Mauna,filia,,Cramer,Proteaceae,Protea,caffra,,Southern Africa,,
66286,Noctuidae,Nagia,natalensis,,Hampson,Proteaceae,Protea,caffra,,Southern Africa,,
35016,Lasiocampidae,Pseudometa,basalis,,Walker,Proteaceae,Protea,caffra,,Southern Africa,,
3354,Arctiidae,Saenura,flava,,Wallengren,Proteaceae,Protea,caffra,,Southern Africa,,
90235,Oecophoridae,Cryptolechia,ammopleura,,Meyrick,Proteaceae,Protea,mellifera,,South Africa,in flowers,
80411,Nymphalidae,Charaxes,druceanus,,Butler,Proteaceae,Protea,nitida,,Southern Africa,,
39060,Lycaenidae,Capys,alpheus,,Cramer,Proteaceae,Protea,repens,,South Africa,,
90234,Oecophoridae,Cryptolechia,ammopleura,,Meyrick,Proteaceae,Protea,repens,,South Africa,,
109896,Pyralidae,Triphassa,rufinalis,,Felder & Rogenh.,Proteaceae,Protea,repens,,South Africa,,
39077,Lycaenidae,Capys,disjunctus,,Trimen,Proteaceae,Protea,welwitschii,,Southern Africa,,
76577,Notodontidae,Hampsonita,esmeralda,,Hampson,Proteaceae,Protea,welwitschii,,Southern Africa,,
57008,Noctuidae,Caligatus,angasii,,Wing,Anacardiaceae,Protorhus,longifolia,,Southern Africa,,
112977,Saturniidae,Cirina,forda,,Westwood,Anacardiaceae,Protorhus,longifolia,,Southern Africa,,
114036,Saturniidae,Gonimbrasia,belina,,Westwood,Anacardiaceae,Protorhus,longifolia,,Southern Africa,,
114804,Saturniidae,Holocerina,smilax,,Westwood,Anacardiaceae,Protorhus,longifolia,,Southern Africa,,
116157,Saturniidae,Lobobunaea,angasana,,Westwood,Anacardiaceae,Protorhus,longifolia,,Southern Africa,,
50129,Nepticulidae,Simplimorpha,lanceifoliella,,Vári,Anacardiaceae,Protorhus,longifolia,,South Africa,on leaves,
59491,Noctuidae,Dysgonia,algira,,Linnaeus,Rosaceae,Prunus,,,Southern Africa,,
59700,Noctuidae,Egybolis,vaillantina,,Stoll,Rosaceae,Prunus,,,South Africa,,
34730,Lasiocampidae,Pachypasa,capensis,,Linnaeus,Rosaceae,Prunus,,,Southern Africa,,
36915,Limacodidae,Parasa,latistriga,,Walker,Rosaceae,Prunus,,,South Africa,,
131054,Tortricidae,Cydia,pomonella,,Linnaeus,Rosaceae,Prunus,armeniaca,,South Africa,,
36479,Limacodidae,Latoia,latistriga,,Walker,Rosaceae,Prunus,armeniaca,,Southern Africa,,
131055,Tortricidae,Cydia,pomonella,,Linnaeus,Rosaceae,Prunus,domestica,,South Africa,,
36480,Limacodidae,Latoia,latistriga,,Walker,Rosaceae,Prunus,domestica,,Southern Africa,,
36541,Limacodidae,Latoia,vivida,,Walker,Rosaceae,Prunus,domestica,,Southern Africa,,
36916,Limacodidae,Parasa,latistriga,,Walker,Rosaceae,Prunus,domestica,,South Africa,,
138469,Tortricidae,Thaumatotibia,leucotreta,,Meyrick,Rosaceae,Prunus,domestica,,Southern Africa,on,
59704,Noctuidae,Egybolis,vaillantina,,Stoll,Rosaceae,Prunus,persica,,Southern Africa,on leaves,
36481,Limacodidae,Latoia,latistriga,,Walker,Rosaceae,Prunus,persica,,Southern Africa,,
34731,Lasiocampidae,Pachypasa,capensis,,Linnaeus,Rosaceae,Prunus,persica,,Southern Africa,,
35091,Lasiocampidae,Streblote,capensis,,Aurivillius,Rosaceae,Prunus,persica,,Southern Africa,,
59909,Noctuidae,Erebus,walkeri,,Butler,Leguminosae (M),Pseudoentada,natalensis,,Southern Africa,,
57999,Noctuidae,Chlumetia,polymorpha,,Hampson,Myrtaceae,Psidium,,,Southern Africa,,
46161,Lymantriidae,Euproctis,rufopunctata,,Walker,Myrtaceae,Psidium,,,Southern Africa,,
76509,Notodontidae,Galona,serena,,Karsch,Myrtaceae,Psidium,,,Southern Africa,,
114806,Saturniidae,Holocerina,smilax,,Westwood,Myrtaceae,Psidium,,,Southern Africa,,
116058,Saturniidae,Imbrasia,wahlbergii,,Boisduval,Myrtaceae,Psidium,,,South Africa,,
116059,Saturniidae,Imbrasia,wahlbergii,,Boisduval,Myrtaceae,Psidium,,,Southern Africa,,
49716,Metarbelidae,Salagena,obsolescens,,Hampson,Myrtaceae,Psidium,,,Southern Africa,,
138471,Tortricidae,Thaumatotibia,leucotreta,,Meyrick,Myrtaceae,Psidium,,,Southern Africa,on,
68682,Noctuidae,Plusiophaes,bipuncta,,Hampson,Rubiaceae,Psychotria,capensis,,Southern Africa,,
71877,Noctuidae,Spodoptera,litura,,Fabricius,Rubiaceae,Psychotria,capensis,,Southern Africa,,
122824,Sphingidae,Temnora,marginata,,Walker,Rubiaceae,Psychotria,capensis,,Southern Africa,,
9366,Eupterotidae,Jana,eurymas,,Herrich-Schäffer,Rubiaceae,Psydrax,obovata,,Southern Africa,,
72749,Noctuidae,Taviodes,subjecta,,Walker,Rubiaceae,Psydrax,obovata,,Southern Africa,,
51571,Noctuidae,Achaea,lienardi,,Boisduval,Ptaeroxylaceae,Ptaeroxylon,,,Southern Africa,,
19910,Geometridae,Idiodes,saxaria,,Guenée,Dennstaedtiaceae,Pteridium,,,South Africa,,
107649,Pyralidae,Panotima,,,,Dennstaedtiaceae,Pteridium,,,South Africa,on fronds,
58573,Noctuidae,Conservula,cinisigna,,Joannis,Dennstaedtiaceae,Pteridium,aquilinum,,South Africa,,
107648,Pyralidae,Panotima,,,,Dennstaedtiaceae,Pteridium,aquilinum,,South Africa,,
107650,Pyralidae,Panotima,angularis,,Hampson,Dennstaedtiaceae,Pteridium,aquilinum,,South Africa,,
33330,Lasiocampidae,Catalebeda,jamesoni,,Bethune-Baker,Leguminosae (P),Pterocarpus,,,Southern Africa,,
116622,Saturniidae,Pseudobunaea,epithyrena,,Maassen & Weymer,Leguminosae (P),Pterocarpus,,,South Africa,,
80101,Nymphalidae,Charaxes,achaemenes,,Felder & Felder,Leguminosae (P),Pterocarpus,angolensis,,Southern Africa,,
80103,Nymphalidae,Charaxes,achaemenes,,Felder & Felder,Leguminosae (P),Pterocarpus,rotundifolius,,Southern Africa,,
7813,Cossidae,Xyleutes,vosseleri,,Gaede,Leguminosae (C),Pterolobium,,,Southern Africa,,
97829,Psychidae,Eumeta,cervina,,Druce,Lythraceae,Punica,,,Southern Africa,,
138472,Tortricidae,Thaumatotibia,leucotreta,,Meyrick,Lythraceae,Punica,,,Southern Africa,on,
110125,Pyralidae,Uresiphita,polygonalis,,Denis & Schiff.,Celastraceae,Putterlickia,,,Southern Africa,,
36105,Limacodidae,Crothaema,decorata,,Distant,Celastraceae,Putterlickia,verrucosa,,Southern Africa,,
17255,Geometridae,Euexia,percnopus,,Prout,Celastraceae,Putterlickia,verrucosa,,Southern Africa,,
49697,Metarbelidae,Metarbela,tuckeri,,Butler,Celastraceae,Putterlickia,verrucosa,,Southern Africa,,
36801,Limacodidae,Omocena,syrtis,,Schaus & Clement,Celastraceae,Putterlickia,verrucosa,,Southern Africa,,
36918,Limacodidae,Parasa,latistriga,,Walker,Celastraceae,Putterlickia,verrucosa,,Southern Africa,,
24214,Geometridae,Sicyodes,cambogiaria,,Guenée,Celastraceae,Putterlickia,verrucosa,,Southern Africa,,
85265,Nymphalidae,Junonia,octavia,,Cramer,Labiatae,Pycnostachys,reticulata,,Southern Africa,,
120159,Sphingidae,Coelonia,fulvinotata,,Butler,Labiatae,Pycnostachys,urticifolia,,Southern Africa,,
85267,Nymphalidae,Junonia,octavia,,Cramer,Labiatae,Pycnostachys,urticifolia,,Southern Africa,,
34774,Lasiocampidae,Pachypasa,sericeofasciata,,Aurivillius,Rosaceae,Pyracantha,,,Southern Africa,,
7395,Cossidae,Coryphodema,tristis,,Drury,Rosaceae,Pyrus,,,South Africa,,
7396,Cossidae,Coryphodema,tristis,,Drury,Rosaceae,Pyrus,communis,,South Africa,,
131066,Tortricidae,Cydia,pomonella,,Linnaeus,Rosaceae,Pyrus,communis,,South Africa,,
49719,Metarbelidae,Selagena,tessellata,,Distant,Rosaceae,Pyrus,communis,,Southern Africa,,
45383,Lymantriidae,Dasychira,georgiana,,Fawcett,Fagaceae,Quercus,,,Southern Africa,,
116282,Saturniidae,Melanocera,menippe,,Westwood,Fagaceae,Quercus,,,South Africa,,
36900,Limacodidae,Parasa,johannes,,Distant,Fagaceae,Quercus,,,South Africa,,
36920,Limacodidae,Parasa,latistriga,,Walker,Fagaceae,Quercus,,,South Africa,,
68913,Noctuidae,Prodotis,stolida,,Fabricius,Fagaceae,Quercus,,,Southern Africa,,
49724,Metarbelidae,Teragra,sticticosta,,Hampson,Fagaceae,Quercus,,,South Africa,,
138474,Tortricidae,Thaumatotibia,leucotreta,,Meyrick,Fagaceae,Quercus,,,Southern Africa,on,
45384,Lymantriidae,Dasychira,georgiana,,Fawcett,Fagaceae,Quercus,robur,,Southern Africa,,
114811,Saturniidae,Holocerina,smilax,,Westwood,Fagaceae,Quercus,robur,,Southern Africa,,
86823,Nymphalidae,Neptis,saclava,,Boisduval,Combretaceae,Quisqualis,indica,,Southern Africa,,
80727,Nymphalidae,Charaxes,pelias,,Cramer,Leguminosae (P),Rafnia,amplexicaulis,,Southern Africa,,
80728,Nymphalidae,Charaxes,pelias,,Cramer,Leguminosae (P),Rafnia,triflora,,Southern Africa,,
14766,Geometridae,Cartaletis,libyssa,,Hopffer,Rubiaceae,Randia,,,Southern Africa,on,
108486,Pyralidae,Polygrammodes,phyllophila,,Butler,Myrsinaceae,Rapanea,melanophloeos,,South Africa,in shoots,
73273,Noctuidae,Trichoplusia,orichalcea,,Fabricius,Cruciferae,Raphanus,,,Southern Africa,,
138528,Tortricidae,Tortrix,capensana,,Walker,Cruciferae,Raphanus,raphanistrum,,South Africa,,
56903,Noctuidae,Brithysana,speyeri,,Felder & Rogenh.,Cruciferae,Raphanus,sativus,,Southern Africa,,
102301,Pyralidae,Crocidolomia,pavonana,,Fabricius,Cruciferae,Raphanus,sativus,,Southern Africa,,
107824,Pyralidae,Parotis,baldersalis,,Walker,Apocynaceae,Rauvolfia,,,Southern Africa,in leaves,
120257,Sphingidae,Daphnis,nerii,,Linnaeus,Apocynaceae,Rauvolfia,caffra,,Southern Africa,,
78187,Nymphalidae,Acraea,cerasa,,Hewitson,Flacourtiaceae,Rawsonia,lucida,,Southern Africa,,
81636,Nymphalidae,Cymothoe,coranus,,Grose-Smith,Flacourtiaceae,Rawsonia,lucida,,Southern Africa,,
85536,Nymphalidae,Lachnoptera,anticlia,,Hübner,Flacourtiaceae,Rawsonia,lucida,,Southern Africa,,
85543,Nymphalidae,Lachnoptera,ayresii,,Trimen,Flacourtiaceae,Rawsonia,lucida,,Southern Africa,,
61976,Noctuidae,Helicoverpa,armigera,,Hübner,Resedaceae,Reseda,,,Southern Africa,,
88295,Nymphalidae,Pseudonympha,detecta,,Trimen,Restionaceae,Restio,,,Southern Africa,,
88727,Nymphalidae,Stygionympha,vigilans,,Trimen,Restionaceae,Restio,cincinnatus,,Southern Africa,,
88297,Nymphalidae,Pseudonympha,hippia,,Cramer,Restionaceae,Restio,cuspidatus,,Southern Africa,,
103740,Pyralidae,Elegia,inconspicuella,,Ragonot,Polygonaceae,Rheum,rhaponticum,,South Africa,,
130472,Tortricidae,Cryptophlebia,rhizophorae,,Vári,Rhizophoraceae,Rhizophora,,,South Africa,in roots,
53096,Noctuidae,Aegoceropsis,fervida,,Walker,Vitaceae,Rhoicissus,,,Southern Africa,,
53164,Noctuidae,Agoma,trimenii,,Felder,Vitaceae,Rhoicissus,,,Southern Africa,,
56904,Noctuidae,Brithysana,speyeri,,Felder & Rogenh.,Vitaceae,Rhoicissus,,,Southern Africa,,
140362,Zygaenidae,Tascia,finalis,,Walker,Vitaceae,Rhoicissus,,,Southern Africa,,
53097,Noctuidae,Aegoceropsis,fervida,,Walker,Vitaceae,Rhoicissus,digitata,,South Africa,,
53098,Noctuidae,Aegoceropsis,fervida,,Walker,Vitaceae,Rhoicissus,digitata,,Southern Africa,,
53165,Noctuidae,Agoma,trimenii,,Felder,Vitaceae,Rhoicissus,digitata,,Southern Africa,,
56905,Noctuidae,Brithysana,speyeri,,Felder & Rogenh.,Vitaceae,Rhoicissus,digitata,,Southern Africa,,
140342,Zygaenidae,Saliuncella,marshalli,,Jordan,Vitaceae,Rhoicissus,digitata,,Southern Africa,,
122867,Sphingidae,Theretra,capensis,,Linnaeus,Vitaceae,Rhoicissus,digitata,,Southern Africa,,
51573,Noctuidae,Achaea,lienardi,,Boisduval,Anacardiaceae,Rhus,,,Southern Africa,,
13131,Geometridae,Adicocrita,koranata,,Felder & Rogenh.,Anacardiaceae,Rhus,,,Southern Africa,,
14019,Geometridae,Ascotis,reciprocaria,,Walker,Anacardiaceae,Rhus,,,Southern Africa,,
33257,Lasiocampidae,Bombycomorpha,bifascia,,Walker,Anacardiaceae,Rhus,,,Southern Africa,,
33261,Lasiocampidae,Bombycomorpha,pallida,,Distant,Anacardiaceae,Rhus,,,Southern Africa,,
27020,Gracillariidae,Corethrovalva,paraplesia,,Vári,Anacardiaceae,Rhus,,,South Africa,in leaves,
45386,Lymantriidae,Dasychira,georgiana,,Fawcett,Anacardiaceae,Rhus,,,Southern Africa,,
60692,Noctuidae,Eutelia,adulatrix,,Hübner,Anacardiaceae,Rhus,,,Southern Africa,,
47091,Lymantriidae,Morasa,modesta,,Walker,Anacardiaceae,Rhus,,,Southern Africa,,
34674,Lasiocampidae,Nadiasa,polydora,,Druce,Anacardiaceae,Rhus,,,Southern Africa,,
66736,Noctuidae,Ophiusa,tirhaca,,Cramer,Anacardiaceae,Rhus,,,Southern Africa,,
34732,Lasiocampidae,Pachypasa,capensis,,Linnaeus,Anacardiaceae,Rhus,,,Southern Africa,,
3301,Arctiidae,Rhodogastria,amasis,,Cramer,Anacardiaceae,Rhus,,,Southern Africa,,
23399,Geometridae,Rhodometra,sacraria,,Linnaeus,Anacardiaceae,Rhus,,,Southern Africa,,
77602,Notodontidae,Sarimarais,pinheyi,,Distant,Anacardiaceae,Rhus,,,Southern Africa,,
24096,Geometridae,Semiothisa,procidata,,Guenée,Anacardiaceae,Rhus,,,Southern Africa,,
35058,Lasiocampidae,Sena,simplex,,Aurivillius,Anacardiaceae,Rhus,,,Southern Africa,,
3394,Arctiidae,Siccia,caffra,,Walker,Anacardiaceae,Rhus,,,Southern Africa,,
50130,Nepticulidae,Simplimorpha,lanceifoliella,,Vári,Anacardiaceae,Rhus,chirindensis,,South Africa,on leaves,
56906,Noctuidae,Brithysana,speyeri,,Felder & Rogenh.,Anacardiaceae,Rhus,cirrhiflorum,,South Africa,,
50131,Nepticulidae,Simplimorpha,lanceifoliella,,Vári,Anacardiaceae,Rhus,dentata,,South Africa,on leaves,
49932,Nepticulidae,Ectoedemia,incisaevora,,Scoble,Anacardiaceae,Rhus,incisa,,South Africa,on leaves,
80900,Nymphalidae,Charaxes,varanes,,Cramer,Anacardiaceae,Rhus,laevigata,,Southern Africa,,
45387,Lymantriidae,Dasychira,georgiana,,Fawcett,Anacardiaceae,Rhus,laevigata,,Southern Africa,,
114815,Saturniidae,Holocerina,smilax,,Westwood,Anacardiaceae,Rhus,laevigata,,Southern Africa,,
66740,Noctuidae,Ophiusa,tirhaca,,Cramer,Anacardiaceae,Rhus,laevigata,,Southern Africa,,
35201,Lasiocampidae,Streblote,polydora,,Druce,Anacardiaceae,Rhus,laevigata,,Southern Africa,,
50132,Nepticulidae,Simplimorpha,lanceifoliella,,Vári,Anacardiaceae,Rhus,lancea,,South Africa,on leaves,
49946,Nepticulidae,Ectoedemia,leptodictyae,,Scoble,Anacardiaceae,Rhus,leptodictya,,South Africa,on leaves,
50133,Nepticulidae,Simplimorpha,lanceifoliella,,Vári,Anacardiaceae,Rhus,leptodictya,,South Africa,on leaves,
26312,Gracillariidae,Caloptilia,rhusina,,Vári,Anacardiaceae,Rhus,lucida,,South Africa,in leaves,
50134,Nepticulidae,Simplimorpha,lanceifoliella,,Vári,Anacardiaceae,Rhus,lucida,,South Africa,on leaves,
46981,Lymantriidae,Lymantria,modesta,,Walker,Anacardiaceae,Rhus,pyroides,,South Africa,,
50135,Nepticulidae,Simplimorpha,lanceifoliella,,Vári,Anacardiaceae,Rhus,pyroides,,South Africa,on leaves,
33255,Lasiocampidae,Beralade,pygmula,,Strand,Anacardiaceae,Rhus,villosa,,Southern Africa,,
33258,Lasiocampidae,Bombycomorpha,bifascia,,Walker,Anacardiaceae,Rhus,villosa,,Southern Africa,,
60699,Noctuidae,Eutelia,amatrix,,Walker,Anacardiaceae,Rhus,villosa,,Southern Africa,,
60711,Noctuidae,Eutelia,catephioides,,Guenée,Anacardiaceae,Rhus,villosa,,Southern Africa,,
114818,Saturniidae,Holocerina,smilax,,Westwood,Anacardiaceae,Rhus,villosa,,Southern Africa,,
46982,Lymantriidae,Lymantria,modesta,,Walker,Anacardiaceae,Rhus,villosa,,South Africa,,
46983,Lymantriidae,Lymantria,modesta,,Walker,Anacardiaceae,Rhus,villosa,,Southern Africa,,
21692,Geometridae,Omphalucha,maturnaria,,Möschler,Anacardiaceae,Rhus,villosa,,Southern Africa,,
66742,Noctuidae,Ophiusa,tirhaca,,Cramer,Anacardiaceae,Rhus,villosa,,Southern Africa,,
77601,Notodontidae,Sarimarais,bicolor,,Distant,Anacardiaceae,Rhus,villosa,,Southern Africa,,
25141,Geometridae,Xylopteryx,arcuata,,Walker,Anacardiaceae,Rhus,villosa,,Southern Africa,,
26252,Gracillariidae,Caloptilia,prosticta,cataractias,Meyrick,Leguminosae (P),Rhynchosia,caribaea,,South Africa,in leaves,
28554,Gracillariidae,Phyllonorycter,melanosparta,,Meyrick,Leguminosae (P),Rhynchosia,caribaea,,South Africa,in leaves,
28778,Gracillariidae,Phyllonorycter,rhynchosiae,,Vári,Leguminosae (P),Rhynchosia,confusa,,South Africa,in leaves,
28779,Gracillariidae,Phyllonorycter,rhynchosiae,,Vári,Leguminosae (P),Rhynchosia,nitens,,South Africa,in leaves,
50791,Nepticulidae,Stigmella,rhynchosiella,,Vári,Leguminosae (P),Rhynchosia,nitens,,South Africa,on leaves,
119856,Sphingidae,Basiothia,medea,,Fabricius,Rubiaceae,Richardia,scabra,,Southern Africa,,
51288,Noctuidae,Achaea,catella,,Guenée,Euphorbiaceae,Ricinus,,,Southern Africa,,
103028,Pyralidae,Dichocrocis,polystidzalis,,Hampson,Euphorbiaceae,Ricinus,,,Southern Africa,,
46140,Lymantriidae,Euproctis,punctifera,,Walker,Euphorbiaceae,Ricinus,,,Southern Africa,,
36483,Limacodidae,Latoia,latistriga,,Walker,Euphorbiaceae,Ricinus,,,Southern Africa,,
22948,Geometridae,Prasinocyma,scissaria,,Felder & Rogenh.,Euphorbiaceae,Ricinus,,,Southern Africa,,
71543,Noctuidae,Spodoptera,littoralis,,Boisduval,Euphorbiaceae,Ricinus,,,Southern Africa,,
24625,Geometridae,Thalassodes,quadraria,,Guenée,Euphorbiaceae,Ricinus,,,Southern Africa,,
138476,Tortricidae,Thaumatotibia,leucotreta,,Meyrick,Euphorbiaceae,Ricinus,,,Southern Africa,on,
7815,Cossidae,Xylocossus,capensis,,Walker,Euphorbiaceae,Ricinus,,,Southern Africa,,
51291,Noctuidae,Achaea,catella,,Guenée,Euphorbiaceae,Ricinus,communis,,Southern Africa,,
51354,Noctuidae,Achaea,finita,,Guenée,Euphorbiaceae,Ricinus,communis,,Southern Africa,,
51597,Noctuidae,Achaea,mormoides,,Walker,Euphorbiaceae,Ricinus,communis,,Southern Africa,,
80453,Nymphalidae,Charaxes,etesipe,,Godart,Euphorbiaceae,Ricinus,communis,,Southern Africa,,
15251,Geometridae,Cleora,acaciaria,,Boisduval,Euphorbiaceae,Ricinus,communis,,Southern Africa,,
45390,Lymantriidae,Dasychira,georgiana,,Fawcett,Euphorbiaceae,Ricinus,communis,,Southern Africa,,
59500,Noctuidae,Dysgonia,algira,,Linnaeus,Euphorbiaceae,Ricinus,communis,,Southern Africa,,
46141,Lymantriidae,Euproctis,punctifera,,Walker,Euphorbiaceae,Ricinus,communis,,Southern Africa,,
83669,Nymphalidae,Eurytela,dryope,,Cramer,Euphorbiaceae,Ricinus,communis,,Southern Africa,,
116064,Saturniidae,Imbrasia,wahlbergii,,Boisduval,Euphorbiaceae,Ricinus,communis,,South Africa,,
116065,Saturniidae,Imbrasia,wahlbergii,,Boisduval,Euphorbiaceae,Ricinus,communis,,Southern Africa,,
86826,Nymphalidae,Neptis,saclava,,Boisduval,Euphorbiaceae,Ricinus,communis,,Southern Africa,,
24628,Geometridae,Thalassodes,quadraria,,Guenée,Euphorbiaceae,Ricinus,communis,,Southern Africa,,
7667,Cossidae,Xyleutes,capensis,,Walker,Euphorbiaceae,Ricinus,communis,,Southern Africa,,
33354,Lasiocampidae,Concaedes,carinata,,Wallengren,Leguminosae (P),Robinia,,,Southern Africa,,
102302,Pyralidae,Crocidolomia,pavonana,,Fabricius,Cruciferae,Rorippa,,,Southern Africa,,
61980,Noctuidae,Helicoverpa,armigera,,Hübner,Rosaceae,Rosa,,,Southern Africa,,
36549,Limacodidae,Latoia,vivida,,Walker,Rosaceae,Rosa,,,Southern Africa,,
68618,Noctuidae,Plusia,euchroa,,Hampson,Verbenaceae,Rotheca,myricoides,,Southern Africa,,
29290,Himanopteridae,Anomoetes,levis,,Felder,Rubiaceae,Rothmannia,globosa,,Southern Africa,,
1680,Arctiidae,Eyralpenus,diplosticta,,Hampson,Rubiaceae,Rothmannia,globosa,,Southern Africa,,
21020,Geometridae,Menophra,serrataria,,Walker,Rubiaceae,Rothmannia,globosa,,Southern Africa,,
21684,Geometridae,Omizodes,ocellata,,Warren,Rubiaceae,Rothmannia,globosa,,Southern Africa,,
121485,Sphingidae,Macroglossum,trochilus,,Hübner,Rubiaceae,Rubia,cordifolia,,South Africa,,
121486,Sphingidae,Macroglossum,trochilus,,Hübner,Rubiaceae,Rubia,cordifolia,,Southern Africa,,
59505,Noctuidae,Dysgonia,algira,,Linnaeus,Rosaceae,Rubus,,,Southern Africa,,
68915,Noctuidae,Prodotis,stolida,,Fabricius,Rosaceae,Rubus,,,Southern Africa,,
79986,Nymphalidae,Catacroptera,cloanthe,,Stoll,Acanthaceae,Ruellia,cordata,,Southern Africa,,
85171,Nymphalidae,Junonia,hierta,,Fabricius,Acanthaceae,Ruellia,cordata,,Southern Africa,,
53937,Noctuidae,Agrotis,segetum,,Denis & Schiff.,Polygonaceae,Rumex,,,Southern Africa,,
56907,Noctuidae,Brithysana,speyeri,,Felder & Rogenh.,Polygonaceae,Rumex,,,Southern Africa,,
103741,Pyralidae,Elegia,inconspicuella,,Ragonot,Polygonaceae,Rumex,,,South Africa,,
138529,Tortricidae,Tortrix,capensana,,Walker,Polygonaceae,Rumex,acetosella,,South Africa,,
103742,Pyralidae,Elegia,inconspicuella,,Ragonot,Polygonaceae,Rumex,pulcher,,South Africa,,
88303,Nymphalidae,Pseudonympha,trimenii,,Butler,Gramineae,Rytidosperma,stricta,,Southern Africa,,
107898,Pyralidae,Patna,venatella,,Hampson,Gramineae,Saccharum,,,Southern Africa,,
56931,Noctuidae,Busseola,fusca,,Fuller,Gramineae,Saccharum,officinarum,,Southern Africa,,
103729,Pyralidae,Eldana,saccharina,,Walker,Gramineae,Saccharum,officinarum,,South Africa,,
64254,Noctuidae,Leucania,phaea,,Hampson,Gramineae,Saccharum,officinarum,,South Africa,,
64269,Noctuidae,Leucania,polyrabda,,Hampson,Gramineae,Saccharum,officinarum,,South Africa,,
66218,Noctuidae,Mythimna,pinna,,Berio,Gramineae,Saccharum,officinarum,,South Africa,,
70212,Noctuidae,Sesamia,calamistis,,Hampson,Gramineae,Saccharum,officinarum,,Southern Africa,,
70983,Noctuidae,Spodoptera,exempta,,Walker,Gramineae,Saccharum,officinarum,,Southern Africa,,
72084,Noctuidae,Spodoptera,mauritia,,Boisduval,Gramineae,Saccharum,officinarum,,South Africa,,
4126,Arctiidae,Trichaeta,pterophorina,,Mabille,Gramineae,Saccharum,officinarum,,Southern Africa,,
73496,Noctuidae,Vietteania,torrentium,,Guenée,Gramineae,Saccharum,officinarum,,South Africa,,
59507,Noctuidae,Dysgonia,algira,,Linnaeus,Salicaceae,Salix,,,Southern Africa,,
114102,Saturniidae,Gonimbrasia,tyrrhea,,Cramer,Salicaceae,Salix,,,South Africa,,
87605,Nymphalidae,Phalanta,phalantha,,Drury,Salicaceae,Salix,,,Southern Africa,,
25846,Gracillariidae,Aspilapteryx,grypota,,Meyrick,Salicaceae,Salix,babylonica,,South Africa,in leaves,
53223,Noctuidae,Agrapha,limbirena,,Guenée,Labiatae,Salvia,,,Southern Africa,,
58199,Noctuidae,Chrysodeixis,chalcites,,Esper,Labiatae,Salvia,,,Southern Africa,,
53224,Noctuidae,Agrapha,limbirena,,Guenée,Labiatae,Salvia,splendens,,Southern Africa,,
120161,Sphingidae,Coelonia,fulvinotata,,Butler,Labiatae,Salvia,splendens,,Southern Africa,,
59701,Noctuidae,Egybolis,vaillantina,,Stoll,Sapindaceae,Sapindus,,,South Africa,,
59702,Noctuidae,Egybolis,vaillantina,,Stoll,Sapindaceae,Sapindus,,,Southern Africa,,
83806,Nymphalidae,Euxanthe,wakefieldi,,Ward,Sapindaceae,Sapindus,,,Southern Africa,,
26325,Gracillariidae,Caloptilia,sapina,,Vári,Euphorbiaceae,Sapium,ellipticum,,South Africa,in leaves,
88450,Nymphalidae,Sallya,boisduvali,,Wallengren,Euphorbiaceae,Sapium,integerrimum,,Southern Africa,,
88473,Nymphalidae,Sallya,natalensis,,Boisduval,Euphorbiaceae,Sapium,integerrimum,,Southern Africa,,
22669,Geometridae,Pingasa,abyssinaria,,Guenée,Anacardiaceae,Schinus,,,Southern Africa,,
14023,Geometridae,Ascotis,reciprocaria,,Walker,Anacardiaceae,Schinus,molle,,Southern Africa,,
33262,Lasiocampidae,Bombycomorpha,pallida,,Distant,Anacardiaceae,Schinus,molle,,South Africa,,
33263,Lasiocampidae,Bombycomorpha,spp.,,,Anacardiaceae,Schinus,molle,,South Africa,,
60716,Noctuidae,Eutelia,discistriga,,Walker,Anacardiaceae,Schinus,molle,,Southern Africa,,
48449,Lymantriidae,Polymona,rufifemur,,Walker,Anacardiaceae,Schinus,molle,,Southern Africa,,
50136,Nepticulidae,Simplimorpha,lanceifoliella,,Vári,Anacardiaceae,Schinus,molle,,South Africa,on leaves,
24629,Geometridae,Thalassodes,quadraria,,Guenée,Anacardiaceae,Schinus,molle,,Southern Africa,,
38219,Lycaenidae,Anthene,liodes,,Hewitson,Sapindaceae,Schmidelia,africana,,Southern Africa,,
80904,Nymphalidae,Charaxes,varanes,,Cramer,Sapindaceae,Schmidelia,africana,,Southern Africa,,
45452,Lymantriidae,Dasychira,lunensis,,Hampson,Sapindaceae,Schmidelia,africana,,Southern Africa,,
117633,Saturniidae,Tagoropsis,flavinata,,Walker,Sapindaceae,Schmidelia,africana,,Southern Africa,,
51574,Noctuidae,Achaea,lienardi,,Boisduval,Leguminosae (C),Schotia,,,Southern Africa,,
80730,Nymphalidae,Charaxes,pelias,,Cramer,Leguminosae (C),Schotia,,,Southern Africa,,
33689,Lasiocampidae,Henometa,clarki,,Aurivillius,Leguminosae (C),Schotia,,,Southern Africa,,
33690,Lasiocampidae,Henometa,clarki,,Aurivillius,Leguminosae (C),Schotia,brachypetala,,Southern Africa,,
80379,Nymphalidae,Charaxes,cithaeron,,Felder & Felder,Leguminosae (C),Schotia,latifolia,,Southern Africa,,
59211,Noctuidae,Diaphone,eumela,,Stoll,Hyacinthaceae,Scilla,,,South Africa,,
59212,Noctuidae,Diaphone,eumela,,Stoll,Hyacinthaceae,Scilla,,,Southern Africa,,
46162,Lymantriidae,Euproctis,rufopunctata,,Walker,Anacardiaceae,Sclerocarya,,,Southern Africa,,
47092,Lymantriidae,Morasa,modesta,,Walker,Anacardiaceae,Sclerocarya,,,Southern Africa,,
34846,Lasiocampidae,Philotherma,rosa,,Druce,Anacardiaceae,Sclerocarya,,,Southern Africa,,
70612,Noctuidae,Sphingomorpha,chlorea,,Cramer,Anacardiaceae,Sclerocarya,,,Southern Africa,,
111487,Saturniidae,Argema,mimosae,,Boisduval,Anacardiaceae,Sclerocarya,caffra,,Southern Africa,,
33495,Lasiocampidae,Eucraera,koellikeri,,Dewitz,Anacardiaceae,Sclerocarya,caffra,,Southern Africa,,
46163,Lymantriidae,Euproctis,rufopunctata,,Walker,Anacardiaceae,Sclerocarya,caffra,,Southern Africa,,
60713,Noctuidae,Eutelia,catephioides,,Guenée,Anacardiaceae,Sclerocarya,caffra,,Southern Africa,,
114041,Saturniidae,Gonimbrasia,belina,,Westwood,Anacardiaceae,Sclerocarya,caffra,,Southern Africa,,
46985,Lymantriidae,Lymantria,modesta,,Walker,Anacardiaceae,Sclerocarya,caffra,,South Africa,,
46986,Lymantriidae,Lymantria,modesta,,Walker,Anacardiaceae,Sclerocarya,caffra,,Southern Africa,,
35467,Lasiocampidae,Trabala,pallida,,Walker,Anacardiaceae,Sclerocarya,caffra,,Southern Africa,,
35611,Lasiocampidae,Trichopisthia,monteiroi,,Druce,Anacardiaceae,Sclerocarya,caffra,,Southern Africa,,
117672,Saturniidae,Usta,terpsichore,,Maassen & Weymer,Anacardiaceae,Sclerocarya,caffra,,Southern Africa,,
27135,Gracillariidae,Ectropina,sclerochitoni,,Vári,Acanthaceae,Sclerochiton,harveyanus,,South Africa,in leaves,
87548,Nymphalidae,Phalanta,eurytis,,Doubleday,Flacourtiaceae,Scolopia,,,Southern Africa,,
75949,Notodontidae,Clostera,lentisignata,,Hampson,Flacourtiaceae,Scolopia,gerrardi,,Southern Africa,,
77241,Notodontidae,Pararethona,hierax,,Distant,Flacourtiaceae,Scolopia,gerrardi,,Southern Africa,,
80958,Nymphalidae,Charaxes,xiphares,,Stoll,Rhamnaceae,Scutia,myrtina,,Southern Africa,,
15007,Geometridae,Chloroclystis,marmorata,,Warren,Rhamnaceae,Scutia,myrtina,,Southern Africa,,
30689,Hesperiidae,Eagris,nottoana,,Wallengren,Rhamnaceae,Scutia,myrtina,,Southern Africa,,
49981,Nepticulidae,Ectoedemia,myrtinaecola,,Scoble,Rhamnaceae,Scutia,myrtina,,South Africa,on leaves,
59935,Noctuidae,Ericeia,inangulata,,Guenée,Rhamnaceae,Scutia,myrtina,,Southern Africa,,
20473,Geometridae,Lasiochlora,bicolor,,Thierry-Mieg,Rhamnaceae,Scutia,myrtina,,Southern Africa,,
20474,Geometridae,Lasiochlora,diducta,,Walker,Rhamnaceae,Scutia,myrtina,,Southern Africa,,
109897,Pyralidae,Triphassa,stalachtis,,Hübner,Ericaceae,Scyphogyne,,,Southern Africa,,
1586,Arctiidae,Euchromia,amoena,,Möschler,Asclepiadaceae,Secamone,,,Southern Africa,,
4633,Bombycidae,Spiramiopsis,comma,,Hampson,Asclepiadaceae,Secamone,,,Southern Africa,,
1587,Arctiidae,Euchromia,amoena,,Möschler,Asclepiadaceae,Secamone,gerrardi,,Southern Africa,,
4634,Bombycidae,Spiramiopsis,comma,,Hampson,Asclepiadaceae,Secamone,gerrardi,,Southern Africa,,
80735,Nymphalidae,Charaxes,penricei,,Rothschild,Polygalaceae,Securidaca,longipedunculata,,Southern Africa,,
33268,Lasiocampidae,Bombycopsis,bipars,,Walker,Compositae,Senecio,,,Southern Africa,,
2912,Arctiidae,Nyctemera,leuconoe,,Hopffer,Compositae,Senecio,,,Southern Africa,,
3303,Arctiidae,Rhodogastria,amasis,,Cramer,Compositae,Senecio,,,Southern Africa,,
3358,Arctiidae,Saenura,flava,,Wallengren,Compositae,Senecio,,,Southern Africa,,
73014,Noctuidae,Trichoplusia,exquisita,,Felder & Rogenh.,Compositae,Senecio,,,South Africa,,
73015,Noctuidae,Trichoplusia,exquisita,,Felder & Rogenh.,Compositae,Senecio,,,Southern Africa,,
1320,Arctiidae,Diacrisia,scita,,Walker,Compositae,Senecio,bupleuroides,,Southern Africa,,
73016,Noctuidae,Trichoplusia,exquisita,,Felder & Rogenh.,Compositae,Senecio,bupleuroides,,Southern Africa,,
33269,Lasiocampidae,Bombycopsis,bipars,,Walker,Compositae,Senecio,deltoideus,,Southern Africa,,
116242,Saturniidae,Ludia,delegorguei,,Boisduval,Compositae,Senecio,deltoideus,,Southern Africa,,
2913,Arctiidae,Nyctemera,leuconoe,,Hopffer,Compositae,Senecio,madagascariensis,,Southern Africa,,
2783,Arctiidae,Metarctia,crassa,,Felder,Compositae,Senecio,pterophorus,,South Africa,,
3315,Arctiidae,Rhodogastria,similis,,Möschler,Compositae,Senecio,pterophorus,,South Africa,,
1321,Arctiidae,Diacrisia,scita,,Walker,Leguminosae (C),Senna,hirsuta,hirsuta,Southern Africa,,
45877,Lymantriidae,Euproctis,fasciata,,Walker,Leguminosae (C),Senna,hirsuta,hirsuta,Southern Africa,,
3304,Arctiidae,Rhodogastria,amasis,,Cramer,Leguminosae (C),Senna,hirsuta,hirsuta,Southern Africa,,
3360,Arctiidae,Saenura,flava,,Wallengren,Leguminosae (C),Senna,hirsuta,hirsuta,Southern Africa,,
3611,Arctiidae,Spilosoma,lutescens,,Walker,Leguminosae (C),Senna,hirsuta,hirsuta,South Africa,,
3612,Arctiidae,Spilosoma,lutescens,,Walker,Leguminosae (C),Senna,hirsuta,hirsuta,Southern Africa,,
95047,Pieridae,Catopsilia,florella,,Fabricius,Leguminosae (C),Senna,petersiana,,Southern Africa,,
96450,Pieridae,Leptosia,medusa,,Cramer,Leguminosae (C),Senna,petersiana,,Southern Africa,,
33355,Lasiocampidae,Concaedes,carinata,,Wallengren,Leguminosae (P),Sesbania,,,Southern Africa,,
86101,Nymphalidae,Melanitis,leda,,Linnaeus,Gramineae,Setaria,cris-ardeae,,Southern Africa,,
54891,Noctuidae,Anomis,erosa,,Hübner,Malvaceae,Sida,rhombifolia,,Southern Africa,,
51576,Noctuidae,Achaea,lienardi,,Boisduval,Sapotaceae,Sideroxylon,,,Southern Africa,,
3395,Arctiidae,Siccia,caffra,,Walker,Sapotaceae,Sideroxylon,,,Southern Africa,,
45474,Lymantriidae,Dasychira,metathermes,,Hampson,Sapotaceae,Sideroxylon,inerme,,Southern Africa,,
46395,Lymantriidae,Laelia,batoides,whitei,Druce,Smilacaceae,Smilax,,,Southern Africa,,
3364,Arctiidae,Saenura,flava,,Wallengren,Smilacaceae,Smilax,,,Southern Africa,,
45301,Lymantriidae,Dasychira,batoides,,Plötz,Smilacaceae,Smilax,anceps,,Southern Africa,,
1322,Arctiidae,Diacrisia,scita,,Walker,Smilacaceae,Smilax,anceps,,Southern Africa,,
62448,Noctuidae,Heliophisma,klugii,,Boisduval,Smilacaceae,Smilax,anceps,,Southern Africa,,
78071,Nymphalidae,Acraea,acerata,,Hewitson,Solanaceae,Solanum,,,Southern Africa,,
56147,Noctuidae,Autoba,olivacea,,Walker,Solanaceae,Solanum,,,Southern Africa,on leaves,
15435,Geometridae,Coenina,poecilaria,,Herrich-Schäffer,Solanaceae,Solanum,,,Southern Africa,on leaves,
109114,Pyralidae,Sceliodes,laisalis,,Walker,Solanaceae,Solanum,,,Southern Africa,on fruits,
3660,Arctiidae,Spilosoma,lutescens,screabilis,Wallengren,Solanaceae,Solanum,,,Southern Africa,,
58720,Noctuidae,Crionica,diversipennis,,Gaede,Solanaceae,Solanum,coccineum,,South Africa,,
11219,Gelechiidae,Frumenta,nephelomicta,,Meyrick,Solanaceae,Solanum,elaeagnifolium,,South Africa,,
72988,Noctuidae,Tracheplexia,amaranta,,Felder & Rogenh.,Solanaceae,Solanum,giganteum,,Southern Africa,,
30572,Hesperiidae,Coeliades,forestan,,Stoll,Solanaceae,Solanum,mauritianum,,Southern Africa,,
104453,Pyralidae,Euzophera,villora,,Felder & Rogenh.,Solanaceae,Solanum,melongena,,Southern Africa,,
56070,Noctuidae,Autoba,admota,,Felder & Rogenh.,Solanaceae,Solanum,rigescens,,South Africa,,
3614,Arctiidae,Spilosoma,lutescens,,Walker,Solanaceae,Solanum,seaforthianum,,South Africa,,
3615,Arctiidae,Spilosoma,lutescens,,Walker,Solanaceae,Solanum,seaforthianum,,Southern Africa,,
120163,Sphingidae,Coelonia,fulvinotata,,Butler,Solanaceae,Solanum,sodomaeum,,Southern Africa,,
75550,Nolidae,Selepa,docilis,,Butler,Solanaceae,Solanum,sodomaeum,,Southern Africa,,
51359,Noctuidae,Achaea,finita,,Guenée,Solanaceae,Solanum,tuberosum,,Southern Africa,on foliage,
119371,Sphingidae,Acherontia,atropos,,Linnaeus,Solanaceae,Solanum,tuberosum,,Southern Africa,,
53227,Noctuidae,Agrapha,limbirena,,Guenée,Solanaceae,Solanum,tuberosum,,Southern Africa,,
53980,Noctuidae,Agrotis,subalba,,Walker,Solanaceae,Solanum,tuberosum,,South Africa,,
55737,Noctuidae,Ariathisa,abyssinia,,Guenée,Solanaceae,Solanum,tuberosum,,Southern Africa,on leaves,
58078,Noctuidae,Chrysodeixis,acuta,,Walker,Solanaceae,Solanum,tuberosum,,Southern Africa,,
104456,Pyralidae,Euzophera,villora,,Felder & Rogenh.,Solanaceae,Solanum,tuberosum,,South Africa,,
65598,Noctuidae,Mentaxya,albifrons,,Geyer,Solanaceae,Solanum,tuberosum,,Southern Africa,,
65601,Noctuidae,Mentaxya,ignicollis,,Walker,Solanaceae,Solanum,tuberosum,,Southern Africa,,
12191,Gelechiidae,Phthorimaea,operculella,,Zeller,Solanaceae,Solanum,tuberosum,,Southern Africa,in tubers,
70987,Noctuidae,Spodoptera,exempta,,Walker,Solanaceae,Solanum,tuberosum,,Southern Africa,,
71191,Noctuidae,Spodoptera,exigua,,Hübner,Solanaceae,Solanum,tuberosum,,Southern Africa,,
71550,Noctuidae,Spodoptera,littoralis,,Boisduval,Solanaceae,Solanum,tuberosum,,Southern Africa,,
72534,Noctuidae,Syngrapha,circumflexa,,Linnaeus,Solanaceae,Solanum,tuberosum,,Southern Africa,on leaves,
25208,Geometridae,Zeuctoboarmia,simplex,,Prout,Solanaceae,Solanum,tuberosum,,Southern Africa,on leaves,
84917,Nymphalidae,Junonia,archesia,,Cramer,Labiatae,Solenostemon,,,Southern Africa,,
84949,Nymphalidae,Junonia,ceryne,,Boisduval,Labiatae,Solenostemon,,,Southern Africa,,
34848,Lasiocampidae,Philotherma,rosa,,Druce,Compositae,Sonchus,,,Southern Africa,,
99996,Pyralidae,Achyra,massalis,,Walker,Gramineae,Sorghum,,,Southern Africa,,
56934,Noctuidae,Busseola,fusca,,Fuller,Gramineae,Sorghum,,,Southern Africa,,
80212,Nymphalidae,Charaxes,bohemani,,Felder & Felder,Gramineae,Sorghum,,,Southern Africa,,
103029,Pyralidae,Dichocrocis,polystidzalis,,Hampson,Gramineae,Sorghum,,,Southern Africa,,
70215,Noctuidae,Sesamia,calamistis,,Hampson,Gramineae,Sorghum,,,Southern Africa,,
12593,Gelechiidae,Sitotroga,cerealella,,Olivier,Gramineae,Sorghum,,,Southern Africa,,
80309,Nymphalidae,Charaxes,castor,,Cramer,Gramineae,Sorghum,bicolor,bicolor,Southern Africa,,
80774,Nymphalidae,Charaxes,pollux,,Cramer,Anacardiaceae,Sorindeia,,,Southern Africa,,
110127,Pyralidae,Uresiphita,polygonalis,,Denis & Schiff.,Leguminosae (P),Spartium,,,Southern Africa,,
121505,Sphingidae,Macropoliana,oheffernani,,Gess,Bignoniaceae,Spathodea,nilotica,,South Africa,,
119858,Sphingidae,Basiothia,medea,,Fabricius,Rubiaceae,Spermacoce,natalensis,,Southern Africa,,
92207,Papilionidae,Graphium,angolanus,,Goeze,Malpighiaceae,Sphedamnocarpus,pruriens,,Southern Africa,,
71199,Noctuidae,Spodoptera,exigua,,Hübner,Chenopodiaceae,Spinacia,oleracea,,Southern Africa,,
71553,Noctuidae,Spodoptera,littoralis,,Boisduval,Chenopodiaceae,Spinacia,oleracea,,Southern Africa,,
82264,Nymphalidae,Dira,clytus,,Linnaeus,Gramineae,Stenotaphrum,secundatum,,Southern Africa,,
66803,Noctuidae,Oraesia,emarginata,,Fabricius,Menispermaceae,Stephania,discolor,,Southern Africa,,
74632,Nolidae,Characoma,nigricollaris,,Hampson,Sterculiaceae,Sterculia,rogersii,,South Africa,,
82265,Nymphalidae,Dira,clytus,,Linnaeus,Gramineae,Stipa,dregeana,,Southern Africa,,
31640,Hesperiidae,Moltena,fiara,,Butler,Strelitziaceae,Strelitzia,alba,,Southern Africa,,
25827,Gracillariidae,Amblyptila,strophanthina,,Vári,Apocynaceae,Strophanthus,,,South Africa,in leaves,
101239,Pyralidae,Cadra,cautella,,Walker,Apocynaceae,Strophanthus,,,Southern Africa,on seeds,
106494,Pyralidae,Mussidia,nigrivenella,,Ragonot,Loganiaceae,Strychnos,,,Southern Africa,,
9418,Eupterotidae,Stenoglene,obtusus,,Walker,Loganiaceae,Strychnos,,,Southern Africa,,
119831,Sphingidae,Atemnora,westermanni,,Boisduval,Loganiaceae,Strychnos,henningsii,,Southern Africa,,
121419,Sphingidae,Leucostrophus,alterhirundo,,d'Abrera,Loganiaceae,Strychnos,henningsii,,Southern Africa,,
122820,Sphingidae,Temnora,inornatum,,Rothschild,Loganiaceae,Strychnos,henningsii,,Southern Africa,,
122840,Sphingidae,Temnora,zantus,,Herrich-Schäffer,Loganiaceae,Strychnos,henningsii,,Southern Africa,,
9398,Eupterotidae,Phasicnecus,obtusus,,Walker,Loganiaceae,Strychnos,madagascariensis,,Southern Africa,,
58079,Noctuidae,Chrysodeixis,acuta,,Walker,Labiatae,Syncolostemon,densiflorus,,Southern Africa,,
73005,Noctuidae,Trichoplusia,arachnoides,,Distant,Labiatae,Syncolostemon,densiflorus,,Southern Africa,,
73324,Noctuidae,Trichoplusia,vittata,,Wallengren,Labiatae,Syncolostemon,densiflorus,,Southern Africa,,
25722,Gracillariidae,Acrocercops,syzygiena,,Vári,Myrtaceae,Syzygium,cordatum,,South Africa,in leaves,
2497,Arctiidae,Leucaloa,eugraphica,,Walker,Compositae,Tagetes,,,Southern Africa,,
3306,Arctiidae,Rhodogastria,amasis,,Cramer,Compositae,Tagetes,,,Southern Africa,,
3366,Arctiidae,Saenura,flava,,Wallengren,Compositae,Tagetes,,,Southern Africa,,
3373,Arctiidae,Saenura,lineata,,Walker,Compositae,Tagetes,,,Southern Africa,,
4109,Arctiidae,Teracotona,submacula,,Walker,Compositae,Tagetes,,,Southern Africa,,
1323,Arctiidae,Diacrisia,scita,,Walker,Compositae,Tagetes,erecta,,Southern Africa,,
2499,Arctiidae,Leucaloa,eugraphica,,Walker,Compositae,Tagetes,erecta,,Southern Africa,,
3307,Arctiidae,Rhodogastria,amasis,,Cramer,Compositae,Tagetes,erecta,,Southern Africa,,
3368,Arctiidae,Saenura,flava,,Wallengren,Compositae,Tagetes,erecta,,Southern Africa,,
3543,Arctiidae,Spilosoma,lineata,,Walker,Compositae,Tagetes,erecta,,Southern Africa,,
4110,Arctiidae,Teracotona,submacula,,Walker,Compositae,Tagetes,erecta,,Southern Africa,,
51293,Noctuidae,Achaea,catella,,Guenée,Leguminosae (C),Tamarindus,,,Southern Africa,,
80740,Nymphalidae,Charaxes,phaeus,,Hewitson,Leguminosae (C),Tamarindus,indica,,Southern Africa,,
58835,Noctuidae,Cryptomeria,mabillei,,Saalmüller,Loranthaceae,Tapinanthus,kraussianus,,Southern Africa,,
41445,Lycaenidae,Iolaus,sidus,,Trimen,Loranthaceae,Tapinanthus,kraussianus,,Southern Africa,,
96518,Pieridae,Mylothris,trimenia,,Butler,Loranthaceae,Tapinanthus,kraussianus,,Southern Africa,,
22869,Geometridae,Platypepla,spurcata,,Warren,Loranthaceae,Tapinanthus,kraussianus,,Southern Africa,,
41446,Lycaenidae,Iolaus,sidus,,Trimen,Loranthaceae,Tapinanthus,terminaliae,,Southern Africa,,
96483,Pieridae,Mylothris,agathina,,Cramer,Loranthaceae,Tapinanthus,terminaliae,,Southern Africa,,
34678,Lasiocampidae,Ocinaropsis,obscura,,Aurivillius,Loranthaceae,Tapinanthus,terminaliae,,Southern Africa,,
56908,Noctuidae,Brithysana,speyeri,,Felder & Rogenh.,Compositae,Taraxacum,,,Southern Africa,,
92805,Papilionidae,Papilio,dardanus,,Brown,Rutaceae,Teclea,natalensis,,Southern Africa,,
92869,Papilionidae,Papilio,demodocus,,Esper,Rutaceae,Teclea,natalensis,,Southern Africa,,
93559,Papilionidae,Papilio,nireus,,Linnaeus,Rutaceae,Teclea,natalensis,,Southern Africa,,
92809,Papilionidae,Papilio,dardanus,,Brown,Rutaceae,Teclea,swynnertonii,,Southern Africa,,
92871,Papilionidae,Papilio,demodocus,,Esper,Rutaceae,Teclea,swynnertonii,,Southern Africa,,
93560,Papilionidae,Papilio,nireus,,Linnaeus,Rutaceae,Teclea,swynnertonii,,Southern Africa,,
3308,Arctiidae,Rhodogastria,amasis,,Cramer,Bignoniaceae,Tecoma,,,Southern Africa,,
3661,Arctiidae,Spilosoma,lutescens,screabilis,Wallengren,Bignoniaceae,Tecoma,,,Southern Africa,,
9421,Eupterotidae,Striphnopteryx,edulis,,Boisduval,Bignoniaceae,Tecoma,,,Southern Africa,,
119375,Sphingidae,Acherontia,atropos,,Linnaeus,Bignoniaceae,Tecoma,capensis,,Southern Africa,,
120172,Sphingidae,Coelonia,fulvinotata,,Butler,Bignoniaceae,Tecoma,capensis,,Southern Africa,,
50071,Nepticulidae,Ectoedemia,tecomariae,,Vári,Bignoniaceae,Tecoma,capensis,,South Africa,on leaves,
121878,Sphingidae,Oligographa,juniperi,,Boisduval,Bignoniaceae,Tecoma,capensis,,Southern Africa,,
9422,Eupterotidae,Striphnopteryx,edulis,,Boisduval,Bignoniaceae,Tecoma,capensis,,Southern Africa,,
65918,Noctuidae,Mocis,mayeri,,Boisduval,Leguminosae (P),Tephrosia,,,Southern Africa,,
3371,Arctiidae,Saenura,flava,,Wallengren,Leguminosae (P),Tephrosia,,,Southern Africa,,
1324,Arctiidae,Diacrisia,scita,,Walker,Leguminosae (P),Tephrosia,elongata,,Southern Africa,,
75690,Notodontidae,Antheua,dimorpha,,Janse,Leguminosae (P),Tephrosia,macropoda,,Southern Africa,,
27239,Gracillariidae,Liocrobyla,tephrosiae,,Vári,Leguminosae (P),Tephrosia,polystachya,,South Africa,in leaves,
29140,Gracillariidae,Porphyrosela,teramni,,Vári,Leguminosae (P),Teramnus,,,South Africa,,
29142,Gracillariidae,Porphyrosela,teramni,,Vári,Leguminosae (P),Teramnus,labialis,,South Africa,in leaves,
75641,Notodontidae,Afroplitis,dasychirina,,Gaede,Combretaceae,Terminalia,,,Southern Africa,,
75662,Notodontidae,Amyops,ingens,,Karsch,Combretaceae,Terminalia,,,Southern Africa,,
123179,Thyrididae,Cecidothyris,pexa,,Hampson,Combretaceae,Terminalia,,,Southern Africa,in galls,
138914,Uraniidae,Chrysiridia,croesus,,Gerstaecker,Combretaceae,Terminalia,,,Southern Africa,on leaves,
33379,Lasiocampidae,Cymatopacha,obscura,,Aurivillius,Combretaceae,Terminalia,,,Southern Africa,,
76511,Notodontidae,Galona,serena,,Karsch,Combretaceae,Terminalia,,,Southern Africa,,
33737,Lasiocampidae,Laeliopsis,punctuligera,,Aurivillius,Combretaceae,Terminalia,,,Southern Africa,,
77585,Notodontidae,Rhenea,mediata,,Walker,Combretaceae,Terminalia,,,Southern Africa,,
35609,Lasiocampidae,Trichopisthia,igneotincta,,Aurivillius,Combretaceae,Terminalia,,,Southern Africa,,
123177,Thyrididae,Cecidothyris,pexa,,Hampson,Combretaceae,Terminalia,sericea,,South Africa,,
83975,Nymphalidae,Hamanumida,daedalus,,Fabricius,Combretaceae,Terminalia,sericea,,Southern Africa,,
121,Agonoxenidae,Microcolona,pantomima,,Meyrick,Combretaceae,Terminalia,sericea,,South Africa,,
25743,Gracillariidae,Acrocercops,terminalina,,Vári,Combretaceae,Terminalia,silowensis,,South Africa,in leaves,
83976,Nymphalidae,Hamanumida,daedalus,,Fabricius,Combretaceae,Terminalia,silowensis,,Southern Africa,,
56984,Noctuidae,Calamia,flavirufa,,Hampson,Labiatae,Tetradenia,,,Southern Africa,,
68636,Noctuidae,Plusia,obtusisigna,,Walker,Labiatae,Tetradenia,riparia,,Southern Africa,,
71202,Noctuidae,Spodoptera,exigua,,Hübner,Aizoaceae,Tetragonia,,,Southern Africa,,
88298,Nymphalidae,Pseudonympha,hippia,,Cramer,Restionaceae,Thamnochortus,erectus,,Southern Africa,,
7506,Cossidae,Eulophonotus,myrmeleon,,Felder,Sterculiaceae,Theobroma,cacao,,Southern Africa,in stems,
106497,Pyralidae,Mussidia,nigrivenella,,Ragonot,Sterculiaceae,Theobroma,cacao,,Southern Africa,,
56684,Noctuidae,Baniana,arvorum,,Guenée,Malvaceae,Thespesia,,,South Africa,,
104534,Pyralidae,Filodes,productalis,,Hampson,Acanthaceae,Thunbergia,,,Southern Africa,,
69638,Noctuidae,Rhanidophora,cinctigutta,,Walker,Acanthaceae,Thunbergia,,,South Africa,,
69639,Noctuidae,Rhanidophora,cinctigutta,,Walker,Acanthaceae,Thunbergia,,,Southern Africa,,
69649,Noctuidae,Rhanidophora,phedonia,,Stoll,Acanthaceae,Thunbergia,alata,,Southern Africa,,
69642,Noctuidae,Rhanidophora,cinctigutta,,Walker,Acanthaceae,Thunbergia,lancifolia,,Southern Africa,,
69643,Noctuidae,Rhanidophora,cinctigutta,,Walker,Acanthaceae,Thunbergia,pondoensis,,Southern Africa,,
69650,Noctuidae,Rhanidophora,phedonia,,Stoll,Acanthaceae,Thunbergia,pondoensis,,Southern Africa,,
60269,Noctuidae,Eudocima,materna,,Linnaeus,Menispermaceae,Tinospora,caffra,,Southern Africa,,
92814,Papilionidae,Papilio,dardanus,,Brown,Rutaceae,Toddalia,asiatica,,Southern Africa,,
92875,Papilionidae,Papilio,demodocus,,Esper,Rutaceae,Toddalia,asiatica,,Southern Africa,,
93564,Papilionidae,Papilio,nireus,,Linnaeus,Rutaceae,Toddalia,asiatica,,Southern Africa,,
80312,Nymphalidae,Charaxes,castor,,Cramer,Euphorbiaceae,Tragia,,,Southern Africa,,
80314,Nymphalidae,Charaxes,castor,,Cramer,Euphorbiaceae,Tragia,benthamii,,Southern Africa,,
79882,Nymphalidae,Byblia,alithyia,,Drury,Euphorbiaceae,Tragia,durbanensis,,Southern Africa,,
79889,Nymphalidae,Byblia,anvatara,,Boisduval,Euphorbiaceae,Tragia,durbanensis,,Southern Africa,,
79894,Nymphalidae,Byblia,ilithyia,,Drury,Euphorbiaceae,Tragia,durbanensis,,Southern Africa,,
83674,Nymphalidae,Eurytela,dryope,,Cramer,Euphorbiaceae,Tragia,durbanensis,,Southern Africa,,
83688,Nymphalidae,Eurytela,hiarbas,,Drury,Euphorbiaceae,Tragia,durbanensis,,Southern Africa,,
69574,Noctuidae,Radara,subcupralis,,Walker,Euphorbiaceae,Tragia,durbanensis,,Southern Africa,,
75638,Notodontidae,Acrasiella,curvilinea,,Swinhoe,Ulmaceae,Trema,,,Southern Africa,,
977,Arctiidae,Automolis,meteus,,Stoll,Ulmaceae,Trema,,,Southern Africa,,
45394,Lymantriidae,Dasychira,georgiana,,Fawcett,Ulmaceae,Trema,,,Southern Africa,,
34850,Lasiocampidae,Philotherma,rosa,,Druce,Ulmaceae,Trema,,,Southern Africa,,
75639,Notodontidae,Acrasiella,curvilinea,,Swinhoe,Ulmaceae,Trema,bracteolata,,Southern Africa,,
54893,Noctuidae,Anomis,erosa,,Hübner,Ulmaceae,Trema,bracteolata,,Southern Africa,,
80382,Nymphalidae,Charaxes,cithaeron,,Felder & Felder,Ulmaceae,Trema,bracteolata,,Southern Africa,,
58081,Noctuidae,Chrysodeixis,acuta,,Walker,Ulmaceae,Trema,bracteolata,,Southern Africa,,
45395,Lymantriidae,Dasychira,georgiana,,Fawcett,Ulmaceae,Trema,bracteolata,,Southern Africa,,
45711,Lymantriidae,Euproctis,aethiopica,,Snellen,Ulmaceae,Trema,bracteolata,,Southern Africa,,
114045,Saturniidae,Gonimbrasia,belina,,Westwood,Ulmaceae,Trema,bracteolata,,Southern Africa,,
116037,Saturniidae,Imbrasia,tyrrhena,,Westwood,Ulmaceae,Trema,bracteolata,,Southern Africa,,
116069,Saturniidae,Imbrasia,wahlbergii,,Boisduval,Ulmaceae,Trema,bracteolata,,South Africa,,
116070,Saturniidae,Imbrasia,wahlbergii,,Boisduval,Ulmaceae,Trema,bracteolata,,Southern Africa,,
2784,Arctiidae,Metarctia,crassa,,Felder,Ulmaceae,Trema,bracteolata,,South Africa,,
2785,Arctiidae,Metarctia,crassa,,Felder,Ulmaceae,Trema,bracteolata,,Southern Africa,,
34851,Lasiocampidae,Philotherma,rosa,,Druce,Ulmaceae,Trema,bracteolata,,Southern Africa,,
68681,Noctuidae,Plusiopalpa,adrasta,,Felder & Rogenh.,Ulmaceae,Trema,bracteolata,,Southern Africa,,
122254,Sphingidae,Pseudoclanis,postica,,Walker,Ulmaceae,Trema,bracteolata,,Southern Africa,,
29239,Gracillariidae,Stomphastis,tremina,,Vári,Ulmaceae,Trema,orientalis,,South Africa,in leaves,
88723,Nymphalidae,Stygionympha,dicksoni,,Riley,Gramineae,Tribolium,ciliare,,Southern Africa,,
68916,Noctuidae,Prodotis,stolida,,Fabricius,Zygophyllaceae,Tribulus,,,Southern Africa,,
7503,Cossidae,Eulophonotus,myrmeleon,,Felder,Meliaceae,Trichilia,,,Southern Africa,,
35066,Lasiocampidae,Streblote,aculeata,,Walker,Meliaceae,Trichilia,dregeana,,Southern Africa,,
101241,Pyralidae,Cadra,cautella,,Walker,Meliaceae,Trichilia,emetica,,Southern Africa,on seeds,
80251,Nymphalidae,Charaxes,brutus,,Cramer,Meliaceae,Trichilia,emetica,,Southern Africa,,
7504,Cossidae,Eulophonotus,myrmeleon,,Felder,Meliaceae,Trichilia,emetica,,Southern Africa,,
116552,Saturniidae,Pselaphelia,dentifera,,Maassen & Weyd.,Meliaceae,Trichilia,emetica,,Southern Africa,,
35139,Lasiocampidae,Streblote,distinguenda,,Aurivillius,Meliaceae,Trichilia,emetica,,Southern Africa,,
4233,Arctiidae,Utetheisa,pulchella,,Linnaeus,Boraginaceae,Trichodesma,,,Southern Africa,,
78147,Nymphalidae,Acraea,asema,,Hewitson,Turneraceae,Tricliceras,longepeduculatum,,Southern Africa,,
78179,Nymphalidae,Acraea,caldarena,,Hewitson,Turneraceae,Tricliceras,longepeduculatum,,Southern Africa,,
78331,Nymphalidae,Acraea,natalica,,Boisduval,Turneraceae,Tricliceras,longepeduculatum,,Southern Africa,,
78350,Nymphalidae,Acraea,nohara,,Boisduval,Turneraceae,Tricliceras,longepeduculatum,,Southern Africa,,
78370,Nymphalidae,Acraea,oncaea,,Hopffer,Turneraceae,Tricliceras,longepeduculatum,,Southern Africa,,
78180,Nymphalidae,Acraea,caldarena,,Hewitson,Turneraceae,Tricliceras,longepedunculatum,,Southern Africa,,
78332,Nymphalidae,Acraea,natalica,,Boisduval,Turneraceae,Tricliceras,longepedunculatum,,Southern Africa,,
78351,Nymphalidae,Acraea,nohara,,Boisduval,Turneraceae,Tricliceras,longepedunculatum,,Southern Africa,,
78371,Nymphalidae,Acraea,oncaea,,Hopffer,Turneraceae,Tricliceras,longepedunculatum,,Southern Africa,,
77480,Notodontidae,Pseudorethona,albicans,,Walker,Flacourtiaceae,Trimeria,,,Southern Africa,,
75950,Notodontidae,Clostera,lentisignata,,Hampson,Flacourtiaceae,Trimeria,grandifolia,,Southern Africa,,
87627,Nymphalidae,Phalanta,phalantha,,Drury,Flacourtiaceae,Trimeria,grandifolia,,Southern Africa,,
7548,Cossidae,Phragmataecia,albicans,,Walker,Flacourtiaceae,Trimeria,grandifolia,,Southern Africa,,
49721,Metarbelidae,Teragra,guttifera,,Hampson,Flacourtiaceae,Trimeria,grandifolia,,Southern Africa,,
54568,Noctuidae,Amyna,punctum,,Fabricius,Gramineae,Triticum,aestivum,,Southern Africa,,
64210,Noctuidae,Leucania,loreyi,,Duponchel,Gramineae,Triticum,aestivum,,Southern Africa,,
108677,Pyralidae,Pyralis,farinalis,,Linnaeus,Gramineae,Triticum,aestivum,,Southern Africa,,
70216,Noctuidae,Sesamia,calamistis,,Hampson,Gramineae,Triticum,aestivum,,South Africa,,
70217,Noctuidae,Sesamia,calamistis,,Hampson,Gramineae,Triticum,aestivum,,Southern Africa,,
12624,Gelechiidae,Sitotroga,cerealella,,Olivier,Gramineae,Triticum,aestivum,,Southern Africa,on stored grain,
72329,Noctuidae,Spodoptera,triturata,,Walker,Gramineae,Triticum,aestivum,,Southern Africa,,
78233,Nymphalidae,Acraea,eponina,,Cramer,Tiliaceae,Triumfetta,annua,,Southern Africa,,
78473,Nymphalidae,Acraea,terpsichore,,Linnaeus,Tiliaceae,Triumfetta,annua,,Southern Africa,,
78235,Nymphalidae,Acraea,eponina,,Cramer,Tiliaceae,Triumfetta,pilosa,,Southern Africa,,
78236,Nymphalidae,Acraea,eponina,,Cramer,Tiliaceae,Triumfetta,pilosa,effusa,Southern Africa,,
78474,Nymphalidae,Acraea,terpsichore,,Linnaeus,Tiliaceae,Triumfetta,pilosa,,Southern Africa,,
78475,Nymphalidae,Acraea,terpsichore,,Linnaeus,Tiliaceae,Triumfetta,pilosa,effusa,Southern Africa,,
78477,Nymphalidae,Acraea,terpsichore,,Linnaeus,Tiliaceae,Triumfetta,rhomboidea,,Southern Africa,,
55111,Noctuidae,Anomis,sabulifera,,Guenée,Tiliaceae,Triumfetta,rhomboidea,,Southern Africa,,
32449,Hesperiidae,Spialia,dromus,,Plötz,Tiliaceae,Triumfetta,rhomboidea,,Southern Africa,,
78170,Nymphalidae,Acraea,cabira,,Hopffer,Tiliaceae,Triumfetta,tomentosa,,Southern Africa,,
32450,Hesperiidae,Spialia,dromus,,Plötz,Tiliaceae,Triumfetta,tomentosa,,Southern Africa,,
102305,Pyralidae,Crocidolomia,pavonana,,Fabricius,Tropaeolaceae,Tropaeolum,,,Southern Africa,,
80254,Nymphalidae,Charaxes,brutus,,Cramer,Meliaceae,Turraea,floribunda,,Southern Africa,,
116573,Saturniidae,Pseudaphelia,apollinaris,,Boisduval,Meliaceae,Turraea,floribunda,,Southern Africa,,
78850,Nymphalidae,Amauris,albimaculata,,Butler,Asclepiadaceae,Tylophora,anomala,,Southern Africa,,
78871,Nymphalidae,Amauris,echeria,,Stoll,Asclepiadaceae,Tylophora,anomala,,Southern Africa,,
78910,Nymphalidae,Amauris,ochlea,,Boisduval,Asclepiadaceae,Tylophora,anomala,,Southern Africa,,
27354,Gracillariidae,Metriochroa,tylophorae,,Vári,Asclepiadaceae,Tylophora,cordata,,South Africa,in leaves,
36501,Limacodidae,Latoia,urda,,Druce,Euphorbiaceae,Uapaca,,,Southern Africa,,
116624,Saturniidae,Pseudobunaea,epithyrena,,Maassen & Weymer,Euphorbiaceae,Uapaca,,,South Africa,,
75569,Nolidae,Selepa,transvalica,,Hampson,Euphorbiaceae,Uapaca,,,South Africa,,
75570,Nolidae,Selepa,transvalica,,Hampson,Euphorbiaceae,Uapaca,,,Southern Africa,,
37590,Limacodidae,Taeda,aetitis,,Wallengren,Euphorbiaceae,Uapaca,,,Southern Africa,,
80680,Nymphalidae,Charaxes,nichetes,,Grose-Smith,Euphorbiaceae,Uapaca,kirkiana,,Southern Africa,,
116159,Saturniidae,Lobobunaea,angasana,,Westwood,Euphorbiaceae,Uapaca,kirkiana,,Southern Africa,,
80681,Nymphalidae,Charaxes,nichetes,,Grose-Smith,Euphorbiaceae,Uapaca,nitida,,Southern Africa,,
79027,Nymphalidae,Antanartia,hippomene,,Hübner,Urticaceae,Urera,,,Southern Africa,,
78259,Nymphalidae,Acraea,esebria,,Hewitson,Urticaceae,Urera,acuminata,cameroonensis,Southern Africa,,
78270,Nymphalidae,Acraea,igola,,Trimen,Urticaceae,Urera,acuminata,cameroonensis,Southern Africa,,
58221,Noctuidae,Chrysodeixis,chalcites,,Esper,Urticaceae,Urtica,,,Southern Africa,,
92228,Papilionidae,Graphium,antheus,,Cramer,Annonaceae,Uvaria,caffra,,Southern Africa,,
92345,Papilionidae,Graphium,morania,,Angas,Annonaceae,Uvaria,caffra,,Southern Africa,,
92369,Papilionidae,Graphium,policenes,,Cramer,Annonaceae,Uvaria,caffra,,Southern Africa,,
21694,Geometridae,Omphax,plantaria,,Guenée,Rubiaceae,Vangueria,,,Southern Africa,,
119965,Sphingidae,Cephonodes,hylas,,Wallengren,Rubiaceae,Vangueria,infausta,,Southern Africa,,
19153,Geometridae,Heterorachis,devocata,,Walker,Rubiaceae,Vangueria,infausta,,Southern Africa,,
21695,Geometridae,Omphax,plantaria,,Guenée,Rubiaceae,Vangueria,infausta,,Southern Africa,,
22447,Geometridae,Petovia,marginata,,Walker,Rubiaceae,Vangueria,infausta,,Southern Africa,,
22449,Geometridae,Petovia,marginata,,Walker,Rubiaceae,Vangueriopsis,,,Southern Africa,,
93006,Papilionidae,Papilio,echerioides,,Trimen,Rutaceae,Vepris,undulata,,Southern Africa,,
93567,Papilionidae,Papilio,nireus,,Linnaeus,Rutaceae,Vepris,undulata,,Southern Africa,,
53229,Noctuidae,Agrapha,limbirena,,Guenée,Scrophulariaceae,Verbascum,,,Southern Africa,,
71556,Noctuidae,Spodoptera,littoralis,,Boisduval,Verbenaceae,Verbena,,,Southern Africa,,
119860,Sphingidae,Basiothia,schenki,,Möschler,Compositae,Vernonia,,,Southern Africa,,
2994,Arctiidae,Paralpenus,strigulosa,,Hampson,Compositae,Vernonia,gerrardii,,Southern Africa,,
3458,Arctiidae,Spilosoma,dissimilis,,Distant,Compositae,Vernonia,gerrardii,,Southern Africa,,
58867,Noctuidae,Cucullia,argentivitta,,Hampson,Scrophulariaceae,Veronica,,,South Africa,,
73325,Noctuidae,Trichoplusia,vittata,,Wallengren,Scrophulariaceae,Veronica,,,South Africa,,
66751,Noctuidae,Ophiusa,tirhaca,,Cramer,Caprifoliaceae,Viburnum,,,Southern Africa,,
25429,Gracillariidae,Acrocercops,dolichophila,,Vári,Leguminosae (P),Vigna,,,South Africa,in leaves,
56001,Noctuidae,Athetis,singula,,Möschler,Leguminosae (P),Vigna,,,Southern Africa,,
56909,Noctuidae,Brithysana,speyeri,,Felder & Rogenh.,Leguminosae (P),Vigna,,,South Africa,,
56910,Noctuidae,Brithysana,speyeri,,Felder & Rogenh.,Leguminosae (P),Vigna,,,Southern Africa,,
29141,Gracillariidae,Porphyrosela,teramni,,Vári,Leguminosae (P),Vigna,,,South Africa,,
3620,Arctiidae,Spilosoma,lutescens,,Walker,Leguminosae (P),Vigna,,,South Africa,,
71557,Noctuidae,Spodoptera,littoralis,,Boisduval,Leguminosae (P),Vigna,,,Southern Africa,,
29143,Gracillariidae,Porphyrosela,teramni,,Vári,Leguminosae (P),Vigna,luteola ?,,South Africa,in leaves,
25826,Gracillariidae,Amblyptila,cynanchi,,Vári,Asclepiadaceae,Vincetoxicum,obtusifolium,,South Africa,in leaves,
84829,Nymphalidae,Issoria,smaragdifera,,Butler,Violaceae,Viola,abyssinica,,Southern Africa,,
29769,Hepialidae,Leto,venus,,Cramer,Leguminosae (P),Virgilia,,,Southern Africa,,
50072,Nepticulidae,Ectoedemia,thermae,,Scoble,Verbenaceae,Vitex,wilmsii,,South Africa,on leaves,
7397,Cossidae,Coryphodema,tristis,,Drury,Vitaceae,Vitis,,,South Africa,,
62771,Noctuidae,Heraclia,butleri,,Walker,Vitaceae,Vitis,,,Southern Africa,,
62781,Noctuidae,Heraclia,superba,,Butler,Vitaceae,Vitis,,,South Africa,,
62782,Noctuidae,Heraclia,superba,,Butler,Vitaceae,Vitis,,,Southern Africa,,
99905,Pterophoridae,Trichoptilus,wahlbergi,,Zeller,Vitaceae,Vitis,,,South Africa,on,
53948,Noctuidae,Agrotis,segetum,,Denis & Schiff.,Vitaceae,Vitis,vinifera,,Southern Africa,,
120598,Sphingidae,Euchloron,megaera,,Linnaeus,Vitaceae,Vitis,vinifera,,Southern Africa,,
62773,Noctuidae,Heraclia,butleri,,Walker,Vitaceae,Vitis,vinifera,,Southern Africa,,
62783,Noctuidae,Heraclia,superba,,Butler,Vitaceae,Vitis,vinifera,,Southern Africa,,
120935,Sphingidae,Hippotion,celerio,,Linnaeus,Vitaceae,Vitis,vinifera,,Southern Africa,,
120980,Sphingidae,Hippotion,eson,,Cramer,Vitaceae,Vitis,vinifera,,Southern Africa,,
121001,Sphingidae,Hippotion,osiris,,Dalman,Vitaceae,Vitis,vinifera,,Southern Africa,,
34853,Lasiocampidae,Philotherma,rosa,,Druce,Vitaceae,Vitis,vinifera,,Southern Africa,,Y
122870,Sphingidae,Theretra,capensis,,Linnaeus,Vitaceae,Vitis,vinifera,,Southern Africa,,
120272,Sphingidae,Daphnis,nerii,,Linnaeus,Apocynaceae,Voacanga,thouarsii,,Southern Africa,,
9408,Eupterotidae,Phiala,patagiata,,Aurivillius,Scrophulariaceae,Walafrida,saxatilis,,South Africa,,
59991,Noctuidae,Eublemma,anachoresis,,Wallengren,Sterculiaceae,Waltheria,,,South Africa,,
34576,Lasiocampidae,Mesocelis,montana,,Stoll,Iridaceae,Watsonia,,,Southern Africa,,
129922,Tortricidae,Coccothera,spissana,,Zeller,Insecta,Waxiella (Z),mimosae,,South Africa,,
80105,Nymphalidae,Charaxes,achaemenes,,Felder & Felder,Leguminosae (P),Xanthocercis,zambesiaca,,Southern Africa,,
62808,Noctuidae,Hespagarista,echione,,Boisduval,Araceae,Xanthosoma,,,Southern Africa,,
80214,Nymphalidae,Charaxes,bohemani,,Felder & Felder,Leguminosae (P),Xeroderris,stuhlmanni,,Southern Africa,,
78374,Nymphalidae,Acraea,oncaea,,Hopffer,Flacourtiaceae,Xylotheca,kraussiana,,Southern Africa,,
78399,Nymphalidae,Acraea,petraea,,Boisduval,Flacourtiaceae,Xylotheca,kraussiana,,Southern Africa,,
78401,Nymphalidae,Acraea,petraea,,Doubleday,Flacourtiaceae,Xylotheca,kraussiana,,Southern Africa,,
120982,Sphingidae,Hippotion,eson,,Cramer,Araceae,Zantedeschia,aethiopica,,Southern Africa,,
121002,Sphingidae,Hippotion,osiris,,Dalman,Araceae,Zantedeschia,aethiopica,,Southern Africa,,
122863,Sphingidae,Theretra,cajus,,Cramer,Araceae,Zantedeschia,albomaculata,,Southern Africa,,
50385,Nepticulidae,Stigmella,fagarivora,,Vári,Rutaceae,Zanthoxylum,magalismontana,,South Africa,on leaves,
56939,Noctuidae,Busseola,fusca,,Fuller,Gramineae,Zea,mays,,Southern Africa,in stems,
101479,Pyralidae,Chilo,orichalcociliella,,Strand,Gramineae,Zea,mays,,Southern Africa,in stems,
15363,Geometridae,Cleora,nigrisparsalis,,Janse,Gramineae,Zea,mays,,Southern Africa,on silks,
101836,Pyralidae,Cnaphalocrocis,trapezalis,,Guenée,Gramineae,Zea,mays,,Southern Africa,in leaves,
62015,Noctuidae,Helicoverpa,armigera,,Hübner,Gramineae,Zea,mays,,Southern Africa,,
62035,Noctuidae,Helicoverpa,armigera,,Hübner,Gramineae,Zea,mays,,Southern Africa,on ears,
64217,Noctuidae,Leucania,loreyi,,Duponchel,Gramineae,Zea,mays,,Southern Africa,,
64255,Noctuidae,Leucania,phaea,,Hampson,Gramineae,Zea,mays,,South Africa,,
47999,Lymantriidae,Orgyia,mixta,,Snellen,Gramineae,Zea,mays,,Southern Africa,,
77373,Notodontidae,Phalera,lydenburgi,,Distant,Gramineae,Zea,mays,,Southern Africa,,
108679,Pyralidae,Pyralis,farinalis,,Linnaeus,Gramineae,Zea,mays,,Southern Africa,,
70222,Noctuidae,Sesamia,calamistis,,Hampson,Gramineae,Zea,mays,,Southern Africa,,
3663,Arctiidae,Spilosoma,lutescens,screabilis,Wallengren,Gramineae,Zea,mays,,Southern Africa,,
70997,Noctuidae,Spodoptera,exempta,,Walker,Gramineae,Zea,mays,,Southern Africa,,
71217,Noctuidae,Spodoptera,exigua,,Hübner,Gramineae,Zea,mays,,Southern Africa,,
71562,Noctuidae,Spodoptera,littoralis,,Boisduval,Gramineae,Zea,mays,,Southern Africa,,
73498,Noctuidae,Vietteania,torrentium,,Guenée,Gramineae,Zea,mays,,Southern Africa,,
14026,Geometridae,Ascotis,reciprocaria,,Walker,Rhamnaceae,Ziziphus,,,Southern Africa,,
17093,Geometridae,Erastria,madecassaria,,Boisduval,Rhamnaceae,Ziziphus,,,Southern Africa,,
33686,Lasiocampidae,Haplopacha,cinerea,,Aurivillius,Rhamnaceae,Ziziphus,,,Southern Africa,,
113917,Saturniidae,Epiphora,bauhiniae,,Guérin-Méneville,Rhamnaceae,Ziziphus,mucronata,,Southern Africa,,
113934,Saturniidae,Epiphora,mythimnia,,Westwood,Rhamnaceae,Ziziphus,mucronata,,Southern Africa,,
63455,Noctuidae,Iambia,inferalis,,Walker,Rhamnaceae,Ziziphus,mucronata,,South Africa,,
20491,Geometridae,Lhommeia,subapicata,,Warren,Rhamnaceae,Ziziphus,mucronata,,Southern Africa,,
76883,Notodontidae,Metopteryx,cinerea,,Janse,Rhamnaceae,Ziziphus,mucronata,,Southern Africa,,
72974,Noctuidae,Tolna,sypnoides,,Butler,Rhamnaceae,Ziziphus,mucronata,,Southern Africa,,
